case_id,family,pair,topology,defect_count,admitted,frontier_states,schedule_steps,witness_size,schema_only,version_negotiation,stop_the_world,naive_rolling,health_gate
pair-00-case-000,Envoy Rate Limit,descriptor-additive,chain3,0,1,27,6,0,1,1,1,1,1
pair-00-case-001,Envoy Rate Limit,descriptor-additive,chain3,1,0,0,0,1,0,0,0,1,1
pair-00-case-002,Envoy Rate Limit,descriptor-additive,chain3,1,0,9,0,1,0,0,1,1,1
pair-00-case-003,Envoy Rate Limit,descriptor-additive,chain3,1,0,0,0,1,1,1,0,1,1
pair-00-case-004,Envoy Rate Limit,descriptor-additive,chain3,1,0,0,0,1,1,1,0,1,1
pair-00-case-005,Envoy Rate Limit,descriptor-additive,chain3,1,0,9,0,1,1,0,1,1,1
pair-00-case-006,Envoy Rate Limit,descriptor-additive,chain3,1,0,0,0,1,0,0,0,1,1
pair-00-case-007,Envoy Rate Limit,descriptor-additive,chain3,1,0,9,0,1,0,0,1,1,1
pair-00-case-008,Envoy Rate Limit,descriptor-additive,chain3,1,0,9,0,1,1,1,0,1,1
pair-00-case-009,Envoy Rate Limit,descriptor-additive,chain3,1,0,0,0,1,1,1,0,1,1
pair-00-case-010,Envoy Rate Limit,descriptor-additive,chain3,1,0,0,0,1,1,1,0,1,1
pair-00-case-011,Envoy Rate Limit,descriptor-additive,chain3,1,0,9,0,1,1,0,1,1,1
pair-00-case-012,Envoy Rate Limit,descriptor-additive,chain3,1,0,0,0,1,0,0,0,1,1
pair-00-case-013,Envoy Rate Limit,descriptor-additive,chain3,1,0,9,0,1,0,0,1,1,1
pair-00-case-014,Envoy Rate Limit,descriptor-additive,chain3,1,0,9,0,1,1,1,0,1,1
pair-00-case-015,Envoy Rate Limit,descriptor-additive,chain3,1,0,0,0,1,1,1,0,1,1
pair-00-case-016,Envoy Rate Limit,descriptor-additive,chain3,1,0,0,0,1,1,1,0,1,1
pair-00-case-017,Envoy Rate Limit,descriptor-additive,chain3,1,0,9,0,1,1,0,1,1,1
pair-00-case-018,Envoy Rate Limit,descriptor-additive,chain3,1,1,21,6,0,1,0,1,1,1
pair-00-case-019,Envoy Rate Limit,descriptor-additive,chain3,1,1,21,6,0,1,0,1,1,1
pair-00-case-020,Envoy Rate Limit,descriptor-additive,chain3,1,1,21,6,0,1,0,1,1,1
pair-00-case-021,Envoy Rate Limit,descriptor-additive,chain3,1,1,21,6,0,1,0,1,1,1
pair-00-case-022,Envoy Rate Limit,descriptor-additive,chain3,2,1,15,6,0,1,0,1,1,1
pair-00-case-023,Envoy Rate Limit,descriptor-additive,chain3,3,1,11,6,0,1,0,1,1,1
pair-00-case-024,Envoy Rate Limit,descriptor-additive,chain3,2,1,15,6,0,1,0,1,1,1
pair-00-case-025,Envoy Rate Limit,descriptor-additive,chain3,2,1,15,6,0,1,0,1,1,1
pair-00-case-026,Envoy Rate Limit,descriptor-additive,chain3,2,1,15,6,0,1,0,1,1,1
pair-00-case-027,Envoy Rate Limit,descriptor-additive,chain3,3,1,11,6,0,1,0,1,1,1
pair-00-case-028,Envoy Rate Limit,descriptor-additive,chain3,3,1,11,6,0,1,0,1,1,1
pair-00-case-029,Envoy Rate Limit,descriptor-additive,chain3,2,1,17,6,0,1,0,1,1,1
pair-00-case-030,Envoy Rate Limit,descriptor-additive,chain3,4,1,7,6,0,1,0,1,1,1
pair-00-case-031,Envoy Rate Limit,descriptor-additive,chain3,2,1,17,6,0,1,0,1,1,1
pair-00-case-032,Envoy Rate Limit,descriptor-additive,chain3,3,1,11,6,0,1,0,1,1,1
pair-00-case-033,Envoy Rate Limit,descriptor-additive,chain3,4,0,0,0,1,1,0,0,1,1
pair-00-case-034,Envoy Rate Limit,descriptor-additive,chain3,4,0,0,0,1,0,0,0,1,1
pair-00-case-035,Envoy Rate Limit,descriptor-additive,chain3,4,0,0,0,1,0,0,0,1,1
pair-00-case-036,Envoy Rate Limit,descriptor-additive,chain3,3,0,0,0,1,1,0,0,1,1
pair-00-case-037,Envoy Rate Limit,descriptor-additive,chain3,4,0,0,0,1,0,0,0,1,1
pair-00-case-038,Envoy Rate Limit,descriptor-additive,chain3,3,0,0,0,1,0,0,0,1,1
pair-00-case-039,Envoy Rate Limit,descriptor-additive,chain3,4,0,0,0,1,0,0,0,1,1
pair-00-case-040,Envoy Rate Limit,descriptor-additive,chain3,4,0,1,0,1,1,0,0,1,1
pair-00-case-041,Envoy Rate Limit,descriptor-additive,chain3,4,0,0,0,1,0,0,0,1,1
pair-00-case-042,Envoy Rate Limit,descriptor-additive,chain3,4,0,0,0,1,0,0,0,1,1
pair-00-case-043,Envoy Rate Limit,descriptor-additive,chain3,4,0,0,0,1,0,0,0,1,1
pair-00-case-044,Envoy Rate Limit,descriptor-additive,chain3,4,0,2,0,1,0,0,0,1,1
pair-00-case-045,Envoy Rate Limit,descriptor-additive,chain3,4,0,0,0,1,0,0,0,1,1
pair-00-case-046,Envoy Rate Limit,descriptor-additive,chain3,4,0,0,0,1,0,0,0,1,1
pair-00-case-047,Envoy Rate Limit,descriptor-additive,chain3,4,0,0,0,1,0,0,0,1,1
pair-00-case-048,Envoy Rate Limit,descriptor-additive,chain3,4,0,0,0,1,1,0,0,1,1
pair-00-case-049,Envoy Rate Limit,descriptor-additive,chain3,4,0,0,0,1,1,0,0,1,1
pair-00-case-050,Envoy Rate Limit,descriptor-additive,chain3,4,0,0,0,1,0,0,0,1,1
pair-00-case-051,Envoy Rate Limit,descriptor-additive,chain3,4,0,0,0,1,0,0,0,1,1
pair-00-case-052,Envoy Rate Limit,descriptor-additive,chain3,4,0,0,0,1,0,0,0,1,1
pair-00-case-053,Envoy Rate Limit,descriptor-additive,chain3,4,0,3,0,1,0,0,1,1,1
pair-00-case-054,Envoy Rate Limit,descriptor-additive,chain3,4,0,0,0,1,1,0,0,1,1
pair-00-case-055,Envoy Rate Limit,descriptor-additive,chain3,3,0,0,0,1,0,0,0,1,1
pair-00-case-056,Envoy Rate Limit,descriptor-additive,chain3,3,0,0,0,1,0,0,0,1,1
pair-00-case-057,Envoy Rate Limit,descriptor-additive,chain3,4,0,0,0,1,0,0,0,1,1
pair-00-case-058,Envoy Rate Limit,descriptor-additive,chain3,3,0,3,0,1,0,0,1,1,1
pair-00-case-059,Envoy Rate Limit,descriptor-additive,chain3,4,0,0,0,1,0,0,0,1,1
pair-00-case-060,Envoy Rate Limit,descriptor-additive,chain3,4,0,0,0,1,0,0,0,1,1
pair-00-case-061,Envoy Rate Limit,descriptor-additive,chain3,4,0,0,0,1,0,0,0,1,1
pair-00-case-062,Envoy Rate Limit,descriptor-additive,chain3,4,0,0,0,1,0,0,0,1,1
pair-00-case-063,Envoy Rate Limit,descriptor-additive,chain3,3,0,0,0,1,0,0,0,1,1
pair-00-case-064,Envoy Rate Limit,descriptor-additive,chain3,4,0,0,0,1,0,0,0,1,1
pair-00-case-065,Envoy Rate Limit,descriptor-additive,chain3,3,0,0,0,1,0,0,0,1,1
pair-00-case-066,Envoy Rate Limit,descriptor-additive,chain3,4,0,1,0,1,0,0,1,1,1
pair-00-case-067,Envoy Rate Limit,descriptor-additive,chain3,4,0,0,0,1,1,0,0,1,1
pair-00-case-068,Envoy Rate Limit,descriptor-additive,chain3,4,0,0,0,1,0,0,0,1,1
pair-00-case-069,Envoy Rate Limit,descriptor-additive,chain3,4,0,0,0,1,0,0,0,1,1
pair-00-case-070,Envoy Rate Limit,descriptor-additive,chain3,3,0,0,0,1,0,0,0,1,1
pair-00-case-071,Envoy Rate Limit,descriptor-additive,chain3,3,0,9,0,1,0,0,0,1,1
pair-00-case-072,Envoy Rate Limit,descriptor-additive,chain3,4,0,0,0,1,0,0,0,1,1
pair-00-case-073,Envoy Rate Limit,descriptor-additive,chain3,4,0,3,0,1,0,0,0,1,1
pair-00-case-074,Envoy Rate Limit,descriptor-additive,chain3,4,0,0,0,1,1,0,0,1,1
pair-00-case-075,Envoy Rate Limit,descriptor-additive,chain3,4,0,0,0,1,0,0,0,1,1
pair-00-case-076,Envoy Rate Limit,descriptor-additive,chain3,4,0,0,0,1,0,0,0,1,1
pair-00-case-077,Envoy Rate Limit,descriptor-additive,chain3,3,0,0,0,1,0,0,0,1,1
pair-00-case-078,Envoy Rate Limit,descriptor-additive,chain3,4,0,0,0,1,0,0,0,1,1
pair-00-case-079,Envoy Rate Limit,descriptor-additive,chain3,4,0,0,0,1,1,0,0,1,1
pair-00-case-080,Envoy Rate Limit,descriptor-additive,chain3,4,0,0,0,1,0,0,0,1,1
pair-00-case-081,Envoy Rate Limit,descriptor-additive,chain3,4,0,0,0,1,0,0,0,1,1
pair-00-case-082,Envoy Rate Limit,descriptor-additive,chain3,3,0,0,0,1,0,0,0,1,1
pair-00-case-083,Envoy Rate Limit,descriptor-additive,chain3,4,0,0,0,1,0,0,0,1,1
pair-00-case-084,Envoy Rate Limit,descriptor-additive,chain3,4,0,0,0,1,0,0,0,1,1
pair-00-case-085,Envoy Rate Limit,descriptor-additive,chain3,4,0,0,0,1,0,0,0,1,1
pair-00-case-086,Envoy Rate Limit,descriptor-additive,chain3,4,0,3,0,1,1,0,0,1,1
pair-00-case-087,Envoy Rate Limit,descriptor-additive,chain3,4,0,0,0,1,0,0,0,1,1
pair-00-case-088,Envoy Rate Limit,descriptor-additive,chain3,4,0,0,0,1,1,0,0,1,1
pair-00-case-089,Envoy Rate Limit,descriptor-additive,chain3,4,0,0,0,1,0,0,0,1,1
pair-00-case-090,Envoy Rate Limit,descriptor-additive,chain3,4,0,0,0,1,0,0,0,1,1
pair-00-case-091,Envoy Rate Limit,descriptor-additive,chain3,4,0,1,0,1,0,0,0,1,1
pair-00-case-092,Envoy Rate Limit,descriptor-additive,chain3,4,0,0,0,1,1,0,0,1,1
pair-00-case-093,Envoy Rate Limit,descriptor-additive,chain3,4,0,0,0,1,0,0,0,1,1
pair-00-case-094,Envoy Rate Limit,descriptor-additive,chain3,3,0,0,0,1,0,0,0,1,1
pair-00-case-095,Envoy Rate Limit,descriptor-additive,chain3,4,0,3,0,1,0,0,1,1,1
pair-00-case-096,Envoy Rate Limit,descriptor-additive,chain3,4,0,1,0,1,0,0,0,1,1
pair-00-case-097,Envoy Rate Limit,descriptor-additive,chain3,2,0,0,0,1,0,0,0,1,1
pair-00-case-098,Envoy Rate Limit,descriptor-additive,chain3,4,0,0,0,1,1,0,0,1,1
pair-00-case-099,Envoy Rate Limit,descriptor-additive,chain3,4,0,0,0,1,0,0,0,1,1
pair-00-case-100,Envoy Rate Limit,descriptor-additive,chain3,2,0,6,0,1,0,0,1,1,1
pair-00-case-101,Envoy Rate Limit,descriptor-additive,chain3,4,0,0,0,1,0,0,0,1,1
pair-00-case-102,Envoy Rate Limit,descriptor-additive,chain3,4,0,0,0,1,0,0,0,1,1
pair-00-case-103,Envoy Rate Limit,descriptor-additive,chain3,4,0,0,0,1,0,0,0,1,1
pair-00-case-104,Envoy Rate Limit,descriptor-additive,chain3,4,0,0,0,1,0,0,0,1,1
pair-00-case-105,Envoy Rate Limit,descriptor-additive,chain3,4,0,0,0,1,1,1,0,1,1
pair-00-case-106,Envoy Rate Limit,descriptor-additive,chain3,4,0,0,0,1,1,0,0,1,1
pair-00-case-107,Envoy Rate Limit,descriptor-additive,chain3,3,0,0,0,1,1,0,0,1,1
pair-00-case-108,Envoy Rate Limit,descriptor-additive,chain3,4,0,0,0,1,0,0,0,1,1
pair-00-case-109,Envoy Rate Limit,descriptor-additive,chain3,3,0,0,0,1,0,0,0,1,1
pair-00-case-110,Envoy Rate Limit,descriptor-additive,chain3,4,0,0,0,1,1,0,0,1,1
pair-00-case-111,Envoy Rate Limit,descriptor-additive,chain3,3,0,0,0,1,0,0,0,1,1
pair-00-case-112,Envoy Rate Limit,descriptor-additive,chain3,4,0,0,0,1,0,0,0,1,1
pair-00-case-113,Envoy Rate Limit,descriptor-additive,chain3,3,0,0,0,1,0,0,0,1,1
pair-00-case-114,Envoy Rate Limit,descriptor-additive,chain3,4,0,0,0,1,0,0,0,1,1
pair-00-case-115,Envoy Rate Limit,descriptor-additive,chain3,3,0,7,0,1,0,0,1,1,1
pair-00-case-116,Envoy Rate Limit,descriptor-additive,chain3,4,0,0,0,1,0,0,0,1,1
pair-00-case-117,Envoy Rate Limit,descriptor-additive,chain3,4,0,0,0,1,0,0,0,1,1
pair-00-case-118,Envoy Rate Limit,descriptor-additive,chain3,4,0,1,0,1,0,0,0,1,1
pair-00-case-119,Envoy Rate Limit,descriptor-additive,chain3,4,0,0,0,1,0,0,0,1,1
pair-00-case-120,Envoy Rate Limit,descriptor-additive,chain3,4,0,0,0,1,0,0,0,1,1
pair-00-case-121,Envoy Rate Limit,descriptor-additive,chain3,4,0,0,0,1,0,0,0,1,1
pair-00-case-122,Envoy Rate Limit,descriptor-additive,chain3,4,0,0,0,1,0,0,0,1,1
pair-00-case-123,Envoy Rate Limit,descriptor-additive,chain3,4,0,0,0,1,1,0,0,1,1
pair-00-case-124,Envoy Rate Limit,descriptor-additive,chain3,4,0,0,0,1,0,0,0,1,1
pair-00-case-125,Envoy Rate Limit,descriptor-additive,chain3,3,0,0,0,1,1,0,0,1,1
pair-00-case-126,Envoy Rate Limit,descriptor-additive,chain3,4,0,0,0,1,0,0,0,1,1
pair-00-case-127,Envoy Rate Limit,descriptor-additive,chain3,4,0,0,0,1,0,0,0,1,1
pair-00-case-128,Envoy Rate Limit,descriptor-additive,chain3,3,0,3,0,1,0,0,0,1,1
pair-00-case-129,Envoy Rate Limit,descriptor-additive,chain3,4,0,0,0,1,0,0,0,1,1
pair-00-case-130,Envoy Rate Limit,descriptor-additive,chain3,4,0,0,0,1,0,0,0,1,1
pair-00-case-131,Envoy Rate Limit,descriptor-additive,chain3,4,0,0,0,1,0,0,0,1,1
pair-00-case-132,Envoy Rate Limit,descriptor-additive,chain3,4,0,0,0,1,0,0,0,1,1
pair-00-case-133,Envoy Rate Limit,descriptor-additive,chain3,4,0,0,0,1,1,1,0,1,1
pair-00-case-134,Envoy Rate Limit,descriptor-additive,chain3,4,0,0,0,1,0,0,0,1,1
pair-00-case-135,Envoy Rate Limit,descriptor-additive,chain3,4,0,0,0,1,0,0,0,1,1
pair-00-case-136,Envoy Rate Limit,descriptor-additive,chain3,4,0,0,0,1,0,0,0,1,1
pair-00-case-137,Envoy Rate Limit,descriptor-additive,chain3,4,0,0,0,1,1,0,0,1,1
pair-00-case-138,Envoy Rate Limit,descriptor-additive,chain3,4,0,0,0,1,0,0,0,1,1
pair-00-case-139,Envoy Rate Limit,descriptor-additive,chain3,3,0,0,0,1,0,0,0,1,1
pair-00-case-140,Envoy Rate Limit,descriptor-additive,chain3,4,0,0,0,1,1,0,0,1,1
pair-00-case-141,Envoy Rate Limit,descriptor-additive,chain3,4,0,0,0,1,1,0,0,1,1
pair-00-case-142,Envoy Rate Limit,descriptor-additive,chain3,4,0,0,0,1,0,0,0,1,1
pair-00-case-143,Envoy Rate Limit,descriptor-additive,chain3,4,0,0,0,1,0,0,0,1,1
pair-00-case-144,Envoy Rate Limit,descriptor-additive,chain3,4,0,0,0,1,0,0,0,1,1
pair-00-case-145,Envoy Rate Limit,descriptor-additive,chain3,4,0,0,0,1,0,0,0,1,1
pair-00-case-146,Envoy Rate Limit,descriptor-additive,chain3,3,0,0,0,1,0,0,0,1,1
pair-00-case-147,Envoy Rate Limit,descriptor-additive,chain3,4,0,0,0,1,0,0,0,1,1
pair-00-case-148,Envoy Rate Limit,descriptor-additive,chain3,4,0,0,0,1,1,0,0,1,1
pair-00-case-149,Envoy Rate Limit,descriptor-additive,chain3,4,0,0,0,1,0,0,0,1,1
pair-00-case-150,Envoy Rate Limit,descriptor-additive,chain3,4,0,0,0,1,0,0,0,1,1
pair-00-case-151,Envoy Rate Limit,descriptor-additive,chain3,3,0,2,0,1,1,0,0,1,1
pair-00-case-152,Envoy Rate Limit,descriptor-additive,chain3,4,0,0,0,1,0,0,0,1,1
pair-00-case-153,Envoy Rate Limit,descriptor-additive,chain3,4,0,0,0,1,0,0,0,1,1
pair-00-case-154,Envoy Rate Limit,descriptor-additive,chain3,4,0,0,0,1,1,0,0,1,1
pair-00-case-155,Envoy Rate Limit,descriptor-additive,chain3,4,0,0,0,1,0,0,0,1,1
pair-00-case-156,Envoy Rate Limit,descriptor-additive,chain3,4,0,1,0,1,0,0,1,1,1
pair-00-case-157,Envoy Rate Limit,descriptor-additive,chain3,4,0,0,0,1,0,0,0,1,1
pair-00-case-158,Envoy Rate Limit,descriptor-additive,chain3,4,0,2,0,1,0,0,1,1,1
pair-00-case-159,Envoy Rate Limit,descriptor-additive,chain3,4,0,0,0,1,0,0,0,1,1
pair-00-case-160,Envoy Rate Limit,descriptor-additive,chain3,4,0,0,0,1,0,0,0,1,1
pair-00-case-161,Envoy Rate Limit,descriptor-additive,chain3,4,0,0,0,1,0,0,0,1,1
pair-00-case-162,Envoy Rate Limit,descriptor-additive,chain3,4,0,0,0,1,0,0,0,1,1
pair-00-case-163,Envoy Rate Limit,descriptor-additive,chain3,4,0,0,0,1,0,0,0,1,1
pair-00-case-164,Envoy Rate Limit,descriptor-additive,chain3,4,0,3,0,1,0,0,1,1,1
pair-00-case-165,Envoy Rate Limit,descriptor-additive,chain3,3,0,0,0,1,0,0,0,1,1
pair-00-case-166,Envoy Rate Limit,descriptor-additive,chain3,2,0,6,0,1,1,0,1,1,1
pair-00-case-167,Envoy Rate Limit,descriptor-additive,chain3,4,0,0,0,1,1,0,0,1,1
pair-00-case-168,Envoy Rate Limit,descriptor-additive,chain3,4,0,0,0,1,1,0,0,1,1
pair-00-case-169,Envoy Rate Limit,descriptor-additive,chain3,3,0,0,0,1,1,0,0,1,1
pair-00-case-170,Envoy Rate Limit,descriptor-additive,chain3,3,0,0,0,1,0,0,0,1,1
pair-00-case-171,Envoy Rate Limit,descriptor-additive,chain3,4,0,0,0,1,0,0,0,1,1
pair-00-case-172,Envoy Rate Limit,descriptor-additive,chain3,4,0,0,0,1,0,0,0,1,1
pair-00-case-173,Envoy Rate Limit,descriptor-additive,chain3,4,0,1,0,1,1,0,0,1,1
pair-00-case-174,Envoy Rate Limit,descriptor-additive,chain3,4,0,0,0,1,0,0,0,1,1
pair-00-case-175,Envoy Rate Limit,descriptor-additive,chain3,4,0,0,0,1,0,0,0,1,1
pair-00-case-176,Envoy Rate Limit,descriptor-additive,chain3,4,0,0,0,1,0,0,0,1,1
pair-00-case-177,Envoy Rate Limit,descriptor-additive,chain3,4,0,0,0,1,1,0,0,1,1
pair-00-case-178,Envoy Rate Limit,descriptor-additive,chain3,3,0,0,0,1,0,0,0,1,1
pair-00-case-179,Envoy Rate Limit,descriptor-additive,chain3,4,0,0,0,1,1,0,0,1,1
pair-00-case-180,Envoy Rate Limit,descriptor-additive,chain3,4,0,0,0,1,0,0,0,1,1
pair-00-case-181,Envoy Rate Limit,descriptor-additive,chain3,4,0,0,0,1,0,0,0,1,1
pair-00-case-182,Envoy Rate Limit,descriptor-additive,chain3,4,0,0,0,1,0,0,0,1,1
pair-00-case-183,Envoy Rate Limit,descriptor-additive,chain3,3,0,0,0,1,1,0,0,1,1
pair-00-case-184,Envoy Rate Limit,descriptor-additive,chain3,4,0,0,0,1,0,0,0,1,1
pair-00-case-185,Envoy Rate Limit,descriptor-additive,chain3,4,0,0,0,1,0,0,0,1,1
pair-00-case-186,Envoy Rate Limit,descriptor-additive,chain3,4,0,0,0,1,0,0,0,1,1
pair-00-case-187,Envoy Rate Limit,descriptor-additive,chain3,4,0,0,0,1,1,0,0,1,1
pair-00-case-188,Envoy Rate Limit,descriptor-additive,chain3,4,0,0,0,1,0,0,0,1,1
pair-00-case-189,Envoy Rate Limit,descriptor-additive,chain3,4,0,0,0,1,0,0,0,1,1
pair-00-case-190,Envoy Rate Limit,descriptor-additive,chain3,4,0,0,0,1,1,0,0,1,1
pair-00-case-191,Envoy Rate Limit,descriptor-additive,chain3,4,0,0,0,1,0,0,0,1,1
pair-00-case-192,Envoy Rate Limit,descriptor-additive,chain3,4,0,0,0,1,1,0,0,1,1
pair-00-case-193,Envoy Rate Limit,descriptor-additive,chain3,4,0,0,0,1,0,0,0,1,1
pair-00-case-194,Envoy Rate Limit,descriptor-additive,chain3,3,0,3,0,1,1,0,0,1,1
pair-00-case-195,Envoy Rate Limit,descriptor-additive,chain3,4,0,0,0,1,0,0,0,1,1
pair-00-case-196,Envoy Rate Limit,descriptor-additive,chain3,4,0,0,0,1,1,0,0,1,1
pair-00-case-197,Envoy Rate Limit,descriptor-additive,chain3,4,0,0,0,1,0,0,0,1,1
pair-00-case-198,Envoy Rate Limit,descriptor-additive,chain3,4,0,0,0,1,0,0,0,1,1
pair-00-case-199,Envoy Rate Limit,descriptor-additive,chain3,4,0,0,0,1,0,0,0,1,1
pair-00-case-200,Envoy Rate Limit,descriptor-additive,chain3,4,0,0,0,1,0,0,0,1,1
pair-00-case-201,Envoy Rate Limit,descriptor-additive,chain3,2,0,3,0,1,0,0,1,1,1
pair-00-case-202,Envoy Rate Limit,descriptor-additive,chain3,4,0,0,0,1,0,0,0,1,1
pair-00-case-203,Envoy Rate Limit,descriptor-additive,chain3,4,0,0,0,1,0,0,0,1,1
pair-00-case-204,Envoy Rate Limit,descriptor-additive,chain3,4,0,3,0,1,1,0,0,1,1
pair-00-case-205,Envoy Rate Limit,descriptor-additive,chain3,4,0,0,0,1,0,0,0,1,1
pair-00-case-206,Envoy Rate Limit,descriptor-additive,chain3,4,0,0,0,1,0,0,0,1,1
pair-00-case-207,Envoy Rate Limit,descriptor-additive,chain3,4,0,7,0,1,0,0,0,1,1
pair-00-case-208,Envoy Rate Limit,descriptor-additive,chain3,4,0,0,0,1,0,0,0,1,1
pair-00-case-209,Envoy Rate Limit,descriptor-additive,chain3,3,0,1,0,1,1,0,1,1,1
pair-00-case-210,Envoy Rate Limit,descriptor-additive,chain3,3,0,0,0,1,0,0,0,1,1
pair-00-case-211,Envoy Rate Limit,descriptor-additive,chain3,4,0,0,0,1,0,0,0,1,1
pair-00-case-212,Envoy Rate Limit,descriptor-additive,chain3,4,0,0,0,1,0,0,0,1,1
pair-00-case-213,Envoy Rate Limit,descriptor-additive,chain3,4,0,1,0,1,1,0,0,1,1
pair-00-case-214,Envoy Rate Limit,descriptor-additive,chain3,3,0,0,0,1,0,0,0,1,1
pair-00-case-215,Envoy Rate Limit,descriptor-additive,chain3,4,0,0,0,1,0,0,0,1,1
pair-00-case-216,Envoy Rate Limit,descriptor-additive,chain3,4,0,0,0,1,0,0,0,1,1
pair-00-case-217,Envoy Rate Limit,descriptor-additive,chain3,4,0,3,0,1,0,0,0,1,1
pair-00-case-218,Envoy Rate Limit,descriptor-additive,chain3,2,0,3,0,1,1,0,0,1,1
pair-00-case-219,Envoy Rate Limit,descriptor-additive,chain3,4,0,0,0,1,1,0,0,1,1
pair-00-case-220,Envoy Rate Limit,descriptor-additive,chain3,3,0,0,0,1,0,0,0,1,1
pair-00-case-221,Envoy Rate Limit,descriptor-additive,chain3,4,0,0,0,1,1,1,0,1,1
pair-00-case-222,Envoy Rate Limit,descriptor-additive,chain3,4,0,0,0,1,0,0,0,1,1
pair-00-case-223,Envoy Rate Limit,descriptor-additive,chain3,4,0,1,0,1,0,0,0,1,1
pair-00-case-224,Envoy Rate Limit,descriptor-additive,chain3,3,0,0,0,1,0,0,0,1,1
pair-00-case-225,Envoy Rate Limit,descriptor-additive,chain3,4,0,0,0,1,0,0,0,1,1
pair-00-case-226,Envoy Rate Limit,descriptor-additive,chain3,4,0,0,0,1,0,0,0,1,1
pair-00-case-227,Envoy Rate Limit,descriptor-additive,chain3,4,0,0,0,1,0,0,0,1,1
pair-00-case-228,Envoy Rate Limit,descriptor-additive,chain3,4,0,0,0,1,0,0,0,1,1
pair-00-case-229,Envoy Rate Limit,descriptor-additive,chain3,4,0,0,0,1,1,0,0,1,1
pair-00-case-230,Envoy Rate Limit,descriptor-additive,chain3,4,0,0,0,1,0,0,0,1,1
pair-00-case-231,Envoy Rate Limit,descriptor-additive,chain3,4,0,0,0,1,0,0,0,1,1
pair-00-case-232,Envoy Rate Limit,descriptor-additive,chain3,4,0,0,0,1,1,0,0,1,1
pair-00-case-233,Envoy Rate Limit,descriptor-additive,chain3,4,0,0,0,1,1,0,0,1,1
pair-00-case-234,Envoy Rate Limit,descriptor-additive,chain3,4,0,0,0,1,0,0,0,1,1
pair-00-case-235,Envoy Rate Limit,descriptor-additive,chain3,4,0,0,0,1,1,0,0,1,1
pair-00-case-236,Envoy Rate Limit,descriptor-additive,chain3,3,0,0,0,1,0,0,0,1,1
pair-00-case-237,Envoy Rate Limit,descriptor-additive,chain3,4,0,0,0,1,0,0,0,1,1
pair-00-case-238,Envoy Rate Limit,descriptor-additive,chain3,4,0,0,0,1,0,0,0,1,1
pair-00-case-239,Envoy Rate Limit,descriptor-additive,chain3,4,0,0,0,1,1,0,0,1,1
pair-00-case-240,Envoy Rate Limit,descriptor-additive,chain3,4,0,0,0,1,0,0,0,1,1
pair-00-case-241,Envoy Rate Limit,descriptor-additive,chain3,3,0,7,0,1,1,0,1,1,1
pair-00-case-242,Envoy Rate Limit,descriptor-additive,chain3,3,0,0,0,1,1,0,0,1,1
pair-00-case-243,Envoy Rate Limit,descriptor-additive,chain3,4,0,0,0,1,0,0,0,1,1
pair-00-case-244,Envoy Rate Limit,descriptor-additive,chain3,4,0,0,0,1,0,0,0,1,1
pair-00-case-245,Envoy Rate Limit,descriptor-additive,chain3,4,0,0,0,1,0,0,0,1,1
pair-00-case-246,Envoy Rate Limit,descriptor-additive,chain3,2,0,0,0,1,0,0,0,1,1
pair-00-case-247,Envoy Rate Limit,descriptor-additive,chain3,4,0,0,0,1,0,0,0,1,1
pair-00-case-248,Envoy Rate Limit,descriptor-additive,chain3,4,0,0,0,1,0,0,0,1,1
pair-00-case-249,Envoy Rate Limit,descriptor-additive,chain3,4,0,0,0,1,1,0,0,1,1
pair-00-case-250,Envoy Rate Limit,descriptor-additive,chain3,4,0,0,0,1,0,0,0,1,1
pair-00-case-251,Envoy Rate Limit,descriptor-additive,chain3,3,0,0,0,1,0,0,0,1,1
pair-00-case-252,Envoy Rate Limit,descriptor-additive,chain3,4,0,0,0,1,0,0,0,1,1
pair-00-case-253,Envoy Rate Limit,descriptor-additive,chain3,4,0,0,0,1,0,0,0,1,1
pair-00-case-254,Envoy Rate Limit,descriptor-additive,chain3,4,0,0,0,1,0,0,0,1,1
pair-00-case-255,Envoy Rate Limit,descriptor-additive,chain3,4,0,0,0,1,1,0,0,1,1
pair-00-case-256,Envoy Rate Limit,descriptor-additive,chain3,4,0,0,0,1,1,0,0,1,1
pair-00-case-257,Envoy Rate Limit,descriptor-additive,chain3,3,0,0,0,1,1,0,0,1,1
pair-00-case-258,Envoy Rate Limit,descriptor-additive,chain3,4,0,0,0,1,0,0,0,1,1
pair-00-case-259,Envoy Rate Limit,descriptor-additive,chain3,3,0,0,0,1,1,0,0,1,1
pair-00-case-260,Envoy Rate Limit,descriptor-additive,chain3,4,0,0,0,1,0,0,0,1,1
pair-00-case-261,Envoy Rate Limit,descriptor-additive,chain3,3,0,0,0,1,1,0,0,1,1
pair-00-case-262,Envoy Rate Limit,descriptor-additive,chain3,4,0,0,0,1,1,0,0,1,1
pair-00-case-263,Envoy Rate Limit,descriptor-additive,chain3,4,0,0,0,1,0,0,0,1,1
pair-00-case-264,Envoy Rate Limit,descriptor-additive,chain3,3,0,0,0,1,0,0,0,1,1
pair-00-case-265,Envoy Rate Limit,descriptor-additive,chain3,4,0,0,0,1,0,0,0,1,1
pair-00-case-266,Envoy Rate Limit,descriptor-additive,chain3,3,0,0,0,1,0,0,0,1,1
pair-00-case-267,Envoy Rate Limit,descriptor-additive,chain3,4,0,0,0,1,0,0,0,1,1
pair-00-case-268,Envoy Rate Limit,descriptor-additive,chain3,4,0,0,0,1,0,0,0,1,1
pair-00-case-269,Envoy Rate Limit,descriptor-additive,chain3,3,0,0,0,1,1,0,0,1,1
pair-00-case-270,Envoy Rate Limit,descriptor-additive,chain3,4,0,0,0,1,0,0,0,1,1
pair-00-case-271,Envoy Rate Limit,descriptor-additive,chain3,4,0,0,0,1,1,0,0,1,1
pair-00-case-272,Envoy Rate Limit,descriptor-additive,chain3,3,0,0,0,1,1,0,0,1,1
pair-00-case-273,Envoy Rate Limit,descriptor-additive,chain3,4,0,0,0,1,1,0,0,1,1
pair-00-case-274,Envoy Rate Limit,descriptor-additive,chain3,4,0,0,0,1,0,0,0,1,1
pair-00-case-275,Envoy Rate Limit,descriptor-additive,chain3,4,0,0,0,1,0,0,0,1,1
pair-00-case-276,Envoy Rate Limit,descriptor-additive,chain3,4,0,0,0,1,0,0,0,1,1
pair-00-case-277,Envoy Rate Limit,descriptor-additive,chain3,4,0,0,0,1,0,0,0,1,1
pair-00-case-278,Envoy Rate Limit,descriptor-additive,chain3,4,0,0,0,1,1,0,0,1,1
pair-00-case-279,Envoy Rate Limit,descriptor-additive,chain3,4,0,0,0,1,0,0,0,1,1
pair-00-case-280,Envoy Rate Limit,descriptor-additive,chain3,4,0,0,0,1,0,0,0,1,1
pair-00-case-281,Envoy Rate Limit,descriptor-additive,chain3,4,0,0,0,1,1,0,0,1,1
pair-00-case-282,Envoy Rate Limit,descriptor-additive,chain3,3,0,0,0,1,1,0,0,1,1
pair-00-case-283,Envoy Rate Limit,descriptor-additive,chain3,4,0,0,0,1,0,0,0,1,1
pair-00-case-284,Envoy Rate Limit,descriptor-additive,chain3,4,0,7,0,1,0,0,1,1,1
pair-00-case-285,Envoy Rate Limit,descriptor-additive,chain3,3,0,0,0,1,0,0,0,1,1
pair-00-case-286,Envoy Rate Limit,descriptor-additive,chain3,4,0,0,0,1,1,1,0,1,1
pair-00-case-287,Envoy Rate Limit,descriptor-additive,chain3,4,0,0,0,1,0,0,0,1,1
pair-00-case-288,Envoy Rate Limit,descriptor-additive,chain3,4,0,6,0,1,1,0,0,1,1
pair-00-case-289,Envoy Rate Limit,descriptor-additive,chain3,4,0,0,0,1,0,0,0,1,1
pair-00-case-290,Envoy Rate Limit,descriptor-additive,chain3,3,0,0,0,1,0,0,0,1,1
pair-00-case-291,Envoy Rate Limit,descriptor-additive,chain3,3,0,0,0,1,1,1,0,1,1
pair-00-case-292,Envoy Rate Limit,descriptor-additive,chain3,4,0,0,0,1,0,0,0,1,1
pair-00-case-293,Envoy Rate Limit,descriptor-additive,chain3,4,0,0,0,1,0,0,0,1,1
pair-00-case-294,Envoy Rate Limit,descriptor-additive,chain3,2,0,0,0,1,1,0,0,1,1
pair-00-case-295,Envoy Rate Limit,descriptor-additive,chain3,3,0,0,0,1,0,0,0,1,1
pair-00-case-296,Envoy Rate Limit,descriptor-additive,chain3,3,0,0,0,1,1,0,0,1,1
pair-00-case-297,Envoy Rate Limit,descriptor-additive,chain3,4,0,3,0,1,1,0,0,1,1
pair-00-case-298,Envoy Rate Limit,descriptor-additive,chain3,4,0,1,0,1,0,0,1,1,1
pair-00-case-299,Envoy Rate Limit,descriptor-additive,chain3,4,0,0,0,1,1,0,0,1,1
pair-00-case-300,Envoy Rate Limit,descriptor-additive,chain3,4,0,0,0,1,0,0,0,1,1
pair-00-case-301,Envoy Rate Limit,descriptor-additive,chain3,4,0,3,0,1,1,0,0,1,1
pair-00-case-302,Envoy Rate Limit,descriptor-additive,chain3,4,0,0,0,1,0,0,0,1,1
pair-00-case-303,Envoy Rate Limit,descriptor-additive,chain3,3,0,0,0,1,0,0,0,1,1
pair-00-case-304,Envoy Rate Limit,descriptor-additive,chain3,4,0,3,0,1,0,0,1,1,1
pair-00-case-305,Envoy Rate Limit,descriptor-additive,chain3,4,0,0,0,1,0,0,0,1,1
pair-00-case-306,Envoy Rate Limit,descriptor-additive,chain3,3,0,0,0,1,1,0,0,1,1
pair-00-case-307,Envoy Rate Limit,descriptor-additive,chain3,3,0,0,0,1,0,0,0,1,1
pair-00-case-308,Envoy Rate Limit,descriptor-additive,chain3,4,0,0,0,1,0,0,0,1,1
pair-00-case-309,Envoy Rate Limit,descriptor-additive,chain3,4,0,1,0,1,0,0,1,1,1
pair-00-case-310,Envoy Rate Limit,descriptor-additive,chain3,3,0,6,0,1,0,0,1,1,1
pair-00-case-311,Envoy Rate Limit,descriptor-additive,chain3,3,0,0,0,1,0,0,0,1,1
pair-00-case-312,Envoy Rate Limit,descriptor-additive,chain3,4,0,0,0,1,0,0,0,1,1
pair-00-case-313,Envoy Rate Limit,descriptor-additive,chain3,4,0,0,0,1,0,0,0,1,1
pair-00-case-314,Envoy Rate Limit,descriptor-additive,chain3,4,0,0,0,1,1,0,0,1,1
pair-00-case-315,Envoy Rate Limit,descriptor-additive,chain3,4,0,0,0,1,0,0,0,1,1
pair-00-case-316,Envoy Rate Limit,descriptor-additive,chain3,4,0,0,0,1,0,0,0,1,1
pair-00-case-317,Envoy Rate Limit,descriptor-additive,chain3,4,0,0,0,1,0,0,0,1,1
pair-00-case-318,Envoy Rate Limit,descriptor-additive,chain3,4,0,0,0,1,0,0,0,1,1
pair-00-case-319,Envoy Rate Limit,descriptor-additive,chain3,4,0,0,0,1,0,0,0,1,1
pair-00-case-320,Envoy Rate Limit,descriptor-additive,chain3,4,0,0,0,1,1,0,0,1,1
pair-00-case-321,Envoy Rate Limit,descriptor-additive,chain3,3,0,0,0,1,1,0,0,1,1
pair-00-case-322,Envoy Rate Limit,descriptor-additive,chain3,4,0,0,0,1,0,0,0,1,1
pair-00-case-323,Envoy Rate Limit,descriptor-additive,chain3,4,0,0,0,1,0,0,0,1,1
pair-00-case-324,Envoy Rate Limit,descriptor-additive,chain3,4,0,0,0,1,0,0,0,1,1
pair-00-case-325,Envoy Rate Limit,descriptor-additive,chain3,3,0,0,0,1,1,0,0,1,1
pair-00-case-326,Envoy Rate Limit,descriptor-additive,chain3,4,0,0,0,1,0,0,0,1,1
pair-00-case-327,Envoy Rate Limit,descriptor-additive,chain3,4,0,0,0,1,1,0,0,1,1
pair-00-case-328,Envoy Rate Limit,descriptor-additive,chain3,3,0,0,0,1,0,0,0,1,1
pair-00-case-329,Envoy Rate Limit,descriptor-additive,chain3,4,0,0,0,1,0,0,0,1,1
pair-00-case-330,Envoy Rate Limit,descriptor-additive,chain3,4,0,0,0,1,0,0,0,1,1
pair-00-case-331,Envoy Rate Limit,descriptor-additive,chain3,4,0,0,0,1,0,0,0,1,1
pair-00-case-332,Envoy Rate Limit,descriptor-additive,chain3,3,0,0,0,1,1,0,0,1,1
pair-00-case-333,Envoy Rate Limit,descriptor-additive,chain3,4,0,0,0,1,0,0,0,1,1
pair-00-case-334,Envoy Rate Limit,descriptor-additive,chain3,4,0,0,0,1,0,0,0,1,1
pair-00-case-335,Envoy Rate Limit,descriptor-additive,chain3,4,0,0,0,1,1,0,0,1,1
pair-00-case-336,Envoy Rate Limit,descriptor-additive,chain3,4,0,0,0,1,1,0,0,1,1
pair-00-case-337,Envoy Rate Limit,descriptor-additive,chain3,3,0,0,0,1,0,0,0,1,1
pair-00-case-338,Envoy Rate Limit,descriptor-additive,chain3,4,0,0,0,1,1,0,0,1,1
pair-00-case-339,Envoy Rate Limit,descriptor-additive,chain3,4,0,0,0,1,0,0,0,1,1
pair-00-case-340,Envoy Rate Limit,descriptor-additive,chain3,4,0,0,0,1,0,0,0,1,1
pair-00-case-341,Envoy Rate Limit,descriptor-additive,chain3,4,0,0,0,1,0,0,0,1,1
pair-00-case-342,Envoy Rate Limit,descriptor-additive,chain3,4,0,0,0,1,1,1,0,1,1
pair-00-case-343,Envoy Rate Limit,descriptor-additive,chain3,4,0,0,0,1,1,0,0,1,1
pair-00-case-344,Envoy Rate Limit,descriptor-additive,chain3,4,0,0,0,1,0,0,0,1,1
pair-00-case-345,Envoy Rate Limit,descriptor-additive,chain3,4,0,0,0,1,0,0,0,1,1
pair-00-case-346,Envoy Rate Limit,descriptor-additive,chain3,4,0,0,0,1,1,0,0,1,1
pair-00-case-347,Envoy Rate Limit,descriptor-additive,chain3,4,0,0,0,1,1,0,0,1,1
pair-00-case-348,Envoy Rate Limit,descriptor-additive,chain3,4,0,0,0,1,0,0,0,1,1
pair-00-case-349,Envoy Rate Limit,descriptor-additive,chain3,4,0,0,0,1,0,0,0,1,1
pair-00-case-350,Envoy Rate Limit,descriptor-additive,chain3,4,0,0,0,1,1,0,0,1,1
pair-00-case-351,Envoy Rate Limit,descriptor-additive,chain3,4,0,0,0,1,0,0,0,1,1
pair-00-case-352,Envoy Rate Limit,descriptor-additive,chain3,4,0,0,0,1,0,0,0,1,1
pair-00-case-353,Envoy Rate Limit,descriptor-additive,chain3,4,0,0,0,1,0,0,0,1,1
pair-00-case-354,Envoy Rate Limit,descriptor-additive,chain3,4,0,0,0,1,0,0,0,1,1
pair-00-case-355,Envoy Rate Limit,descriptor-additive,chain3,4,0,0,0,1,0,0,0,1,1
pair-00-case-356,Envoy Rate Limit,descriptor-additive,chain3,4,0,0,0,1,0,0,0,1,1
pair-00-case-357,Envoy Rate Limit,descriptor-additive,chain3,4,0,0,0,1,0,0,0,1,1
pair-00-case-358,Envoy Rate Limit,descriptor-additive,chain3,4,0,0,0,1,0,0,0,1,1
pair-00-case-359,Envoy Rate Limit,descriptor-additive,chain3,4,0,0,0,1,0,0,0,1,1
pair-00-case-360,Envoy Rate Limit,descriptor-additive,chain3,4,0,0,0,1,0,0,0,1,1
pair-00-case-361,Envoy Rate Limit,descriptor-additive,chain3,4,0,0,0,1,0,0,0,1,1
pair-00-case-362,Envoy Rate Limit,descriptor-additive,chain3,4,0,0,0,1,0,0,0,1,1
pair-00-case-363,Envoy Rate Limit,descriptor-additive,chain3,4,0,0,0,1,0,0,0,1,1
pair-00-case-364,Envoy Rate Limit,descriptor-additive,chain3,4,0,0,0,1,0,0,0,1,1
pair-00-case-365,Envoy Rate Limit,descriptor-additive,chain3,4,0,0,0,1,0,0,0,1,1
pair-00-case-366,Envoy Rate Limit,descriptor-additive,chain3,4,0,0,0,1,1,0,0,1,1
pair-00-case-367,Envoy Rate Limit,descriptor-additive,chain3,4,0,0,0,1,0,0,0,1,1
pair-00-case-368,Envoy Rate Limit,descriptor-additive,chain3,4,0,0,0,1,0,0,0,1,1
pair-00-case-369,Envoy Rate Limit,descriptor-additive,chain3,4,0,0,0,1,0,0,0,1,1
pair-00-case-370,Envoy Rate Limit,descriptor-additive,chain3,3,0,0,0,1,0,0,0,1,1
pair-00-case-371,Envoy Rate Limit,descriptor-additive,chain3,4,0,0,0,1,0,0,0,1,1
pair-00-case-372,Envoy Rate Limit,descriptor-additive,chain3,4,0,0,0,1,0,0,0,1,1
pair-00-case-373,Envoy Rate Limit,descriptor-additive,chain3,4,0,0,0,1,0,0,0,1,1
pair-00-case-374,Envoy Rate Limit,descriptor-additive,chain3,4,0,0,0,1,1,0,0,1,1
pair-00-case-375,Envoy Rate Limit,descriptor-additive,chain3,3,0,0,0,1,0,0,0,1,1
pair-00-case-376,Envoy Rate Limit,descriptor-additive,chain3,4,0,0,0,1,0,0,0,1,1
pair-00-case-377,Envoy Rate Limit,descriptor-additive,chain3,4,0,0,0,1,0,0,0,1,1
pair-00-case-378,Envoy Rate Limit,descriptor-additive,chain3,4,0,0,0,1,1,0,0,1,1
pair-00-case-379,Envoy Rate Limit,descriptor-additive,chain3,4,0,0,0,1,0,0,0,1,1
pair-00-case-380,Envoy Rate Limit,descriptor-additive,chain3,4,0,0,0,1,0,0,0,1,1
pair-00-case-381,Envoy Rate Limit,descriptor-additive,chain3,4,0,0,0,1,0,0,0,1,1
pair-00-case-382,Envoy Rate Limit,descriptor-additive,chain3,4,0,0,0,1,0,0,0,1,1
pair-00-case-383,Envoy Rate Limit,descriptor-additive,chain3,4,0,0,0,1,0,0,0,1,1
pair-00-case-384,Envoy Rate Limit,descriptor-additive,chain3,4,0,0,0,1,0,0,0,1,1
pair-00-case-385,Envoy Rate Limit,descriptor-additive,chain3,4,0,0,0,1,0,0,0,1,1
pair-00-case-386,Envoy Rate Limit,descriptor-additive,chain3,3,0,0,0,1,1,0,0,1,1
pair-00-case-387,Envoy Rate Limit,descriptor-additive,chain3,4,0,0,0,1,0,0,0,1,1
pair-00-case-388,Envoy Rate Limit,descriptor-additive,chain3,4,0,0,0,1,0,0,0,1,1
pair-00-case-389,Envoy Rate Limit,descriptor-additive,chain3,4,0,0,0,1,1,0,0,1,1
pair-00-case-390,Envoy Rate Limit,descriptor-additive,chain3,4,0,0,0,1,0,0,0,1,1
pair-00-case-391,Envoy Rate Limit,descriptor-additive,chain3,4,0,0,0,1,1,0,0,1,1
pair-00-case-392,Envoy Rate Limit,descriptor-additive,chain3,3,0,0,0,1,1,1,0,1,1
pair-00-case-393,Envoy Rate Limit,descriptor-additive,chain3,4,0,0,0,1,0,0,0,1,1
pair-00-case-394,Envoy Rate Limit,descriptor-additive,chain3,4,0,0,0,1,0,0,0,1,1
pair-00-case-395,Envoy Rate Limit,descriptor-additive,chain3,4,0,0,0,1,0,0,0,1,1
pair-00-case-396,Envoy Rate Limit,descriptor-additive,chain3,3,0,0,0,1,0,0,0,1,1
pair-00-case-397,Envoy Rate Limit,descriptor-additive,chain3,4,0,0,0,1,0,0,0,1,1
pair-00-case-398,Envoy Rate Limit,descriptor-additive,chain3,4,0,0,0,1,0,0,0,1,1
pair-00-case-399,Envoy Rate Limit,descriptor-additive,chain3,3,0,0,0,1,0,0,0,1,1
pair-00-case-400,Envoy Rate Limit,descriptor-additive,chain3,4,0,0,0,1,1,0,0,1,1
pair-00-case-401,Envoy Rate Limit,descriptor-additive,chain3,4,0,0,0,1,1,0,0,1,1
pair-00-case-402,Envoy Rate Limit,descriptor-additive,chain3,4,0,0,0,1,0,0,0,1,1
pair-00-case-403,Envoy Rate Limit,descriptor-additive,chain3,4,0,0,0,1,0,0,0,1,1
pair-00-case-404,Envoy Rate Limit,descriptor-additive,chain3,4,0,0,0,1,0,0,0,1,1
pair-00-case-405,Envoy Rate Limit,descriptor-additive,chain3,4,0,0,0,1,0,0,0,1,1
pair-00-case-406,Envoy Rate Limit,descriptor-additive,chain3,4,0,0,0,1,0,0,0,1,1
pair-00-case-407,Envoy Rate Limit,descriptor-additive,chain3,4,0,0,0,1,0,0,0,1,1
pair-00-case-408,Envoy Rate Limit,descriptor-additive,chain3,4,0,0,0,1,0,0,0,1,1
pair-00-case-409,Envoy Rate Limit,descriptor-additive,chain3,4,0,0,0,1,0,0,0,1,1
pair-00-case-410,Envoy Rate Limit,descriptor-additive,chain3,3,0,0,0,1,1,0,0,1,1
pair-00-case-411,Envoy Rate Limit,descriptor-additive,chain3,4,0,0,0,1,1,0,0,1,1
pair-00-case-412,Envoy Rate Limit,descriptor-additive,chain3,4,0,0,0,1,0,0,0,1,1
pair-00-case-413,Envoy Rate Limit,descriptor-additive,chain3,4,0,0,0,1,0,0,0,1,1
pair-00-case-414,Envoy Rate Limit,descriptor-additive,chain3,4,0,2,0,1,0,0,1,1,1
pair-00-case-415,Envoy Rate Limit,descriptor-additive,chain3,4,0,0,0,1,1,0,0,1,1
pair-00-case-416,Envoy Rate Limit,descriptor-additive,chain3,4,0,0,0,1,0,0,0,1,1
pair-00-case-417,Envoy Rate Limit,descriptor-additive,chain3,3,0,0,0,1,0,0,0,1,1
pair-00-case-418,Envoy Rate Limit,descriptor-additive,chain3,3,0,0,0,1,1,0,0,1,1
pair-00-case-419,Envoy Rate Limit,descriptor-additive,chain3,4,0,2,0,1,1,0,0,1,1
pair-00-case-420,Envoy Rate Limit,descriptor-additive,chain3,3,0,2,0,1,1,0,0,1,1
pair-00-case-421,Envoy Rate Limit,descriptor-additive,chain3,4,0,0,0,1,0,0,0,1,1
pair-00-case-422,Envoy Rate Limit,descriptor-additive,chain3,3,0,0,0,1,0,0,0,1,1
pair-00-case-423,Envoy Rate Limit,descriptor-additive,chain3,4,0,0,0,1,0,0,0,1,1
pair-00-case-424,Envoy Rate Limit,descriptor-additive,chain3,4,0,0,0,1,0,0,0,1,1
pair-00-case-425,Envoy Rate Limit,descriptor-additive,chain3,4,0,1,0,1,1,0,0,1,1
pair-00-case-426,Envoy Rate Limit,descriptor-additive,chain3,4,0,1,0,1,1,0,0,1,1
pair-00-case-427,Envoy Rate Limit,descriptor-additive,chain3,4,0,0,0,1,0,0,0,1,1
pair-00-case-428,Envoy Rate Limit,descriptor-additive,chain3,3,0,0,0,1,1,0,0,1,1
pair-00-case-429,Envoy Rate Limit,descriptor-additive,chain3,2,0,0,0,1,1,1,0,1,1
pair-00-case-430,Envoy Rate Limit,descriptor-additive,chain3,4,0,0,0,1,0,0,0,1,1
pair-00-case-431,Envoy Rate Limit,descriptor-additive,chain3,4,0,0,0,1,0,0,0,1,1
pair-00-case-432,Envoy Rate Limit,descriptor-additive,chain3,4,0,0,0,1,1,0,0,1,1
pair-00-case-433,Envoy Rate Limit,descriptor-additive,chain3,4,0,0,0,1,0,0,0,1,1
pair-00-case-434,Envoy Rate Limit,descriptor-additive,chain3,4,0,0,0,1,1,0,0,1,1
pair-00-case-435,Envoy Rate Limit,descriptor-additive,chain3,4,0,0,0,1,0,0,0,1,1
pair-00-case-436,Envoy Rate Limit,descriptor-additive,chain3,4,0,0,0,1,0,0,0,1,1
pair-00-case-437,Envoy Rate Limit,descriptor-additive,chain3,4,0,0,0,1,0,0,0,1,1
pair-00-case-438,Envoy Rate Limit,descriptor-additive,chain3,4,0,3,0,1,0,0,0,1,1
pair-00-case-439,Envoy Rate Limit,descriptor-additive,chain3,3,0,5,0,1,0,0,1,1,1
pair-00-case-440,Envoy Rate Limit,descriptor-additive,chain3,4,0,0,0,1,1,0,0,1,1
pair-00-case-441,Envoy Rate Limit,descriptor-additive,chain3,4,0,0,0,1,0,0,0,1,1
pair-00-case-442,Envoy Rate Limit,descriptor-additive,chain3,4,0,0,0,1,1,0,0,1,1
pair-00-case-443,Envoy Rate Limit,descriptor-additive,chain3,3,0,0,0,1,1,0,0,1,1
pair-00-case-444,Envoy Rate Limit,descriptor-additive,chain3,4,0,0,0,1,0,0,0,1,1
pair-00-case-445,Envoy Rate Limit,descriptor-additive,chain3,2,0,7,0,1,1,0,1,1,1
pair-00-case-446,Envoy Rate Limit,descriptor-additive,chain3,3,0,0,0,1,1,0,0,1,1
pair-00-case-447,Envoy Rate Limit,descriptor-additive,chain3,3,0,7,0,1,0,0,0,1,1
pair-00-case-448,Envoy Rate Limit,descriptor-additive,chain3,3,0,0,0,1,0,0,0,1,1
pair-00-case-449,Envoy Rate Limit,descriptor-additive,chain3,4,0,0,0,1,1,0,0,1,1
pair-00-case-450,Envoy Rate Limit,descriptor-additive,chain3,3,0,0,0,1,0,0,0,1,1
pair-00-case-451,Envoy Rate Limit,descriptor-additive,chain3,4,0,0,0,1,0,0,0,1,1
pair-00-case-452,Envoy Rate Limit,descriptor-additive,chain3,4,0,0,0,1,0,0,0,1,1
pair-00-case-453,Envoy Rate Limit,descriptor-additive,chain3,3,0,0,0,1,0,0,0,1,1
pair-00-case-454,Envoy Rate Limit,descriptor-additive,chain3,4,0,0,0,1,0,0,0,1,1
pair-00-case-455,Envoy Rate Limit,descriptor-additive,chain3,4,0,0,0,1,1,0,0,1,1
pair-00-case-456,Envoy Rate Limit,descriptor-additive,chain3,4,0,0,0,1,0,0,0,1,1
pair-00-case-457,Envoy Rate Limit,descriptor-additive,chain3,4,0,0,0,1,1,0,0,1,1
pair-00-case-458,Envoy Rate Limit,descriptor-additive,chain3,4,0,0,0,1,0,0,0,1,1
pair-00-case-459,Envoy Rate Limit,descriptor-additive,chain3,3,0,0,0,1,0,0,0,1,1
pair-00-case-460,Envoy Rate Limit,descriptor-additive,chain3,4,0,0,0,1,0,0,0,1,1
pair-00-case-461,Envoy Rate Limit,descriptor-additive,chain3,4,0,3,0,1,0,0,0,1,1
pair-00-case-462,Envoy Rate Limit,descriptor-additive,chain3,4,0,0,0,1,0,0,0,1,1
pair-00-case-463,Envoy Rate Limit,descriptor-additive,chain3,4,0,0,0,1,0,0,0,1,1
pair-00-case-464,Envoy Rate Limit,descriptor-additive,chain3,2,0,0,0,1,0,0,0,1,1
pair-00-case-465,Envoy Rate Limit,descriptor-additive,chain3,4,0,0,0,1,1,0,0,1,1
pair-00-case-466,Envoy Rate Limit,descriptor-additive,chain3,4,0,0,0,1,0,0,0,1,1
pair-00-case-467,Envoy Rate Limit,descriptor-additive,chain3,4,0,0,0,1,0,0,0,1,1
pair-00-case-468,Envoy Rate Limit,descriptor-additive,chain3,4,0,0,0,1,0,0,0,1,1
pair-00-case-469,Envoy Rate Limit,descriptor-additive,chain3,4,0,0,0,1,0,0,0,1,1
pair-00-case-470,Envoy Rate Limit,descriptor-additive,chain3,3,0,0,0,1,0,0,0,1,1
pair-00-case-471,Envoy Rate Limit,descriptor-additive,chain3,3,0,0,0,1,0,0,0,1,1
pair-00-case-472,Envoy Rate Limit,descriptor-additive,chain3,4,0,0,0,1,0,0,0,1,1
pair-00-case-473,Envoy Rate Limit,descriptor-additive,chain3,4,0,0,0,1,0,0,0,1,1
pair-00-case-474,Envoy Rate Limit,descriptor-additive,chain3,4,0,0,0,1,0,0,0,1,1
pair-00-case-475,Envoy Rate Limit,descriptor-additive,chain3,4,0,0,0,1,0,0,0,1,1
pair-00-case-476,Envoy Rate Limit,descriptor-additive,chain3,3,0,3,0,1,1,0,1,1,1
pair-00-case-477,Envoy Rate Limit,descriptor-additive,chain3,4,0,0,0,1,0,0,0,1,1
pair-00-case-478,Envoy Rate Limit,descriptor-additive,chain3,3,0,0,0,1,0,0,0,1,1
pair-00-case-479,Envoy Rate Limit,descriptor-additive,chain3,4,0,0,0,1,0,0,0,1,1
pair-00-case-480,Envoy Rate Limit,descriptor-additive,chain3,4,0,0,0,1,0,0,0,1,1
pair-00-case-481,Envoy Rate Limit,descriptor-additive,chain3,3,0,3,0,1,0,0,1,1,1
pair-00-case-482,Envoy Rate Limit,descriptor-additive,chain3,4,0,0,0,1,0,0,0,1,1
pair-00-case-483,Envoy Rate Limit,descriptor-additive,chain3,4,0,0,0,1,1,0,0,1,1
pair-00-case-484,Envoy Rate Limit,descriptor-additive,chain3,4,0,0,0,1,1,0,0,1,1
pair-00-case-485,Envoy Rate Limit,descriptor-additive,chain3,2,0,0,0,1,0,0,0,1,1
pair-00-case-486,Envoy Rate Limit,descriptor-additive,chain3,3,0,0,0,1,0,0,0,1,1
pair-00-case-487,Envoy Rate Limit,descriptor-additive,chain3,3,0,0,0,1,0,0,0,1,1
pair-00-case-488,Envoy Rate Limit,descriptor-additive,chain3,4,0,0,0,1,0,0,0,1,1
pair-00-case-489,Envoy Rate Limit,descriptor-additive,chain3,4,0,0,0,1,0,0,0,1,1
pair-00-case-490,Envoy Rate Limit,descriptor-additive,chain3,4,0,0,0,1,0,0,0,1,1
pair-00-case-491,Envoy Rate Limit,descriptor-additive,chain3,4,0,0,0,1,0,0,0,1,1
pair-00-case-492,Envoy Rate Limit,descriptor-additive,chain3,3,0,0,0,1,0,0,0,1,1
pair-00-case-493,Envoy Rate Limit,descriptor-additive,chain3,4,0,0,0,1,0,0,0,1,1
pair-00-case-494,Envoy Rate Limit,descriptor-additive,chain3,4,0,0,0,1,1,0,0,1,1
pair-00-case-495,Envoy Rate Limit,descriptor-additive,chain3,4,0,0,0,1,0,0,0,1,1
pair-00-case-496,Envoy Rate Limit,descriptor-additive,chain3,4,0,0,0,1,1,0,0,1,1
pair-00-case-497,Envoy Rate Limit,descriptor-additive,chain3,4,0,0,0,1,0,0,0,1,1
pair-00-case-498,Envoy Rate Limit,descriptor-additive,chain3,3,0,0,0,1,0,0,0,1,1
pair-00-case-499,Envoy Rate Limit,descriptor-additive,chain3,4,0,0,0,1,0,0,0,1,1
pair-01-case-000,Envoy Rate Limit,guest-quota-weakening,diamond4,1,0,0,0,1,1,1,0,1,1
pair-01-case-001,Envoy Rate Limit,guest-quota-weakening,diamond4,0,1,81,8,0,1,1,1,1,1
pair-01-case-002,Envoy Rate Limit,guest-quota-weakening,diamond4,1,0,0,0,1,0,0,0,1,1
pair-01-case-003,Envoy Rate Limit,guest-quota-weakening,diamond4,1,0,27,0,1,0,0,1,1,1
pair-01-case-004,Envoy Rate Limit,guest-quota-weakening,diamond4,1,0,0,0,1,1,1,0,1,1
pair-01-case-005,Envoy Rate Limit,guest-quota-weakening,diamond4,1,0,0,0,1,1,1,0,1,1
pair-01-case-006,Envoy Rate Limit,guest-quota-weakening,diamond4,1,0,27,0,1,1,0,1,1,1
pair-01-case-007,Envoy Rate Limit,guest-quota-weakening,diamond4,1,0,0,0,1,0,0,0,1,1
pair-01-case-008,Envoy Rate Limit,guest-quota-weakening,diamond4,1,0,27,0,1,0,0,1,1,1
pair-01-case-009,Envoy Rate Limit,guest-quota-weakening,diamond4,1,0,0,0,1,1,1,0,1,1
pair-01-case-010,Envoy Rate Limit,guest-quota-weakening,diamond4,1,0,0,0,1,1,1,0,1,1
pair-01-case-011,Envoy Rate Limit,guest-quota-weakening,diamond4,1,0,27,0,1,1,0,1,1,1
pair-01-case-012,Envoy Rate Limit,guest-quota-weakening,diamond4,1,0,0,0,1,0,0,0,1,1
pair-01-case-013,Envoy Rate Limit,guest-quota-weakening,diamond4,1,0,27,0,1,0,0,1,1,1
pair-01-case-014,Envoy Rate Limit,guest-quota-weakening,diamond4,1,0,27,0,1,1,1,0,1,1
pair-01-case-015,Envoy Rate Limit,guest-quota-weakening,diamond4,1,0,0,0,1,1,1,0,1,1
pair-01-case-016,Envoy Rate Limit,guest-quota-weakening,diamond4,1,0,27,0,1,1,0,1,1,1
pair-01-case-017,Envoy Rate Limit,guest-quota-weakening,diamond4,1,0,0,0,1,0,0,0,1,1
pair-01-case-018,Envoy Rate Limit,guest-quota-weakening,diamond4,1,0,27,0,1,0,0,1,1,1
pair-01-case-019,Envoy Rate Limit,guest-quota-weakening,diamond4,1,0,27,0,1,1,1,0,1,1
pair-01-case-020,Envoy Rate Limit,guest-quota-weakening,diamond4,1,0,0,0,1,1,1,0,1,1
pair-01-case-021,Envoy Rate Limit,guest-quota-weakening,diamond4,1,0,0,0,1,1,1,0,1,1
pair-01-case-022,Envoy Rate Limit,guest-quota-weakening,diamond4,1,0,27,0,1,1,0,1,1,1
pair-01-case-023,Envoy Rate Limit,guest-quota-weakening,diamond4,1,1,63,8,0,1,0,1,1,1
pair-01-case-024,Envoy Rate Limit,guest-quota-weakening,diamond4,1,1,63,8,0,1,0,1,1,1
pair-01-case-025,Envoy Rate Limit,guest-quota-weakening,diamond4,1,1,63,8,0,1,0,1,1,1
pair-01-case-026,Envoy Rate Limit,guest-quota-weakening,diamond4,1,1,63,8,0,1,0,1,1,1
pair-01-case-027,Envoy Rate Limit,guest-quota-weakening,diamond4,1,1,63,8,0,1,0,1,1,1
pair-01-case-028,Envoy Rate Limit,guest-quota-weakening,diamond4,1,1,63,8,0,1,0,1,1,1
pair-01-case-029,Envoy Rate Limit,guest-quota-weakening,diamond4,1,1,63,8,0,1,0,1,1,1
pair-01-case-030,Envoy Rate Limit,guest-quota-weakening,diamond4,1,1,63,8,0,1,0,1,1,1
pair-01-case-031,Envoy Rate Limit,guest-quota-weakening,diamond4,3,1,41,8,0,1,0,1,1,1
pair-01-case-032,Envoy Rate Limit,guest-quota-weakening,diamond4,4,1,25,8,0,1,0,1,1,1
pair-01-case-033,Envoy Rate Limit,guest-quota-weakening,diamond4,2,1,49,8,0,1,0,1,1,1
pair-01-case-034,Envoy Rate Limit,guest-quota-weakening,diamond4,3,1,35,8,0,1,0,1,1,1
pair-01-case-035,Envoy Rate Limit,guest-quota-weakening,diamond4,4,1,27,8,0,1,0,1,1,1
pair-01-case-036,Envoy Rate Limit,guest-quota-weakening,diamond4,4,1,25,8,0,1,0,1,1,1
pair-01-case-037,Envoy Rate Limit,guest-quota-weakening,diamond4,3,1,43,8,0,1,0,1,1,1
pair-01-case-038,Envoy Rate Limit,guest-quota-weakening,diamond4,2,1,49,8,0,1,0,1,1,1
pair-01-case-039,Envoy Rate Limit,guest-quota-weakening,diamond4,3,1,35,8,0,1,0,1,1,1
pair-01-case-040,Envoy Rate Limit,guest-quota-weakening,diamond4,4,1,23,8,0,1,0,1,1,1
pair-01-case-041,Envoy Rate Limit,guest-quota-weakening,diamond4,4,1,27,8,0,1,0,1,1,1
pair-01-case-042,Envoy Rate Limit,guest-quota-weakening,diamond4,3,1,34,8,0,1,0,1,1,1
pair-01-case-043,Envoy Rate Limit,guest-quota-weakening,diamond4,3,1,31,8,0,1,0,1,1,1
pair-01-case-044,Envoy Rate Limit,guest-quota-weakening,diamond4,4,1,33,8,0,1,0,1,1,1
pair-01-case-045,Envoy Rate Limit,guest-quota-weakening,diamond4,4,1,35,8,0,1,0,1,1,1
pair-01-case-046,Envoy Rate Limit,guest-quota-weakening,diamond4,3,1,39,8,0,1,0,1,1,1
pair-01-case-047,Envoy Rate Limit,guest-quota-weakening,diamond4,4,1,31,8,0,1,0,1,1,1
pair-01-case-048,Envoy Rate Limit,guest-quota-weakening,diamond4,4,1,23,8,0,1,0,1,1,1
pair-01-case-049,Envoy Rate Limit,guest-quota-weakening,diamond4,4,1,27,8,0,1,0,1,1,1
pair-01-case-050,Envoy Rate Limit,guest-quota-weakening,diamond4,3,1,31,8,0,1,0,1,1,1
pair-01-case-051,Envoy Rate Limit,guest-quota-weakening,diamond4,4,1,27,8,0,1,0,1,1,1
pair-01-case-052,Envoy Rate Limit,guest-quota-weakening,diamond4,4,1,31,8,0,1,0,1,1,1
pair-01-case-053,Envoy Rate Limit,guest-quota-weakening,diamond4,4,1,29,8,0,1,0,1,1,1
pair-01-case-054,Envoy Rate Limit,guest-quota-weakening,diamond4,3,1,39,8,0,1,0,1,1,1
pair-01-case-055,Envoy Rate Limit,guest-quota-weakening,diamond4,4,1,31,8,0,1,0,1,1,1
pair-01-case-056,Envoy Rate Limit,guest-quota-weakening,diamond4,4,1,29,8,0,1,0,1,1,1
pair-01-case-057,Envoy Rate Limit,guest-quota-weakening,diamond4,3,1,31,8,0,1,0,1,1,1
pair-01-case-058,Envoy Rate Limit,guest-quota-weakening,diamond4,4,1,33,8,0,1,0,1,1,1
pair-01-case-059,Envoy Rate Limit,guest-quota-weakening,diamond4,4,1,26,8,0,1,0,1,1,1
pair-01-case-060,Envoy Rate Limit,guest-quota-weakening,diamond4,4,1,31,8,0,1,0,1,1,1
pair-01-case-061,Envoy Rate Limit,guest-quota-weakening,diamond4,4,1,26,8,0,1,0,1,1,1
pair-01-case-062,Envoy Rate Limit,guest-quota-weakening,diamond4,2,1,45,8,0,1,0,1,1,1
pair-01-case-063,Envoy Rate Limit,guest-quota-weakening,diamond4,2,1,51,8,0,1,0,1,1,1
pair-01-case-064,Envoy Rate Limit,guest-quota-weakening,diamond4,3,1,33,8,0,1,0,1,1,1
pair-01-case-065,Envoy Rate Limit,guest-quota-weakening,diamond4,2,1,51,8,0,1,0,1,1,1
pair-01-case-066,Envoy Rate Limit,guest-quota-weakening,diamond4,4,1,27,8,0,1,0,1,1,1
pair-01-case-067,Envoy Rate Limit,guest-quota-weakening,diamond4,3,1,33,8,0,1,0,1,1,1
pair-01-case-068,Envoy Rate Limit,guest-quota-weakening,diamond4,4,1,21,8,0,1,0,1,1,1
pair-01-case-069,Envoy Rate Limit,guest-quota-weakening,diamond4,3,1,35,8,0,1,0,1,1,1
pair-01-case-070,Envoy Rate Limit,guest-quota-weakening,diamond4,3,1,45,8,0,1,0,1,1,1
pair-01-case-071,Envoy Rate Limit,guest-quota-weakening,diamond4,4,1,37,8,0,1,0,1,1,1
pair-01-case-072,Envoy Rate Limit,guest-quota-weakening,diamond4,4,1,30,8,0,1,0,1,1,1
pair-01-case-073,Envoy Rate Limit,guest-quota-weakening,diamond4,2,1,49,8,0,1,0,1,1,1
pair-01-case-074,Envoy Rate Limit,guest-quota-weakening,diamond4,4,1,29,8,0,1,0,1,1,1
pair-01-case-075,Envoy Rate Limit,guest-quota-weakening,diamond4,3,1,36,8,0,1,0,1,1,1
pair-01-case-076,Envoy Rate Limit,guest-quota-weakening,diamond4,4,1,31,8,0,1,0,1,1,1
pair-01-case-077,Envoy Rate Limit,guest-quota-weakening,diamond4,3,1,35,8,0,1,0,1,1,1
pair-01-case-078,Envoy Rate Limit,guest-quota-weakening,diamond4,3,1,34,8,0,1,0,1,1,1
pair-01-case-079,Envoy Rate Limit,guest-quota-weakening,diamond4,4,1,31,8,0,1,0,1,1,1
pair-01-case-080,Envoy Rate Limit,guest-quota-weakening,diamond4,4,1,31,8,0,1,0,1,1,1
pair-01-case-081,Envoy Rate Limit,guest-quota-weakening,diamond4,3,1,36,8,0,1,0,1,1,1
pair-01-case-082,Envoy Rate Limit,guest-quota-weakening,diamond4,4,1,33,8,0,1,0,1,1,1
pair-01-case-083,Envoy Rate Limit,guest-quota-weakening,diamond4,3,1,39,8,0,1,0,1,1,1
pair-01-case-084,Envoy Rate Limit,guest-quota-weakening,diamond4,3,1,33,8,0,1,0,1,1,1
pair-01-case-085,Envoy Rate Limit,guest-quota-weakening,diamond4,2,1,49,8,0,1,0,1,1,1
pair-01-case-086,Envoy Rate Limit,guest-quota-weakening,diamond4,3,1,37,8,0,1,0,1,1,1
pair-01-case-087,Envoy Rate Limit,guest-quota-weakening,diamond4,4,1,27,8,0,1,0,1,1,1
pair-01-case-088,Envoy Rate Limit,guest-quota-weakening,diamond4,3,1,36,8,0,1,0,1,1,1
pair-01-case-089,Envoy Rate Limit,guest-quota-weakening,diamond4,4,1,25,8,0,1,0,1,1,1
pair-01-case-090,Envoy Rate Limit,guest-quota-weakening,diamond4,4,1,29,8,0,1,0,1,1,1
pair-01-case-091,Envoy Rate Limit,guest-quota-weakening,diamond4,4,1,33,8,0,1,0,1,1,1
pair-01-case-092,Envoy Rate Limit,guest-quota-weakening,diamond4,2,1,57,8,0,1,0,1,1,1
pair-01-case-093,Envoy Rate Limit,guest-quota-weakening,diamond4,4,1,27,8,0,1,0,1,1,1
pair-01-case-094,Envoy Rate Limit,guest-quota-weakening,diamond4,4,1,26,8,0,1,0,1,1,1
pair-01-case-095,Envoy Rate Limit,guest-quota-weakening,diamond4,4,1,21,8,0,1,0,1,1,1
pair-01-case-096,Envoy Rate Limit,guest-quota-weakening,diamond4,4,1,31,8,0,1,0,1,1,1
pair-01-case-097,Envoy Rate Limit,guest-quota-weakening,diamond4,3,1,39,8,0,1,0,1,1,1
pair-01-case-098,Envoy Rate Limit,guest-quota-weakening,diamond4,4,1,31,8,0,1,0,1,1,1
pair-01-case-099,Envoy Rate Limit,guest-quota-weakening,diamond4,3,1,37,8,0,1,0,1,1,1
pair-01-case-100,Envoy Rate Limit,guest-quota-weakening,diamond4,2,1,45,8,0,1,0,1,1,1
pair-01-case-101,Envoy Rate Limit,guest-quota-weakening,diamond4,2,1,45,8,0,1,0,1,1,1
pair-01-case-102,Envoy Rate Limit,guest-quota-weakening,diamond4,3,1,37,8,0,1,0,1,1,1
pair-01-case-103,Envoy Rate Limit,guest-quota-weakening,diamond4,4,1,27,8,0,1,0,1,1,1
pair-01-case-104,Envoy Rate Limit,guest-quota-weakening,diamond4,3,1,37,8,0,1,0,1,1,1
pair-01-case-105,Envoy Rate Limit,guest-quota-weakening,diamond4,2,1,49,8,0,1,0,1,1,1
pair-01-case-106,Envoy Rate Limit,guest-quota-weakening,diamond4,3,1,34,8,0,1,0,1,1,1
pair-01-case-107,Envoy Rate Limit,guest-quota-weakening,diamond4,3,1,31,8,0,1,0,1,1,1
pair-01-case-108,Envoy Rate Limit,guest-quota-weakening,diamond4,4,1,27,8,0,1,0,1,1,1
pair-01-case-109,Envoy Rate Limit,guest-quota-weakening,diamond4,3,1,35,8,0,1,0,1,1,1
pair-01-case-110,Envoy Rate Limit,guest-quota-weakening,diamond4,4,1,20,8,0,1,0,1,1,1
pair-01-case-111,Envoy Rate Limit,guest-quota-weakening,diamond4,4,1,27,8,0,1,0,1,1,1
pair-01-case-112,Envoy Rate Limit,guest-quota-weakening,diamond4,3,1,39,8,0,1,0,1,1,1
pair-01-case-113,Envoy Rate Limit,guest-quota-weakening,diamond4,3,1,37,8,0,1,0,1,1,1
pair-01-case-114,Envoy Rate Limit,guest-quota-weakening,diamond4,4,1,20,8,0,1,0,1,1,1
pair-01-case-115,Envoy Rate Limit,guest-quota-weakening,diamond4,2,1,51,8,0,1,0,1,1,1
pair-01-case-116,Envoy Rate Limit,guest-quota-weakening,diamond4,4,1,26,8,0,1,0,1,1,1
pair-01-case-117,Envoy Rate Limit,guest-quota-weakening,diamond4,4,1,26,8,0,1,0,1,1,1
pair-01-case-118,Envoy Rate Limit,guest-quota-weakening,diamond4,3,1,39,8,0,1,0,1,1,1
pair-01-case-119,Envoy Rate Limit,guest-quota-weakening,diamond4,3,1,35,8,0,1,0,1,1,1
pair-01-case-120,Envoy Rate Limit,guest-quota-weakening,diamond4,3,1,43,8,0,1,0,1,1,1
pair-01-case-121,Envoy Rate Limit,guest-quota-weakening,diamond4,3,1,45,8,0,1,0,1,1,1
pair-01-case-122,Envoy Rate Limit,guest-quota-weakening,diamond4,3,1,41,8,0,1,0,1,1,1
pair-01-case-123,Envoy Rate Limit,guest-quota-weakening,diamond4,3,1,33,8,0,1,0,1,1,1
pair-01-case-124,Envoy Rate Limit,guest-quota-weakening,diamond4,4,1,27,8,0,1,0,1,1,1
pair-01-case-125,Envoy Rate Limit,guest-quota-weakening,diamond4,2,1,49,8,0,1,0,1,1,1
pair-01-case-126,Envoy Rate Limit,guest-quota-weakening,diamond4,4,1,29,8,0,1,0,1,1,1
pair-01-case-127,Envoy Rate Limit,guest-quota-weakening,diamond4,4,0,0,0,1,0,0,0,1,1
pair-01-case-128,Envoy Rate Limit,guest-quota-weakening,diamond4,3,0,0,0,1,1,0,0,1,1
pair-01-case-129,Envoy Rate Limit,guest-quota-weakening,diamond4,2,0,0,0,1,1,0,0,1,1
pair-01-case-130,Envoy Rate Limit,guest-quota-weakening,diamond4,4,0,0,0,1,1,0,0,1,1
pair-01-case-131,Envoy Rate Limit,guest-quota-weakening,diamond4,4,0,3,0,1,0,0,0,1,1
pair-01-case-132,Envoy Rate Limit,guest-quota-weakening,diamond4,4,0,0,0,1,1,0,0,1,1
pair-01-case-133,Envoy Rate Limit,guest-quota-weakening,diamond4,4,0,0,0,1,1,0,0,1,1
pair-01-case-134,Envoy Rate Limit,guest-quota-weakening,diamond4,4,0,0,0,1,0,0,0,1,1
pair-01-case-135,Envoy Rate Limit,guest-quota-weakening,diamond4,4,0,0,0,1,0,0,0,1,1
pair-01-case-136,Envoy Rate Limit,guest-quota-weakening,diamond4,4,0,0,0,1,0,0,0,1,1
pair-01-case-137,Envoy Rate Limit,guest-quota-weakening,diamond4,4,0,0,0,1,0,0,0,1,1
pair-01-case-138,Envoy Rate Limit,guest-quota-weakening,diamond4,4,0,0,0,1,0,0,0,1,1
pair-01-case-139,Envoy Rate Limit,guest-quota-weakening,diamond4,4,0,0,0,1,0,0,0,1,1
pair-01-case-140,Envoy Rate Limit,guest-quota-weakening,diamond4,4,0,0,0,1,0,0,0,1,1
pair-01-case-141,Envoy Rate Limit,guest-quota-weakening,diamond4,4,0,0,0,1,1,0,0,1,1
pair-01-case-142,Envoy Rate Limit,guest-quota-weakening,diamond4,4,0,0,0,1,0,0,0,1,1
pair-01-case-143,Envoy Rate Limit,guest-quota-weakening,diamond4,4,0,0,0,1,1,0,0,1,1
pair-01-case-144,Envoy Rate Limit,guest-quota-weakening,diamond4,4,0,0,0,1,0,0,0,1,1
pair-01-case-145,Envoy Rate Limit,guest-quota-weakening,diamond4,4,0,0,0,1,0,0,0,1,1
pair-01-case-146,Envoy Rate Limit,guest-quota-weakening,diamond4,4,0,0,0,1,0,0,0,1,1
pair-01-case-147,Envoy Rate Limit,guest-quota-weakening,diamond4,4,0,15,0,1,1,0,1,1,1
pair-01-case-148,Envoy Rate Limit,guest-quota-weakening,diamond4,4,0,0,0,1,1,0,0,1,1
pair-01-case-149,Envoy Rate Limit,guest-quota-weakening,diamond4,3,0,0,0,1,0,0,0,1,1
pair-01-case-150,Envoy Rate Limit,guest-quota-weakening,diamond4,4,0,0,0,1,0,0,0,1,1
pair-01-case-151,Envoy Rate Limit,guest-quota-weakening,diamond4,4,0,0,0,1,0,0,0,1,1
pair-01-case-152,Envoy Rate Limit,guest-quota-weakening,diamond4,4,0,0,0,1,0,0,0,1,1
pair-01-case-153,Envoy Rate Limit,guest-quota-weakening,diamond4,4,0,7,0,1,0,0,0,1,1
pair-01-case-154,Envoy Rate Limit,guest-quota-weakening,diamond4,4,0,0,0,1,0,0,0,1,1
pair-01-case-155,Envoy Rate Limit,guest-quota-weakening,diamond4,4,0,0,0,1,0,0,0,1,1
pair-01-case-156,Envoy Rate Limit,guest-quota-weakening,diamond4,3,0,9,0,1,0,0,1,1,1
pair-01-case-157,Envoy Rate Limit,guest-quota-weakening,diamond4,4,0,0,0,1,0,0,0,1,1
pair-01-case-158,Envoy Rate Limit,guest-quota-weakening,diamond4,4,0,7,0,1,0,0,1,1,1
pair-01-case-159,Envoy Rate Limit,guest-quota-weakening,diamond4,4,0,0,0,1,1,0,0,1,1
pair-01-case-160,Envoy Rate Limit,guest-quota-weakening,diamond4,3,0,0,0,1,0,0,0,1,1
pair-01-case-161,Envoy Rate Limit,guest-quota-weakening,diamond4,3,0,0,0,1,0,0,0,1,1
pair-01-case-162,Envoy Rate Limit,guest-quota-weakening,diamond4,4,0,0,0,1,0,0,0,1,1
pair-01-case-163,Envoy Rate Limit,guest-quota-weakening,diamond4,3,0,0,0,1,0,0,0,1,1
pair-01-case-164,Envoy Rate Limit,guest-quota-weakening,diamond4,4,0,0,0,1,1,0,0,1,1
pair-01-case-165,Envoy Rate Limit,guest-quota-weakening,diamond4,4,0,0,0,1,1,0,0,1,1
pair-01-case-166,Envoy Rate Limit,guest-quota-weakening,diamond4,4,0,0,0,1,0,0,0,1,1
pair-01-case-167,Envoy Rate Limit,guest-quota-weakening,diamond4,4,0,0,0,1,1,0,0,1,1
pair-01-case-168,Envoy Rate Limit,guest-quota-weakening,diamond4,4,0,11,0,1,1,0,1,1,1
pair-01-case-169,Envoy Rate Limit,guest-quota-weakening,diamond4,4,0,0,0,1,0,0,0,1,1
pair-01-case-170,Envoy Rate Limit,guest-quota-weakening,diamond4,4,0,0,0,1,0,0,0,1,1
pair-01-case-171,Envoy Rate Limit,guest-quota-weakening,diamond4,4,0,0,0,1,1,0,0,1,1
pair-01-case-172,Envoy Rate Limit,guest-quota-weakening,diamond4,4,0,0,0,1,0,0,0,1,1
pair-01-case-173,Envoy Rate Limit,guest-quota-weakening,diamond4,4,0,0,0,1,0,0,0,1,1
pair-01-case-174,Envoy Rate Limit,guest-quota-weakening,diamond4,3,0,21,0,1,0,0,1,1,1
pair-01-case-175,Envoy Rate Limit,guest-quota-weakening,diamond4,4,0,0,0,1,0,0,0,1,1
pair-01-case-176,Envoy Rate Limit,guest-quota-weakening,diamond4,4,0,18,0,1,1,0,0,1,1
pair-01-case-177,Envoy Rate Limit,guest-quota-weakening,diamond4,4,0,0,0,1,0,0,0,1,1
pair-01-case-178,Envoy Rate Limit,guest-quota-weakening,diamond4,4,0,0,0,1,0,0,0,1,1
pair-01-case-179,Envoy Rate Limit,guest-quota-weakening,diamond4,3,0,15,0,1,0,0,1,1,1
pair-01-case-180,Envoy Rate Limit,guest-quota-weakening,diamond4,4,0,0,0,1,0,0,0,1,1
pair-01-case-181,Envoy Rate Limit,guest-quota-weakening,diamond4,4,0,0,0,1,0,0,0,1,1
pair-01-case-182,Envoy Rate Limit,guest-quota-weakening,diamond4,4,0,0,0,1,1,0,0,1,1
pair-01-case-183,Envoy Rate Limit,guest-quota-weakening,diamond4,3,0,0,0,1,0,0,0,1,1
pair-01-case-184,Envoy Rate Limit,guest-quota-weakening,diamond4,4,0,0,0,1,0,0,0,1,1
pair-01-case-185,Envoy Rate Limit,guest-quota-weakening,diamond4,4,0,0,0,1,1,0,0,1,1
pair-01-case-186,Envoy Rate Limit,guest-quota-weakening,diamond4,4,0,0,0,1,0,0,0,1,1
pair-01-case-187,Envoy Rate Limit,guest-quota-weakening,diamond4,4,0,0,0,1,0,0,0,1,1
pair-01-case-188,Envoy Rate Limit,guest-quota-weakening,diamond4,4,0,0,0,1,0,0,0,1,1
pair-01-case-189,Envoy Rate Limit,guest-quota-weakening,diamond4,4,0,0,0,1,0,0,0,1,1
pair-01-case-190,Envoy Rate Limit,guest-quota-weakening,diamond4,4,0,0,0,1,0,0,0,1,1
pair-01-case-191,Envoy Rate Limit,guest-quota-weakening,diamond4,3,0,0,0,1,0,0,0,1,1
pair-01-case-192,Envoy Rate Limit,guest-quota-weakening,diamond4,4,0,0,0,1,1,0,0,1,1
pair-01-case-193,Envoy Rate Limit,guest-quota-weakening,diamond4,4,0,7,0,1,0,0,1,1,1
pair-01-case-194,Envoy Rate Limit,guest-quota-weakening,diamond4,4,0,0,0,1,1,0,0,1,1
pair-01-case-195,Envoy Rate Limit,guest-quota-weakening,diamond4,4,0,0,0,1,1,0,0,1,1
pair-01-case-196,Envoy Rate Limit,guest-quota-weakening,diamond4,4,0,0,0,1,0,0,0,1,1
pair-01-case-197,Envoy Rate Limit,guest-quota-weakening,diamond4,4,0,0,0,1,0,0,0,1,1
pair-01-case-198,Envoy Rate Limit,guest-quota-weakening,diamond4,3,0,0,0,1,0,0,0,1,1
pair-01-case-199,Envoy Rate Limit,guest-quota-weakening,diamond4,4,0,0,0,1,1,0,0,1,1
pair-01-case-200,Envoy Rate Limit,guest-quota-weakening,diamond4,4,0,0,0,1,0,0,0,1,1
pair-01-case-201,Envoy Rate Limit,guest-quota-weakening,diamond4,4,0,0,0,1,0,0,0,1,1
pair-01-case-202,Envoy Rate Limit,guest-quota-weakening,diamond4,4,0,0,0,1,0,0,0,1,1
pair-01-case-203,Envoy Rate Limit,guest-quota-weakening,diamond4,4,0,6,0,1,0,0,1,1,1
pair-01-case-204,Envoy Rate Limit,guest-quota-weakening,diamond4,4,0,0,0,1,1,0,0,1,1
pair-01-case-205,Envoy Rate Limit,guest-quota-weakening,diamond4,4,0,0,0,1,1,0,0,1,1
pair-01-case-206,Envoy Rate Limit,guest-quota-weakening,diamond4,4,0,9,0,1,0,0,1,1,1
pair-01-case-207,Envoy Rate Limit,guest-quota-weakening,diamond4,4,0,0,0,1,0,0,0,1,1
pair-01-case-208,Envoy Rate Limit,guest-quota-weakening,diamond4,4,0,0,0,1,0,0,0,1,1
pair-01-case-209,Envoy Rate Limit,guest-quota-weakening,diamond4,4,0,0,0,1,1,0,0,1,1
pair-01-case-210,Envoy Rate Limit,guest-quota-weakening,diamond4,4,0,0,0,1,0,0,0,1,1
pair-01-case-211,Envoy Rate Limit,guest-quota-weakening,diamond4,4,0,0,0,1,1,0,0,1,1
pair-01-case-212,Envoy Rate Limit,guest-quota-weakening,diamond4,4,0,0,0,1,0,0,0,1,1
pair-01-case-213,Envoy Rate Limit,guest-quota-weakening,diamond4,4,0,0,0,1,0,0,0,1,1
pair-01-case-214,Envoy Rate Limit,guest-quota-weakening,diamond4,4,0,0,0,1,1,0,0,1,1
pair-01-case-215,Envoy Rate Limit,guest-quota-weakening,diamond4,4,0,0,0,1,0,0,0,1,1
pair-01-case-216,Envoy Rate Limit,guest-quota-weakening,diamond4,4,0,0,0,1,0,0,0,1,1
pair-01-case-217,Envoy Rate Limit,guest-quota-weakening,diamond4,4,0,0,0,1,0,0,0,1,1
pair-01-case-218,Envoy Rate Limit,guest-quota-weakening,diamond4,4,0,0,0,1,1,1,0,1,1
pair-01-case-219,Envoy Rate Limit,guest-quota-weakening,diamond4,3,0,0,0,1,1,0,0,1,1
pair-01-case-220,Envoy Rate Limit,guest-quota-weakening,diamond4,4,0,0,0,1,0,0,0,1,1
pair-01-case-221,Envoy Rate Limit,guest-quota-weakening,diamond4,4,0,0,0,1,0,0,0,1,1
pair-01-case-222,Envoy Rate Limit,guest-quota-weakening,diamond4,4,0,9,0,1,1,0,0,1,1
pair-01-case-223,Envoy Rate Limit,guest-quota-weakening,diamond4,4,0,0,0,1,1,0,0,1,1
pair-01-case-224,Envoy Rate Limit,guest-quota-weakening,diamond4,4,0,3,0,1,0,0,1,1,1
pair-01-case-225,Envoy Rate Limit,guest-quota-weakening,diamond4,4,0,9,0,1,0,0,1,1,1
pair-01-case-226,Envoy Rate Limit,guest-quota-weakening,diamond4,3,0,9,0,1,1,0,1,1,1
pair-01-case-227,Envoy Rate Limit,guest-quota-weakening,diamond4,4,0,0,0,1,1,0,0,1,1
pair-01-case-228,Envoy Rate Limit,guest-quota-weakening,diamond4,4,0,0,0,1,0,0,0,1,1
pair-01-case-229,Envoy Rate Limit,guest-quota-weakening,diamond4,3,0,0,0,1,1,0,0,1,1
pair-01-case-230,Envoy Rate Limit,guest-quota-weakening,diamond4,4,0,0,0,1,0,0,0,1,1
pair-01-case-231,Envoy Rate Limit,guest-quota-weakening,diamond4,4,0,0,0,1,1,0,0,1,1
pair-01-case-232,Envoy Rate Limit,guest-quota-weakening,diamond4,3,0,0,0,1,1,1,0,1,1
pair-01-case-233,Envoy Rate Limit,guest-quota-weakening,diamond4,4,0,0,0,1,0,0,0,1,1
pair-01-case-234,Envoy Rate Limit,guest-quota-weakening,diamond4,4,0,0,0,1,1,0,0,1,1
pair-01-case-235,Envoy Rate Limit,guest-quota-weakening,diamond4,4,0,0,0,1,0,0,0,1,1
pair-01-case-236,Envoy Rate Limit,guest-quota-weakening,diamond4,4,0,0,0,1,0,0,0,1,1
pair-01-case-237,Envoy Rate Limit,guest-quota-weakening,diamond4,4,0,0,0,1,0,0,0,1,1
pair-01-case-238,Envoy Rate Limit,guest-quota-weakening,diamond4,3,0,9,0,1,0,0,1,1,1
pair-01-case-239,Envoy Rate Limit,guest-quota-weakening,diamond4,4,0,0,0,1,0,0,0,1,1
pair-01-case-240,Envoy Rate Limit,guest-quota-weakening,diamond4,4,0,0,0,1,0,0,0,1,1
pair-01-case-241,Envoy Rate Limit,guest-quota-weakening,diamond4,4,0,0,0,1,0,0,0,1,1
pair-01-case-242,Envoy Rate Limit,guest-quota-weakening,diamond4,4,0,0,0,1,0,0,0,1,1
pair-01-case-243,Envoy Rate Limit,guest-quota-weakening,diamond4,4,0,0,0,1,0,0,0,1,1
pair-01-case-244,Envoy Rate Limit,guest-quota-weakening,diamond4,4,0,3,0,1,1,0,0,1,1
pair-01-case-245,Envoy Rate Limit,guest-quota-weakening,diamond4,4,0,0,0,1,1,0,0,1,1
pair-01-case-246,Envoy Rate Limit,guest-quota-weakening,diamond4,4,0,9,0,1,0,0,0,1,1
pair-01-case-247,Envoy Rate Limit,guest-quota-weakening,diamond4,4,0,7,0,1,0,0,0,1,1
pair-01-case-248,Envoy Rate Limit,guest-quota-weakening,diamond4,3,0,7,0,1,0,0,1,1,1
pair-01-case-249,Envoy Rate Limit,guest-quota-weakening,diamond4,4,0,0,0,1,0,0,0,1,1
pair-01-case-250,Envoy Rate Limit,guest-quota-weakening,diamond4,4,0,0,0,1,1,0,0,1,1
pair-01-case-251,Envoy Rate Limit,guest-quota-weakening,diamond4,4,0,0,0,1,0,0,0,1,1
pair-01-case-252,Envoy Rate Limit,guest-quota-weakening,diamond4,4,0,0,0,1,0,0,0,1,1
pair-01-case-253,Envoy Rate Limit,guest-quota-weakening,diamond4,4,0,0,0,1,0,0,0,1,1
pair-01-case-254,Envoy Rate Limit,guest-quota-weakening,diamond4,4,0,0,0,1,0,0,0,1,1
pair-01-case-255,Envoy Rate Limit,guest-quota-weakening,diamond4,4,0,0,0,1,0,0,0,1,1
pair-01-case-256,Envoy Rate Limit,guest-quota-weakening,diamond4,4,0,4,0,1,1,0,0,1,1
pair-01-case-257,Envoy Rate Limit,guest-quota-weakening,diamond4,4,0,0,0,1,0,0,0,1,1
pair-01-case-258,Envoy Rate Limit,guest-quota-weakening,diamond4,4,0,0,0,1,0,0,0,1,1
pair-01-case-259,Envoy Rate Limit,guest-quota-weakening,diamond4,4,0,0,0,1,1,0,0,1,1
pair-01-case-260,Envoy Rate Limit,guest-quota-weakening,diamond4,4,0,13,0,1,0,0,1,1,1
pair-01-case-261,Envoy Rate Limit,guest-quota-weakening,diamond4,4,0,0,0,1,0,0,0,1,1
pair-01-case-262,Envoy Rate Limit,guest-quota-weakening,diamond4,4,0,6,0,1,0,0,0,1,1
pair-01-case-263,Envoy Rate Limit,guest-quota-weakening,diamond4,4,0,9,0,1,0,0,0,1,1
pair-01-case-264,Envoy Rate Limit,guest-quota-weakening,diamond4,4,0,0,0,1,0,0,0,1,1
pair-01-case-265,Envoy Rate Limit,guest-quota-weakening,diamond4,4,0,0,0,1,0,0,0,1,1
pair-01-case-266,Envoy Rate Limit,guest-quota-weakening,diamond4,4,0,0,0,1,0,0,0,1,1
pair-01-case-267,Envoy Rate Limit,guest-quota-weakening,diamond4,4,0,0,0,1,0,0,0,1,1
pair-01-case-268,Envoy Rate Limit,guest-quota-weakening,diamond4,3,0,0,0,1,0,0,0,1,1
pair-01-case-269,Envoy Rate Limit,guest-quota-weakening,diamond4,4,0,0,0,1,0,0,0,1,1
pair-01-case-270,Envoy Rate Limit,guest-quota-weakening,diamond4,4,0,0,0,1,0,0,0,1,1
pair-01-case-271,Envoy Rate Limit,guest-quota-weakening,diamond4,4,0,0,0,1,0,0,0,1,1
pair-01-case-272,Envoy Rate Limit,guest-quota-weakening,diamond4,4,0,0,0,1,0,0,0,1,1
pair-01-case-273,Envoy Rate Limit,guest-quota-weakening,diamond4,4,0,0,0,1,0,0,0,1,1
pair-01-case-274,Envoy Rate Limit,guest-quota-weakening,diamond4,3,0,0,0,1,1,0,0,1,1
pair-01-case-275,Envoy Rate Limit,guest-quota-weakening,diamond4,4,0,0,0,1,1,0,0,1,1
pair-01-case-276,Envoy Rate Limit,guest-quota-weakening,diamond4,4,0,0,0,1,1,0,0,1,1
pair-01-case-277,Envoy Rate Limit,guest-quota-weakening,diamond4,4,0,0,0,1,0,0,0,1,1
pair-01-case-278,Envoy Rate Limit,guest-quota-weakening,diamond4,4,0,0,0,1,0,0,0,1,1
pair-01-case-279,Envoy Rate Limit,guest-quota-weakening,diamond4,4,0,0,0,1,1,0,0,1,1
pair-01-case-280,Envoy Rate Limit,guest-quota-weakening,diamond4,4,0,0,0,1,0,0,0,1,1
pair-01-case-281,Envoy Rate Limit,guest-quota-weakening,diamond4,4,0,0,0,1,0,0,0,1,1
pair-01-case-282,Envoy Rate Limit,guest-quota-weakening,diamond4,3,0,3,0,1,1,0,0,1,1
pair-01-case-283,Envoy Rate Limit,guest-quota-weakening,diamond4,4,0,0,0,1,1,0,0,1,1
pair-01-case-284,Envoy Rate Limit,guest-quota-weakening,diamond4,4,0,0,0,1,0,0,0,1,1
pair-01-case-285,Envoy Rate Limit,guest-quota-weakening,diamond4,4,0,0,0,1,0,0,0,1,1
pair-01-case-286,Envoy Rate Limit,guest-quota-weakening,diamond4,4,0,3,0,1,0,0,1,1,1
pair-01-case-287,Envoy Rate Limit,guest-quota-weakening,diamond4,4,0,0,0,1,0,0,0,1,1
pair-01-case-288,Envoy Rate Limit,guest-quota-weakening,diamond4,4,0,0,0,1,1,0,0,1,1
pair-01-case-289,Envoy Rate Limit,guest-quota-weakening,diamond4,4,0,0,0,1,0,0,0,1,1
pair-01-case-290,Envoy Rate Limit,guest-quota-weakening,diamond4,4,0,0,0,1,0,0,0,1,1
pair-01-case-291,Envoy Rate Limit,guest-quota-weakening,diamond4,4,0,0,0,1,0,0,0,1,1
pair-01-case-292,Envoy Rate Limit,guest-quota-weakening,diamond4,4,0,0,0,1,0,0,0,1,1
pair-01-case-293,Envoy Rate Limit,guest-quota-weakening,diamond4,4,0,0,0,1,0,0,0,1,1
pair-01-case-294,Envoy Rate Limit,guest-quota-weakening,diamond4,4,0,0,0,1,0,0,0,1,1
pair-01-case-295,Envoy Rate Limit,guest-quota-weakening,diamond4,4,0,3,0,1,0,0,1,1,1
pair-01-case-296,Envoy Rate Limit,guest-quota-weakening,diamond4,4,0,0,0,1,1,0,0,1,1
pair-01-case-297,Envoy Rate Limit,guest-quota-weakening,diamond4,4,0,0,0,1,0,0,0,1,1
pair-01-case-298,Envoy Rate Limit,guest-quota-weakening,diamond4,4,0,0,0,1,0,0,0,1,1
pair-01-case-299,Envoy Rate Limit,guest-quota-weakening,diamond4,4,0,0,0,1,0,0,0,1,1
pair-01-case-300,Envoy Rate Limit,guest-quota-weakening,diamond4,3,0,0,0,1,0,0,0,1,1
pair-01-case-301,Envoy Rate Limit,guest-quota-weakening,diamond4,3,0,0,0,1,1,0,0,1,1
pair-01-case-302,Envoy Rate Limit,guest-quota-weakening,diamond4,4,0,0,0,1,0,0,0,1,1
pair-01-case-303,Envoy Rate Limit,guest-quota-weakening,diamond4,4,0,3,0,1,0,0,0,1,1
pair-01-case-304,Envoy Rate Limit,guest-quota-weakening,diamond4,4,0,0,0,1,0,0,0,1,1
pair-01-case-305,Envoy Rate Limit,guest-quota-weakening,diamond4,4,0,0,0,1,0,0,0,1,1
pair-01-case-306,Envoy Rate Limit,guest-quota-weakening,diamond4,3,0,0,0,1,0,0,0,1,1
pair-01-case-307,Envoy Rate Limit,guest-quota-weakening,diamond4,3,0,0,0,1,1,0,0,1,1
pair-01-case-308,Envoy Rate Limit,guest-quota-weakening,diamond4,4,0,0,0,1,1,0,0,1,1
pair-01-case-309,Envoy Rate Limit,guest-quota-weakening,diamond4,4,0,0,0,1,1,0,0,1,1
pair-01-case-310,Envoy Rate Limit,guest-quota-weakening,diamond4,4,0,0,0,1,0,0,0,1,1
pair-01-case-311,Envoy Rate Limit,guest-quota-weakening,diamond4,4,0,0,0,1,0,0,0,1,1
pair-01-case-312,Envoy Rate Limit,guest-quota-weakening,diamond4,4,0,0,0,1,0,0,0,1,1
pair-01-case-313,Envoy Rate Limit,guest-quota-weakening,diamond4,4,0,0,0,1,0,0,0,1,1
pair-01-case-314,Envoy Rate Limit,guest-quota-weakening,diamond4,4,0,3,0,1,1,0,0,1,1
pair-01-case-315,Envoy Rate Limit,guest-quota-weakening,diamond4,4,0,0,0,1,0,0,0,1,1
pair-01-case-316,Envoy Rate Limit,guest-quota-weakening,diamond4,4,0,3,0,1,0,0,0,1,1
pair-01-case-317,Envoy Rate Limit,guest-quota-weakening,diamond4,4,0,0,0,1,1,0,0,1,1
pair-01-case-318,Envoy Rate Limit,guest-quota-weakening,diamond4,4,0,0,0,1,1,0,0,1,1
pair-01-case-319,Envoy Rate Limit,guest-quota-weakening,diamond4,3,0,9,0,1,1,0,0,1,1
pair-01-case-320,Envoy Rate Limit,guest-quota-weakening,diamond4,4,0,0,0,1,0,0,0,1,1
pair-01-case-321,Envoy Rate Limit,guest-quota-weakening,diamond4,4,0,0,0,1,0,0,0,1,1
pair-01-case-322,Envoy Rate Limit,guest-quota-weakening,diamond4,3,0,0,0,1,0,0,0,1,1
pair-01-case-323,Envoy Rate Limit,guest-quota-weakening,diamond4,4,0,0,0,1,1,0,0,1,1
pair-01-case-324,Envoy Rate Limit,guest-quota-weakening,diamond4,3,0,0,0,1,0,0,0,1,1
pair-01-case-325,Envoy Rate Limit,guest-quota-weakening,diamond4,4,0,0,0,1,0,0,0,1,1
pair-01-case-326,Envoy Rate Limit,guest-quota-weakening,diamond4,3,0,0,0,1,1,0,0,1,1
pair-01-case-327,Envoy Rate Limit,guest-quota-weakening,diamond4,4,0,0,0,1,1,0,0,1,1
pair-01-case-328,Envoy Rate Limit,guest-quota-weakening,diamond4,4,0,0,0,1,0,0,0,1,1
pair-01-case-329,Envoy Rate Limit,guest-quota-weakening,diamond4,4,0,0,0,1,1,0,0,1,1
pair-01-case-330,Envoy Rate Limit,guest-quota-weakening,diamond4,4,0,0,0,1,0,0,0,1,1
pair-01-case-331,Envoy Rate Limit,guest-quota-weakening,diamond4,4,0,0,0,1,0,0,0,1,1
pair-01-case-332,Envoy Rate Limit,guest-quota-weakening,diamond4,4,0,0,0,1,1,0,0,1,1
pair-01-case-333,Envoy Rate Limit,guest-quota-weakening,diamond4,4,0,0,0,1,0,0,0,1,1
pair-01-case-334,Envoy Rate Limit,guest-quota-weakening,diamond4,3,0,0,0,1,0,0,0,1,1
pair-01-case-335,Envoy Rate Limit,guest-quota-weakening,diamond4,4,0,0,0,1,0,0,0,1,1
pair-01-case-336,Envoy Rate Limit,guest-quota-weakening,diamond4,4,0,0,0,1,0,0,0,1,1
pair-01-case-337,Envoy Rate Limit,guest-quota-weakening,diamond4,4,0,0,0,1,1,0,0,1,1
pair-01-case-338,Envoy Rate Limit,guest-quota-weakening,diamond4,4,0,0,0,1,0,0,0,1,1
pair-01-case-339,Envoy Rate Limit,guest-quota-weakening,diamond4,4,0,0,0,1,0,0,0,1,1
pair-01-case-340,Envoy Rate Limit,guest-quota-weakening,diamond4,3,0,0,0,1,0,0,0,1,1
pair-01-case-341,Envoy Rate Limit,guest-quota-weakening,diamond4,4,0,0,0,1,0,0,0,1,1
pair-01-case-342,Envoy Rate Limit,guest-quota-weakening,diamond4,4,0,0,0,1,0,0,0,1,1
pair-01-case-343,Envoy Rate Limit,guest-quota-weakening,diamond4,3,0,0,0,1,1,0,0,1,1
pair-01-case-344,Envoy Rate Limit,guest-quota-weakening,diamond4,4,0,0,0,1,0,0,0,1,1
pair-01-case-345,Envoy Rate Limit,guest-quota-weakening,diamond4,4,0,0,0,1,1,0,0,1,1
pair-01-case-346,Envoy Rate Limit,guest-quota-weakening,diamond4,3,0,0,0,1,0,0,0,1,1
pair-01-case-347,Envoy Rate Limit,guest-quota-weakening,diamond4,4,0,0,0,1,0,0,0,1,1
pair-01-case-348,Envoy Rate Limit,guest-quota-weakening,diamond4,4,0,3,0,1,0,0,0,1,1
pair-01-case-349,Envoy Rate Limit,guest-quota-weakening,diamond4,3,0,17,0,1,1,0,1,1,1
pair-01-case-350,Envoy Rate Limit,guest-quota-weakening,diamond4,4,0,0,0,1,0,0,0,1,1
pair-01-case-351,Envoy Rate Limit,guest-quota-weakening,diamond4,4,0,0,0,1,0,0,0,1,1
pair-01-case-352,Envoy Rate Limit,guest-quota-weakening,diamond4,4,0,9,0,1,1,0,0,1,1
pair-01-case-353,Envoy Rate Limit,guest-quota-weakening,diamond4,4,0,0,0,1,0,0,0,1,1
pair-01-case-354,Envoy Rate Limit,guest-quota-weakening,diamond4,4,0,14,0,1,0,0,1,1,1
pair-01-case-355,Envoy Rate Limit,guest-quota-weakening,diamond4,4,0,0,0,1,0,0,0,1,1
pair-01-case-356,Envoy Rate Limit,guest-quota-weakening,diamond4,4,0,0,0,1,0,0,0,1,1
pair-01-case-357,Envoy Rate Limit,guest-quota-weakening,diamond4,4,0,0,0,1,0,0,0,1,1
pair-01-case-358,Envoy Rate Limit,guest-quota-weakening,diamond4,4,0,0,0,1,0,0,0,1,1
pair-01-case-359,Envoy Rate Limit,guest-quota-weakening,diamond4,4,0,0,0,1,0,0,0,1,1
pair-01-case-360,Envoy Rate Limit,guest-quota-weakening,diamond4,4,0,0,0,1,0,0,0,1,1
pair-01-case-361,Envoy Rate Limit,guest-quota-weakening,diamond4,4,0,0,0,1,1,0,0,1,1
pair-01-case-362,Envoy Rate Limit,guest-quota-weakening,diamond4,4,0,0,0,1,0,0,0,1,1
pair-01-case-363,Envoy Rate Limit,guest-quota-weakening,diamond4,4,0,0,0,1,0,0,0,1,1
pair-01-case-364,Envoy Rate Limit,guest-quota-weakening,diamond4,4,0,0,0,1,1,0,0,1,1
pair-01-case-365,Envoy Rate Limit,guest-quota-weakening,diamond4,3,0,0,0,1,0,0,0,1,1
pair-01-case-366,Envoy Rate Limit,guest-quota-weakening,diamond4,4,0,0,0,1,0,0,0,1,1
pair-01-case-367,Envoy Rate Limit,guest-quota-weakening,diamond4,4,0,0,0,1,0,0,0,1,1
pair-01-case-368,Envoy Rate Limit,guest-quota-weakening,diamond4,4,0,0,0,1,0,0,0,1,1
pair-01-case-369,Envoy Rate Limit,guest-quota-weakening,diamond4,4,0,0,0,1,0,0,0,1,1
pair-01-case-370,Envoy Rate Limit,guest-quota-weakening,diamond4,4,0,0,0,1,1,0,0,1,1
pair-01-case-371,Envoy Rate Limit,guest-quota-weakening,diamond4,4,0,0,0,1,0,0,0,1,1
pair-01-case-372,Envoy Rate Limit,guest-quota-weakening,diamond4,4,0,0,0,1,1,0,0,1,1
pair-01-case-373,Envoy Rate Limit,guest-quota-weakening,diamond4,4,0,0,0,1,0,0,0,1,1
pair-01-case-374,Envoy Rate Limit,guest-quota-weakening,diamond4,4,0,0,0,1,0,0,0,1,1
pair-01-case-375,Envoy Rate Limit,guest-quota-weakening,diamond4,4,0,0,0,1,0,0,0,1,1
pair-01-case-376,Envoy Rate Limit,guest-quota-weakening,diamond4,3,0,3,0,1,1,0,0,1,1
pair-01-case-377,Envoy Rate Limit,guest-quota-weakening,diamond4,3,0,0,0,1,1,0,0,1,1
pair-01-case-378,Envoy Rate Limit,guest-quota-weakening,diamond4,3,0,0,0,1,1,0,0,1,1
pair-01-case-379,Envoy Rate Limit,guest-quota-weakening,diamond4,2,0,0,0,1,1,0,0,1,1
pair-01-case-380,Envoy Rate Limit,guest-quota-weakening,diamond4,4,0,0,0,1,0,0,0,1,1
pair-01-case-381,Envoy Rate Limit,guest-quota-weakening,diamond4,4,0,0,0,1,0,0,0,1,1
pair-01-case-382,Envoy Rate Limit,guest-quota-weakening,diamond4,3,0,0,0,1,1,0,0,1,1
pair-01-case-383,Envoy Rate Limit,guest-quota-weakening,diamond4,4,0,0,0,1,0,0,0,1,1
pair-01-case-384,Envoy Rate Limit,guest-quota-weakening,diamond4,3,0,0,0,1,0,0,0,1,1
pair-01-case-385,Envoy Rate Limit,guest-quota-weakening,diamond4,4,0,0,0,1,0,0,0,1,1
pair-01-case-386,Envoy Rate Limit,guest-quota-weakening,diamond4,4,0,0,0,1,1,1,0,1,1
pair-01-case-387,Envoy Rate Limit,guest-quota-weakening,diamond4,4,0,0,0,1,0,0,0,1,1
pair-01-case-388,Envoy Rate Limit,guest-quota-weakening,diamond4,4,0,0,0,1,0,0,0,1,1
pair-01-case-389,Envoy Rate Limit,guest-quota-weakening,diamond4,4,0,0,0,1,1,0,0,1,1
pair-01-case-390,Envoy Rate Limit,guest-quota-weakening,diamond4,3,0,0,0,1,1,0,0,1,1
pair-01-case-391,Envoy Rate Limit,guest-quota-weakening,diamond4,3,0,0,0,1,0,0,0,1,1
pair-01-case-392,Envoy Rate Limit,guest-quota-weakening,diamond4,4,0,3,0,1,1,0,1,1,1
pair-01-case-393,Envoy Rate Limit,guest-quota-weakening,diamond4,4,0,0,0,1,0,0,0,1,1
pair-01-case-394,Envoy Rate Limit,guest-quota-weakening,diamond4,4,0,0,0,1,0,0,0,1,1
pair-01-case-395,Envoy Rate Limit,guest-quota-weakening,diamond4,4,0,3,0,1,0,0,1,1,1
pair-01-case-396,Envoy Rate Limit,guest-quota-weakening,diamond4,3,0,0,0,1,0,0,0,1,1
pair-01-case-397,Envoy Rate Limit,guest-quota-weakening,diamond4,4,0,0,0,1,0,0,0,1,1
pair-01-case-398,Envoy Rate Limit,guest-quota-weakening,diamond4,4,0,0,0,1,0,0,0,1,1
pair-01-case-399,Envoy Rate Limit,guest-quota-weakening,diamond4,4,0,0,0,1,0,0,0,1,1
pair-01-case-400,Envoy Rate Limit,guest-quota-weakening,diamond4,4,0,0,0,1,0,0,0,1,1
pair-01-case-401,Envoy Rate Limit,guest-quota-weakening,diamond4,4,0,0,0,1,1,0,0,1,1
pair-01-case-402,Envoy Rate Limit,guest-quota-weakening,diamond4,4,0,0,0,1,0,0,0,1,1
pair-01-case-403,Envoy Rate Limit,guest-quota-weakening,diamond4,4,0,0,0,1,1,0,0,1,1
pair-01-case-404,Envoy Rate Limit,guest-quota-weakening,diamond4,4,0,0,0,1,0,0,0,1,1
pair-01-case-405,Envoy Rate Limit,guest-quota-weakening,diamond4,4,0,0,0,1,0,0,0,1,1
pair-01-case-406,Envoy Rate Limit,guest-quota-weakening,diamond4,3,0,0,0,1,0,0,0,1,1
pair-01-case-407,Envoy Rate Limit,guest-quota-weakening,diamond4,4,0,0,0,1,0,0,0,1,1
pair-01-case-408,Envoy Rate Limit,guest-quota-weakening,diamond4,4,0,0,0,1,1,0,0,1,1
pair-01-case-409,Envoy Rate Limit,guest-quota-weakening,diamond4,4,0,0,0,1,0,0,0,1,1
pair-01-case-410,Envoy Rate Limit,guest-quota-weakening,diamond4,4,0,0,0,1,0,0,0,1,1
pair-01-case-411,Envoy Rate Limit,guest-quota-weakening,diamond4,3,0,0,0,1,0,0,0,1,1
pair-01-case-412,Envoy Rate Limit,guest-quota-weakening,diamond4,4,0,0,0,1,1,0,0,1,1
pair-01-case-413,Envoy Rate Limit,guest-quota-weakening,diamond4,3,0,0,0,1,1,0,0,1,1
pair-01-case-414,Envoy Rate Limit,guest-quota-weakening,diamond4,3,0,0,0,1,0,0,0,1,1
pair-01-case-415,Envoy Rate Limit,guest-quota-weakening,diamond4,4,0,0,0,1,0,0,0,1,1
pair-01-case-416,Envoy Rate Limit,guest-quota-weakening,diamond4,4,0,0,0,1,0,0,0,1,1
pair-01-case-417,Envoy Rate Limit,guest-quota-weakening,diamond4,4,0,0,0,1,0,0,0,1,1
pair-01-case-418,Envoy Rate Limit,guest-quota-weakening,diamond4,4,0,0,0,1,0,0,0,1,1
pair-01-case-419,Envoy Rate Limit,guest-quota-weakening,diamond4,4,0,0,0,1,1,0,0,1,1
pair-01-case-420,Envoy Rate Limit,guest-quota-weakening,diamond4,4,0,0,0,1,0,0,0,1,1
pair-01-case-421,Envoy Rate Limit,guest-quota-weakening,diamond4,4,0,0,0,1,0,0,0,1,1
pair-01-case-422,Envoy Rate Limit,guest-quota-weakening,diamond4,4,0,0,0,1,0,0,0,1,1
pair-01-case-423,Envoy Rate Limit,guest-quota-weakening,diamond4,4,0,0,0,1,1,0,0,1,1
pair-01-case-424,Envoy Rate Limit,guest-quota-weakening,diamond4,4,0,0,0,1,0,0,0,1,1
pair-01-case-425,Envoy Rate Limit,guest-quota-weakening,diamond4,4,0,15,0,1,0,0,1,1,1
pair-01-case-426,Envoy Rate Limit,guest-quota-weakening,diamond4,4,0,0,0,1,0,0,0,1,1
pair-01-case-427,Envoy Rate Limit,guest-quota-weakening,diamond4,4,0,0,0,1,0,0,0,1,1
pair-01-case-428,Envoy Rate Limit,guest-quota-weakening,diamond4,4,0,0,0,1,0,0,0,1,1
pair-01-case-429,Envoy Rate Limit,guest-quota-weakening,diamond4,4,0,0,0,1,0,0,0,1,1
pair-01-case-430,Envoy Rate Limit,guest-quota-weakening,diamond4,3,0,0,0,1,1,0,0,1,1
pair-01-case-431,Envoy Rate Limit,guest-quota-weakening,diamond4,4,0,0,0,1,1,0,0,1,1
pair-01-case-432,Envoy Rate Limit,guest-quota-weakening,diamond4,2,0,27,0,1,1,0,1,1,1
pair-01-case-433,Envoy Rate Limit,guest-quota-weakening,diamond4,4,0,0,0,1,0,0,0,1,1
pair-01-case-434,Envoy Rate Limit,guest-quota-weakening,diamond4,4,0,0,0,1,1,0,0,1,1
pair-01-case-435,Envoy Rate Limit,guest-quota-weakening,diamond4,4,0,0,0,1,0,0,0,1,1
pair-01-case-436,Envoy Rate Limit,guest-quota-weakening,diamond4,4,0,0,0,1,0,0,0,1,1
pair-01-case-437,Envoy Rate Limit,guest-quota-weakening,diamond4,4,0,0,0,1,1,0,0,1,1
pair-01-case-438,Envoy Rate Limit,guest-quota-weakening,diamond4,4,0,0,0,1,0,0,0,1,1
pair-01-case-439,Envoy Rate Limit,guest-quota-weakening,diamond4,4,0,0,0,1,0,0,0,1,1
pair-01-case-440,Envoy Rate Limit,guest-quota-weakening,diamond4,4,0,0,0,1,0,0,0,1,1
pair-01-case-441,Envoy Rate Limit,guest-quota-weakening,diamond4,4,0,0,0,1,1,0,0,1,1
pair-01-case-442,Envoy Rate Limit,guest-quota-weakening,diamond4,3,0,0,0,1,0,0,0,1,1
pair-01-case-443,Envoy Rate Limit,guest-quota-weakening,diamond4,3,0,0,0,1,1,0,0,1,1
pair-01-case-444,Envoy Rate Limit,guest-quota-weakening,diamond4,4,0,3,0,1,0,0,1,1,1
pair-01-case-445,Envoy Rate Limit,guest-quota-weakening,diamond4,4,0,9,0,1,0,0,1,1,1
pair-01-case-446,Envoy Rate Limit,guest-quota-weakening,diamond4,4,0,0,0,1,1,0,0,1,1
pair-01-case-447,Envoy Rate Limit,guest-quota-weakening,diamond4,3,0,0,0,1,0,0,0,1,1
pair-01-case-448,Envoy Rate Limit,guest-quota-weakening,diamond4,4,0,0,0,1,0,0,0,1,1
pair-01-case-449,Envoy Rate Limit,guest-quota-weakening,diamond4,3,0,0,0,1,1,0,0,1,1
pair-01-case-450,Envoy Rate Limit,guest-quota-weakening,diamond4,4,0,0,0,1,0,0,0,1,1
pair-01-case-451,Envoy Rate Limit,guest-quota-weakening,diamond4,4,0,0,0,1,0,0,0,1,1
pair-01-case-452,Envoy Rate Limit,guest-quota-weakening,diamond4,4,0,0,0,1,1,0,0,1,1
pair-01-case-453,Envoy Rate Limit,guest-quota-weakening,diamond4,4,0,0,0,1,1,0,0,1,1
pair-01-case-454,Envoy Rate Limit,guest-quota-weakening,diamond4,4,0,0,0,1,0,0,0,1,1
pair-01-case-455,Envoy Rate Limit,guest-quota-weakening,diamond4,4,0,3,0,1,0,0,1,1,1
pair-01-case-456,Envoy Rate Limit,guest-quota-weakening,diamond4,4,0,0,0,1,0,0,0,1,1
pair-01-case-457,Envoy Rate Limit,guest-quota-weakening,diamond4,4,0,0,0,1,0,0,0,1,1
pair-01-case-458,Envoy Rate Limit,guest-quota-weakening,diamond4,4,0,0,0,1,0,0,0,1,1
pair-01-case-459,Envoy Rate Limit,guest-quota-weakening,diamond4,4,0,0,0,1,1,0,0,1,1
pair-01-case-460,Envoy Rate Limit,guest-quota-weakening,diamond4,4,0,0,0,1,1,0,0,1,1
pair-01-case-461,Envoy Rate Limit,guest-quota-weakening,diamond4,4,0,0,0,1,1,0,0,1,1
pair-01-case-462,Envoy Rate Limit,guest-quota-weakening,diamond4,3,0,0,0,1,1,0,0,1,1
pair-01-case-463,Envoy Rate Limit,guest-quota-weakening,diamond4,4,0,0,0,1,0,0,0,1,1
pair-01-case-464,Envoy Rate Limit,guest-quota-weakening,diamond4,4,0,7,0,1,0,0,1,1,1
pair-01-case-465,Envoy Rate Limit,guest-quota-weakening,diamond4,4,0,0,0,1,0,0,0,1,1
pair-01-case-466,Envoy Rate Limit,guest-quota-weakening,diamond4,3,0,0,0,1,1,0,0,1,1
pair-01-case-467,Envoy Rate Limit,guest-quota-weakening,diamond4,4,0,0,0,1,0,0,0,1,1
pair-01-case-468,Envoy Rate Limit,guest-quota-weakening,diamond4,4,0,1,0,1,0,0,1,1,1
pair-01-case-469,Envoy Rate Limit,guest-quota-weakening,diamond4,4,0,0,0,1,1,0,0,1,1
pair-01-case-470,Envoy Rate Limit,guest-quota-weakening,diamond4,4,0,0,0,1,0,0,0,1,1
pair-01-case-471,Envoy Rate Limit,guest-quota-weakening,diamond4,3,0,9,0,1,0,0,1,1,1
pair-01-case-472,Envoy Rate Limit,guest-quota-weakening,diamond4,4,0,0,0,1,0,0,0,1,1
pair-01-case-473,Envoy Rate Limit,guest-quota-weakening,diamond4,4,0,0,0,1,0,0,0,1,1
pair-01-case-474,Envoy Rate Limit,guest-quota-weakening,diamond4,4,0,0,0,1,0,0,0,1,1
pair-01-case-475,Envoy Rate Limit,guest-quota-weakening,diamond4,4,0,0,0,1,0,0,0,1,1
pair-01-case-476,Envoy Rate Limit,guest-quota-weakening,diamond4,4,0,0,0,1,0,0,0,1,1
pair-01-case-477,Envoy Rate Limit,guest-quota-weakening,diamond4,4,0,0,0,1,0,0,0,1,1
pair-01-case-478,Envoy Rate Limit,guest-quota-weakening,diamond4,4,0,0,0,1,0,0,0,1,1
pair-01-case-479,Envoy Rate Limit,guest-quota-weakening,diamond4,4,0,0,0,1,0,0,0,1,1
pair-01-case-480,Envoy Rate Limit,guest-quota-weakening,diamond4,4,0,3,0,1,1,0,1,1,1
pair-01-case-481,Envoy Rate Limit,guest-quota-weakening,diamond4,4,0,0,0,1,0,0,0,1,1
pair-01-case-482,Envoy Rate Limit,guest-quota-weakening,diamond4,4,0,0,0,1,1,0,0,1,1
pair-01-case-483,Envoy Rate Limit,guest-quota-weakening,diamond4,4,0,0,0,1,0,0,0,1,1
pair-01-case-484,Envoy Rate Limit,guest-quota-weakening,diamond4,4,0,0,0,1,0,0,0,1,1
pair-01-case-485,Envoy Rate Limit,guest-quota-weakening,diamond4,4,0,0,0,1,0,0,0,1,1
pair-01-case-486,Envoy Rate Limit,guest-quota-weakening,diamond4,4,0,0,0,1,1,0,0,1,1
pair-01-case-487,Envoy Rate Limit,guest-quota-weakening,diamond4,3,0,0,0,1,1,0,0,1,1
pair-01-case-488,Envoy Rate Limit,guest-quota-weakening,diamond4,4,0,0,0,1,0,0,0,1,1
pair-01-case-489,Envoy Rate Limit,guest-quota-weakening,diamond4,4,0,0,0,1,0,0,0,1,1
pair-01-case-490,Envoy Rate Limit,guest-quota-weakening,diamond4,4,0,0,0,1,0,0,0,1,1
pair-01-case-491,Envoy Rate Limit,guest-quota-weakening,diamond4,4,0,0,0,1,0,0,0,1,1
pair-01-case-492,Envoy Rate Limit,guest-quota-weakening,diamond4,4,0,0,0,1,1,0,0,1,1
pair-01-case-493,Envoy Rate Limit,guest-quota-weakening,diamond4,3,0,9,0,1,1,0,1,1,1
pair-01-case-494,Envoy Rate Limit,guest-quota-weakening,diamond4,4,0,0,0,1,1,0,0,1,1
pair-01-case-495,Envoy Rate Limit,guest-quota-weakening,diamond4,4,0,0,0,1,0,0,0,1,1
pair-01-case-496,Envoy Rate Limit,guest-quota-weakening,diamond4,4,0,0,0,1,1,0,0,1,1
pair-01-case-497,Envoy Rate Limit,guest-quota-weakening,diamond4,4,0,0,0,1,1,0,0,1,1
pair-01-case-498,Envoy Rate Limit,guest-quota-weakening,diamond4,4,0,0,0,1,1,0,0,1,1
pair-01-case-499,Envoy Rate Limit,guest-quota-weakening,diamond4,4,0,0,0,1,0,0,0,1,1
pair-02-case-000,Envoy Rate Limit,quota-state-recode,fanout4,0,1,81,8,0,1,1,1,1,1
pair-02-case-001,Envoy Rate Limit,quota-state-recode,fanout4,1,0,0,0,1,0,0,0,1,1
pair-02-case-002,Envoy Rate Limit,quota-state-recode,fanout4,1,0,27,0,1,0,0,1,1,1
pair-02-case-003,Envoy Rate Limit,quota-state-recode,fanout4,1,0,0,0,1,1,1,0,1,1
pair-02-case-004,Envoy Rate Limit,quota-state-recode,fanout4,1,0,0,0,1,1,1,0,1,1
pair-02-case-005,Envoy Rate Limit,quota-state-recode,fanout4,1,0,27,0,1,1,0,1,1,1
pair-02-case-006,Envoy Rate Limit,quota-state-recode,fanout4,1,0,0,0,1,0,0,0,1,1
pair-02-case-007,Envoy Rate Limit,quota-state-recode,fanout4,1,0,27,0,1,0,0,1,1,1
pair-02-case-008,Envoy Rate Limit,quota-state-recode,fanout4,1,0,27,0,1,1,1,0,1,1
pair-02-case-009,Envoy Rate Limit,quota-state-recode,fanout4,1,0,0,0,1,1,1,0,1,1
pair-02-case-010,Envoy Rate Limit,quota-state-recode,fanout4,1,0,0,0,1,1,1,0,1,1
pair-02-case-011,Envoy Rate Limit,quota-state-recode,fanout4,1,0,27,0,1,1,0,1,1,1
pair-02-case-012,Envoy Rate Limit,quota-state-recode,fanout4,1,0,0,0,1,0,0,0,1,1
pair-02-case-013,Envoy Rate Limit,quota-state-recode,fanout4,1,0,27,0,1,0,0,1,1,1
pair-02-case-014,Envoy Rate Limit,quota-state-recode,fanout4,1,0,27,0,1,1,1,0,1,1
pair-02-case-015,Envoy Rate Limit,quota-state-recode,fanout4,1,0,0,0,1,1,1,0,1,1
pair-02-case-016,Envoy Rate Limit,quota-state-recode,fanout4,1,0,0,0,1,1,1,0,1,1
pair-02-case-017,Envoy Rate Limit,quota-state-recode,fanout4,1,0,27,0,1,1,0,1,1,1
pair-02-case-018,Envoy Rate Limit,quota-state-recode,fanout4,1,0,0,0,1,0,0,0,1,1
pair-02-case-019,Envoy Rate Limit,quota-state-recode,fanout4,1,0,27,0,1,0,0,1,1,1
pair-02-case-020,Envoy Rate Limit,quota-state-recode,fanout4,1,0,27,0,1,1,1,0,1,1
pair-02-case-021,Envoy Rate Limit,quota-state-recode,fanout4,1,0,0,0,1,1,1,0,1,1
pair-02-case-022,Envoy Rate Limit,quota-state-recode,fanout4,1,0,0,0,1,1,1,0,1,1
pair-02-case-023,Envoy Rate Limit,quota-state-recode,fanout4,1,0,27,0,1,1,0,1,1,1
pair-02-case-024,Envoy Rate Limit,quota-state-recode,fanout4,1,1,63,8,0,1,0,1,1,1
pair-02-case-025,Envoy Rate Limit,quota-state-recode,fanout4,1,1,63,8,0,1,0,1,1,1
pair-02-case-026,Envoy Rate Limit,quota-state-recode,fanout4,1,1,63,8,0,1,0,1,1,1
pair-02-case-027,Envoy Rate Limit,quota-state-recode,fanout4,1,1,63,8,0,1,0,1,1,1
pair-02-case-028,Envoy Rate Limit,quota-state-recode,fanout4,1,1,63,8,0,1,0,1,1,1
pair-02-case-029,Envoy Rate Limit,quota-state-recode,fanout4,1,1,63,8,0,1,0,1,1,1
pair-02-case-030,Envoy Rate Limit,quota-state-recode,fanout4,1,1,63,8,0,1,0,1,1,1
pair-02-case-031,Envoy Rate Limit,quota-state-recode,fanout4,1,1,63,8,0,1,0,1,1,1
pair-02-case-032,Envoy Rate Limit,quota-state-recode,fanout4,4,1,26,8,0,1,0,1,1,1
pair-02-case-033,Envoy Rate Limit,quota-state-recode,fanout4,2,1,49,8,0,1,0,1,1,1
pair-02-case-034,Envoy Rate Limit,quota-state-recode,fanout4,4,1,27,8,0,1,0,1,1,1
pair-02-case-035,Envoy Rate Limit,quota-state-recode,fanout4,4,1,31,8,0,1,0,1,1,1
pair-02-case-036,Envoy Rate Limit,quota-state-recode,fanout4,3,1,35,8,0,1,0,1,1,1
pair-02-case-037,Envoy Rate Limit,quota-state-recode,fanout4,2,1,45,8,0,1,0,1,1,1
pair-02-case-038,Envoy Rate Limit,quota-state-recode,fanout4,4,1,29,8,0,1,0,1,1,1
pair-02-case-039,Envoy Rate Limit,quota-state-recode,fanout4,4,1,31,8,0,1,0,1,1,1
pair-02-case-040,Envoy Rate Limit,quota-state-recode,fanout4,4,1,27,8,0,1,0,1,1,1
pair-02-case-041,Envoy Rate Limit,quota-state-recode,fanout4,3,1,36,8,0,1,0,1,1,1
pair-02-case-042,Envoy Rate Limit,quota-state-recode,fanout4,3,1,33,8,0,1,0,1,1,1
pair-02-case-043,Envoy Rate Limit,quota-state-recode,fanout4,4,1,26,8,0,1,0,1,1,1
pair-02-case-044,Envoy Rate Limit,quota-state-recode,fanout4,4,1,21,8,0,1,0,1,1,1
pair-02-case-045,Envoy Rate Limit,quota-state-recode,fanout4,3,1,37,8,0,1,0,1,1,1
pair-02-case-046,Envoy Rate Limit,quota-state-recode,fanout4,4,1,27,8,0,1,0,1,1,1
pair-02-case-047,Envoy Rate Limit,quota-state-recode,fanout4,3,1,37,8,0,1,0,1,1,1
pair-02-case-048,Envoy Rate Limit,quota-state-recode,fanout4,4,1,27,8,0,1,0,1,1,1
pair-02-case-049,Envoy Rate Limit,quota-state-recode,fanout4,3,1,43,8,0,1,0,1,1,1
pair-02-case-050,Envoy Rate Limit,quota-state-recode,fanout4,4,1,31,8,0,1,0,1,1,1
pair-02-case-051,Envoy Rate Limit,quota-state-recode,fanout4,4,1,31,8,0,1,0,1,1,1
pair-02-case-052,Envoy Rate Limit,quota-state-recode,fanout4,4,1,29,8,0,1,0,1,1,1
pair-02-case-053,Envoy Rate Limit,quota-state-recode,fanout4,4,1,27,8,0,1,0,1,1,1
pair-02-case-054,Envoy Rate Limit,quota-state-recode,fanout4,3,1,39,8,0,1,0,1,1,1
pair-02-case-055,Envoy Rate Limit,quota-state-recode,fanout4,3,1,33,8,0,1,0,1,1,1
pair-02-case-056,Envoy Rate Limit,quota-state-recode,fanout4,4,1,26,8,0,1,0,1,1,1
pair-02-case-057,Envoy Rate Limit,quota-state-recode,fanout4,2,1,48,8,0,1,0,1,1,1
pair-02-case-058,Envoy Rate Limit,quota-state-recode,fanout4,4,1,37,8,0,1,0,1,1,1
pair-02-case-059,Envoy Rate Limit,quota-state-recode,fanout4,2,1,45,8,0,1,0,1,1,1
pair-02-case-060,Envoy Rate Limit,quota-state-recode,fanout4,3,1,35,8,0,1,0,1,1,1
pair-02-case-061,Envoy Rate Limit,quota-state-recode,fanout4,2,1,51,8,0,1,0,1,1,1
pair-02-case-062,Envoy Rate Limit,quota-state-recode,fanout4,3,1,37,8,0,1,0,1,1,1
pair-02-case-063,Envoy Rate Limit,quota-state-recode,fanout4,4,1,27,8,0,1,0,1,1,1
pair-02-case-064,Envoy Rate Limit,quota-state-recode,fanout4,3,1,43,8,0,1,0,1,1,1
pair-02-case-065,Envoy Rate Limit,quota-state-recode,fanout4,3,1,35,8,0,1,0,1,1,1
pair-02-case-066,Envoy Rate Limit,quota-state-recode,fanout4,2,1,48,8,0,1,0,1,1,1
pair-02-case-067,Envoy Rate Limit,quota-state-recode,fanout4,3,1,45,8,0,1,0,1,1,1
pair-02-case-068,Envoy Rate Limit,quota-state-recode,fanout4,2,1,49,8,0,1,0,1,1,1
pair-02-case-069,Envoy Rate Limit,quota-state-recode,fanout4,3,1,33,8,0,1,0,1,1,1
pair-02-case-070,Envoy Rate Limit,quota-state-recode,fanout4,3,1,41,8,0,1,0,1,1,1
pair-02-case-071,Envoy Rate Limit,quota-state-recode,fanout4,2,1,45,8,0,1,0,1,1,1
pair-02-case-072,Envoy Rate Limit,quota-state-recode,fanout4,4,1,33,8,0,1,0,1,1,1
pair-02-case-073,Envoy Rate Limit,quota-state-recode,fanout4,2,1,49,8,0,1,0,1,1,1
pair-02-case-074,Envoy Rate Limit,quota-state-recode,fanout4,3,1,45,8,0,1,0,1,1,1
pair-02-case-075,Envoy Rate Limit,quota-state-recode,fanout4,4,1,29,8,0,1,0,1,1,1
pair-02-case-076,Envoy Rate Limit,quota-state-recode,fanout4,3,1,31,8,0,1,0,1,1,1
pair-02-case-077,Envoy Rate Limit,quota-state-recode,fanout4,4,1,25,8,0,1,0,1,1,1
pair-02-case-078,Envoy Rate Limit,quota-state-recode,fanout4,3,1,37,8,0,1,0,1,1,1
pair-02-case-079,Envoy Rate Limit,quota-state-recode,fanout4,4,1,23,8,0,1,0,1,1,1
pair-02-case-080,Envoy Rate Limit,quota-state-recode,fanout4,3,1,41,8,0,1,0,1,1,1
pair-02-case-081,Envoy Rate Limit,quota-state-recode,fanout4,4,1,33,8,0,1,0,1,1,1
pair-02-case-082,Envoy Rate Limit,quota-state-recode,fanout4,3,1,35,8,0,1,0,1,1,1
pair-02-case-083,Envoy Rate Limit,quota-state-recode,fanout4,3,1,39,8,0,1,0,1,1,1
pair-02-case-084,Envoy Rate Limit,quota-state-recode,fanout4,4,1,27,8,0,1,0,1,1,1
pair-02-case-085,Envoy Rate Limit,quota-state-recode,fanout4,4,1,31,8,0,1,0,1,1,1
pair-02-case-086,Envoy Rate Limit,quota-state-recode,fanout4,4,1,27,8,0,1,0,1,1,1
pair-02-case-087,Envoy Rate Limit,quota-state-recode,fanout4,3,1,39,8,0,1,0,1,1,1
pair-02-case-088,Envoy Rate Limit,quota-state-recode,fanout4,4,1,29,8,0,1,0,1,1,1
pair-02-case-089,Envoy Rate Limit,quota-state-recode,fanout4,3,1,39,8,0,1,0,1,1,1
pair-02-case-090,Envoy Rate Limit,quota-state-recode,fanout4,3,1,37,8,0,1,0,1,1,1
pair-02-case-091,Envoy Rate Limit,quota-state-recode,fanout4,2,1,51,8,0,1,0,1,1,1
pair-02-case-092,Envoy Rate Limit,quota-state-recode,fanout4,4,1,35,8,0,1,0,1,1,1
pair-02-case-093,Envoy Rate Limit,quota-state-recode,fanout4,3,1,35,8,0,1,0,1,1,1
pair-02-case-094,Envoy Rate Limit,quota-state-recode,fanout4,4,1,25,8,0,1,0,1,1,1
pair-02-case-095,Envoy Rate Limit,quota-state-recode,fanout4,4,1,31,8,0,1,0,1,1,1
pair-02-case-096,Envoy Rate Limit,quota-state-recode,fanout4,4,1,23,8,0,1,0,1,1,1
pair-02-case-097,Envoy Rate Limit,quota-state-recode,fanout4,2,1,45,8,0,1,0,1,1,1
pair-02-case-098,Envoy Rate Limit,quota-state-recode,fanout4,2,1,45,8,0,1,0,1,1,1
pair-02-case-099,Envoy Rate Limit,quota-state-recode,fanout4,4,1,20,8,0,1,0,1,1,1
pair-02-case-100,Envoy Rate Limit,quota-state-recode,fanout4,3,1,43,8,0,1,0,1,1,1
pair-02-case-101,Envoy Rate Limit,quota-state-recode,fanout4,4,1,33,8,0,1,0,1,1,1
pair-02-case-102,Envoy Rate Limit,quota-state-recode,fanout4,3,1,31,8,0,1,0,1,1,1
pair-02-case-103,Envoy Rate Limit,quota-state-recode,fanout4,4,1,30,8,0,1,0,1,1,1
pair-02-case-104,Envoy Rate Limit,quota-state-recode,fanout4,2,1,45,8,0,1,0,1,1,1
pair-02-case-105,Envoy Rate Limit,quota-state-recode,fanout4,4,1,29,8,0,1,0,1,1,1
pair-02-case-106,Envoy Rate Limit,quota-state-recode,fanout4,4,1,31,8,0,1,0,1,1,1
pair-02-case-107,Envoy Rate Limit,quota-state-recode,fanout4,3,1,33,8,0,1,0,1,1,1
pair-02-case-108,Envoy Rate Limit,quota-state-recode,fanout4,4,1,29,8,0,1,0,1,1,1
pair-02-case-109,Envoy Rate Limit,quota-state-recode,fanout4,4,1,29,8,0,1,0,1,1,1
pair-02-case-110,Envoy Rate Limit,quota-state-recode,fanout4,4,1,25,8,0,1,0,1,1,1
pair-02-case-111,Envoy Rate Limit,quota-state-recode,fanout4,4,1,31,8,0,1,0,1,1,1
pair-02-case-112,Envoy Rate Limit,quota-state-recode,fanout4,2,1,49,8,0,1,0,1,1,1
pair-02-case-113,Envoy Rate Limit,quota-state-recode,fanout4,3,1,37,8,0,1,0,1,1,1
pair-02-case-114,Envoy Rate Limit,quota-state-recode,fanout4,3,1,39,8,0,1,0,1,1,1
pair-02-case-115,Envoy Rate Limit,quota-state-recode,fanout4,4,1,27,8,0,1,0,1,1,1
pair-02-case-116,Envoy Rate Limit,quota-state-recode,fanout4,4,1,33,8,0,1,0,1,1,1
pair-02-case-117,Envoy Rate Limit,quota-state-recode,fanout4,3,1,39,8,0,1,0,1,1,1
pair-02-case-118,Envoy Rate Limit,quota-state-recode,fanout4,3,1,33,8,0,1,0,1,1,1
pair-02-case-119,Envoy Rate Limit,quota-state-recode,fanout4,4,1,27,8,0,1,0,1,1,1
pair-02-case-120,Envoy Rate Limit,quota-state-recode,fanout4,2,1,57,8,0,1,0,1,1,1
pair-02-case-121,Envoy Rate Limit,quota-state-recode,fanout4,4,1,35,8,0,1,0,1,1,1
pair-02-case-122,Envoy Rate Limit,quota-state-recode,fanout4,3,1,43,8,0,1,0,1,1,1
pair-02-case-123,Envoy Rate Limit,quota-state-recode,fanout4,2,1,45,8,0,1,0,1,1,1
pair-02-case-124,Envoy Rate Limit,quota-state-recode,fanout4,4,1,27,8,0,1,0,1,1,1
pair-02-case-125,Envoy Rate Limit,quota-state-recode,fanout4,2,1,45,8,0,1,0,1,1,1
pair-02-case-126,Envoy Rate Limit,quota-state-recode,fanout4,4,1,26,8,0,1,0,1,1,1
pair-02-case-127,Envoy Rate Limit,quota-state-recode,fanout4,3,1,34,8,0,1,0,1,1,1
pair-02-case-128,Envoy Rate Limit,quota-state-recode,fanout4,4,0,0,0,1,0,0,0,1,1
pair-02-case-129,Envoy Rate Limit,quota-state-recode,fanout4,4,0,0,0,1,0,0,0,1,1
pair-02-case-130,Envoy Rate Limit,quota-state-recode,fanout4,4,0,0,0,1,0,0,0,1,1
pair-02-case-131,Envoy Rate Limit,quota-state-recode,fanout4,4,0,0,0,1,0,0,0,1,1
pair-02-case-132,Envoy Rate Limit,quota-state-recode,fanout4,4,0,0,0,1,1,0,0,1,1
pair-02-case-133,Envoy Rate Limit,quota-state-recode,fanout4,4,0,0,0,1,0,0,0,1,1
pair-02-case-134,Envoy Rate Limit,quota-state-recode,fanout4,4,0,0,0,1,0,0,0,1,1
pair-02-case-135,Envoy Rate Limit,quota-state-recode,fanout4,4,0,0,0,1,0,0,0,1,1
pair-02-case-136,Envoy Rate Limit,quota-state-recode,fanout4,4,0,0,0,1,0,0,0,1,1
pair-02-case-137,Envoy Rate Limit,quota-state-recode,fanout4,3,0,0,0,1,0,0,0,1,1
pair-02-case-138,Envoy Rate Limit,quota-state-recode,fanout4,4,0,0,0,1,1,0,0,1,1
pair-02-case-139,Envoy Rate Limit,quota-state-recode,fanout4,4,0,0,0,1,1,0,0,1,1
pair-02-case-140,Envoy Rate Limit,quota-state-recode,fanout4,4,0,0,0,1,1,0,0,1,1
pair-02-case-141,Envoy Rate Limit,quota-state-recode,fanout4,4,0,0,0,1,1,0,0,1,1
pair-02-case-142,Envoy Rate Limit,quota-state-recode,fanout4,4,0,0,0,1,0,0,0,1,1
pair-02-case-143,Envoy Rate Limit,quota-state-recode,fanout4,4,0,0,0,1,1,0,0,1,1
pair-02-case-144,Envoy Rate Limit,quota-state-recode,fanout4,4,0,0,0,1,0,0,0,1,1
pair-02-case-145,Envoy Rate Limit,quota-state-recode,fanout4,4,0,0,0,1,1,0,0,1,1
pair-02-case-146,Envoy Rate Limit,quota-state-recode,fanout4,4,0,0,0,1,0,0,0,1,1
pair-02-case-147,Envoy Rate Limit,quota-state-recode,fanout4,4,0,0,0,1,0,0,0,1,1
pair-02-case-148,Envoy Rate Limit,quota-state-recode,fanout4,4,0,0,0,1,0,0,0,1,1
pair-02-case-149,Envoy Rate Limit,quota-state-recode,fanout4,4,0,0,0,1,0,0,0,1,1
pair-02-case-150,Envoy Rate Limit,quota-state-recode,fanout4,4,0,0,0,1,0,0,0,1,1
pair-02-case-151,Envoy Rate Limit,quota-state-recode,fanout4,4,0,0,0,1,1,0,0,1,1
pair-02-case-152,Envoy Rate Limit,quota-state-recode,fanout4,4,0,7,0,1,1,0,0,1,1
pair-02-case-153,Envoy Rate Limit,quota-state-recode,fanout4,4,0,0,0,1,0,0,0,1,1
pair-02-case-154,Envoy Rate Limit,quota-state-recode,fanout4,4,0,0,0,1,1,1,0,1,1
pair-02-case-155,Envoy Rate Limit,quota-state-recode,fanout4,3,0,0,0,1,1,0,0,1,1
pair-02-case-156,Envoy Rate Limit,quota-state-recode,fanout4,4,0,0,0,1,1,0,0,1,1
pair-02-case-157,Envoy Rate Limit,quota-state-recode,fanout4,4,0,3,0,1,0,0,0,1,1
pair-02-case-158,Envoy Rate Limit,quota-state-recode,fanout4,3,0,9,0,1,1,0,1,1,1
pair-02-case-159,Envoy Rate Limit,quota-state-recode,fanout4,3,0,9,0,1,0,0,0,1,1
pair-02-case-160,Envoy Rate Limit,quota-state-recode,fanout4,3,0,0,0,1,0,0,0,1,1
pair-02-case-161,Envoy Rate Limit,quota-state-recode,fanout4,4,0,3,0,1,0,0,0,1,1
pair-02-case-162,Envoy Rate Limit,quota-state-recode,fanout4,4,0,0,0,1,0,0,0,1,1
pair-02-case-163,Envoy Rate Limit,quota-state-recode,fanout4,4,0,0,0,1,0,0,0,1,1
pair-02-case-164,Envoy Rate Limit,quota-state-recode,fanout4,4,0,6,0,1,0,0,0,1,1
pair-02-case-165,Envoy Rate Limit,quota-state-recode,fanout4,4,0,0,0,1,0,0,0,1,1
pair-02-case-166,Envoy Rate Limit,quota-state-recode,fanout4,4,0,0,0,1,0,0,0,1,1
pair-02-case-167,Envoy Rate Limit,quota-state-recode,fanout4,4,0,0,0,1,0,0,0,1,1
pair-02-case-168,Envoy Rate Limit,quota-state-recode,fanout4,3,0,0,0,1,1,0,0,1,1
pair-02-case-169,Envoy Rate Limit,quota-state-recode,fanout4,4,0,0,0,1,0,0,0,1,1
pair-02-case-170,Envoy Rate Limit,quota-state-recode,fanout4,3,0,27,0,1,0,0,1,1,1
pair-02-case-171,Envoy Rate Limit,quota-state-recode,fanout4,4,0,0,0,1,0,0,0,1,1
pair-02-case-172,Envoy Rate Limit,quota-state-recode,fanout4,4,0,0,0,1,0,0,0,1,1
pair-02-case-173,Envoy Rate Limit,quota-state-recode,fanout4,4,0,0,0,1,0,0,0,1,1
pair-02-case-174,Envoy Rate Limit,quota-state-recode,fanout4,4,0,0,0,1,1,0,0,1,1
pair-02-case-175,Envoy Rate Limit,quota-state-recode,fanout4,4,0,0,0,1,1,0,0,1,1
pair-02-case-176,Envoy Rate Limit,quota-state-recode,fanout4,3,0,0,0,1,1,0,0,1,1
pair-02-case-177,Envoy Rate Limit,quota-state-recode,fanout4,4,0,0,0,1,0,0,0,1,1
pair-02-case-178,Envoy Rate Limit,quota-state-recode,fanout4,4,0,0,0,1,0,0,0,1,1
pair-02-case-179,Envoy Rate Limit,quota-state-recode,fanout4,4,0,0,0,1,1,0,0,1,1
pair-02-case-180,Envoy Rate Limit,quota-state-recode,fanout4,4,0,0,0,1,0,0,0,1,1
pair-02-case-181,Envoy Rate Limit,quota-state-recode,fanout4,4,0,21,0,1,0,0,1,1,1
pair-02-case-182,Envoy Rate Limit,quota-state-recode,fanout4,4,0,0,0,1,0,0,0,1,1
pair-02-case-183,Envoy Rate Limit,quota-state-recode,fanout4,4,0,0,0,1,1,0,0,1,1
pair-02-case-184,Envoy Rate Limit,quota-state-recode,fanout4,4,0,0,0,1,0,0,0,1,1
pair-02-case-185,Envoy Rate Limit,quota-state-recode,fanout4,4,0,9,0,1,0,0,1,1,1
pair-02-case-186,Envoy Rate Limit,quota-state-recode,fanout4,4,0,0,0,1,0,0,0,1,1
pair-02-case-187,Envoy Rate Limit,quota-state-recode,fanout4,4,0,3,0,1,0,0,0,1,1
pair-02-case-188,Envoy Rate Limit,quota-state-recode,fanout4,3,0,21,0,1,0,0,1,1,1
pair-02-case-189,Envoy Rate Limit,quota-state-recode,fanout4,4,0,3,0,1,1,0,0,1,1
pair-02-case-190,Envoy Rate Limit,quota-state-recode,fanout4,4,0,0,0,1,0,0,0,1,1
pair-02-case-191,Envoy Rate Limit,quota-state-recode,fanout4,4,0,0,0,1,0,0,0,1,1
pair-02-case-192,Envoy Rate Limit,quota-state-recode,fanout4,4,0,0,0,1,0,0,0,1,1
pair-02-case-193,Envoy Rate Limit,quota-state-recode,fanout4,4,0,0,0,1,0,0,0,1,1
pair-02-case-194,Envoy Rate Limit,quota-state-recode,fanout4,4,0,3,0,1,0,0,0,1,1
pair-02-case-195,Envoy Rate Limit,quota-state-recode,fanout4,4,0,3,0,1,1,0,0,1,1
pair-02-case-196,Envoy Rate Limit,quota-state-recode,fanout4,4,0,0,0,1,0,0,0,1,1
pair-02-case-197,Envoy Rate Limit,quota-state-recode,fanout4,4,0,0,0,1,0,0,0,1,1
pair-02-case-198,Envoy Rate Limit,quota-state-recode,fanout4,4,0,0,0,1,1,1,0,1,1
pair-02-case-199,Envoy Rate Limit,quota-state-recode,fanout4,4,0,0,0,1,1,0,0,1,1
pair-02-case-200,Envoy Rate Limit,quota-state-recode,fanout4,4,0,0,0,1,0,0,0,1,1
pair-02-case-201,Envoy Rate Limit,quota-state-recode,fanout4,4,0,0,0,1,0,0,0,1,1
pair-02-case-202,Envoy Rate Limit,quota-state-recode,fanout4,4,0,0,0,1,1,0,0,1,1
pair-02-case-203,Envoy Rate Limit,quota-state-recode,fanout4,3,0,0,0,1,0,0,0,1,1
pair-02-case-204,Envoy Rate Limit,quota-state-recode,fanout4,3,0,0,0,1,0,0,0,1,1
pair-02-case-205,Envoy Rate Limit,quota-state-recode,fanout4,4,0,0,0,1,0,0,0,1,1
pair-02-case-206,Envoy Rate Limit,quota-state-recode,fanout4,4,0,0,0,1,0,0,0,1,1
pair-02-case-207,Envoy Rate Limit,quota-state-recode,fanout4,4,0,0,0,1,0,0,0,1,1
pair-02-case-208,Envoy Rate Limit,quota-state-recode,fanout4,4,0,0,0,1,0,0,0,1,1
pair-02-case-209,Envoy Rate Limit,quota-state-recode,fanout4,4,0,0,0,1,1,0,0,1,1
pair-02-case-210,Envoy Rate Limit,quota-state-recode,fanout4,4,0,3,0,1,1,0,0,1,1
pair-02-case-211,Envoy Rate Limit,quota-state-recode,fanout4,4,0,0,0,1,0,0,0,1,1
pair-02-case-212,Envoy Rate Limit,quota-state-recode,fanout4,4,0,0,0,1,0,0,0,1,1
pair-02-case-213,Envoy Rate Limit,quota-state-recode,fanout4,4,0,0,0,1,0,0,0,1,1
pair-02-case-214,Envoy Rate Limit,quota-state-recode,fanout4,4,0,7,0,1,0,0,1,1,1
pair-02-case-215,Envoy Rate Limit,quota-state-recode,fanout4,4,0,0,0,1,1,0,0,1,1
pair-02-case-216,Envoy Rate Limit,quota-state-recode,fanout4,4,0,0,0,1,0,0,0,1,1
pair-02-case-217,Envoy Rate Limit,quota-state-recode,fanout4,4,0,7,0,1,0,0,1,1,1
pair-02-case-218,Envoy Rate Limit,quota-state-recode,fanout4,4,0,0,0,1,0,0,0,1,1
pair-02-case-219,Envoy Rate Limit,quota-state-recode,fanout4,4,0,0,0,1,0,0,0,1,1
pair-02-case-220,Envoy Rate Limit,quota-state-recode,fanout4,3,0,0,0,1,0,0,0,1,1
pair-02-case-221,Envoy Rate Limit,quota-state-recode,fanout4,4,0,0,0,1,1,0,0,1,1
pair-02-case-222,Envoy Rate Limit,quota-state-recode,fanout4,4,0,0,0,1,0,0,0,1,1
pair-02-case-223,Envoy Rate Limit,quota-state-recode,fanout4,3,0,9,0,1,0,0,1,1,1
pair-02-case-224,Envoy Rate Limit,quota-state-recode,fanout4,4,0,0,0,1,1,0,0,1,1
pair-02-case-225,Envoy Rate Limit,quota-state-recode,fanout4,4,0,0,0,1,0,0,0,1,1
pair-02-case-226,Envoy Rate Limit,quota-state-recode,fanout4,4,0,0,0,1,0,0,0,1,1
pair-02-case-227,Envoy Rate Limit,quota-state-recode,fanout4,3,0,0,0,1,1,0,0,1,1
pair-02-case-228,Envoy Rate Limit,quota-state-recode,fanout4,4,0,0,0,1,1,1,0,1,1
pair-02-case-229,Envoy Rate Limit,quota-state-recode,fanout4,4,0,0,0,1,1,0,0,1,1
pair-02-case-230,Envoy Rate Limit,quota-state-recode,fanout4,2,0,0,0,1,1,0,0,1,1
pair-02-case-231,Envoy Rate Limit,quota-state-recode,fanout4,3,0,0,0,1,0,0,0,1,1
pair-02-case-232,Envoy Rate Limit,quota-state-recode,fanout4,4,0,0,0,1,1,0,0,1,1
pair-02-case-233,Envoy Rate Limit,quota-state-recode,fanout4,4,0,15,0,1,1,0,1,1,1
pair-02-case-234,Envoy Rate Limit,quota-state-recode,fanout4,4,0,0,0,1,0,0,0,1,1
pair-02-case-235,Envoy Rate Limit,quota-state-recode,fanout4,3,0,0,0,1,1,0,0,1,1
pair-02-case-236,Envoy Rate Limit,quota-state-recode,fanout4,4,0,0,0,1,1,0,0,1,1
pair-02-case-237,Envoy Rate Limit,quota-state-recode,fanout4,4,0,0,0,1,1,0,0,1,1
pair-02-case-238,Envoy Rate Limit,quota-state-recode,fanout4,4,0,0,0,1,1,0,0,1,1
pair-02-case-239,Envoy Rate Limit,quota-state-recode,fanout4,4,0,0,0,1,1,0,0,1,1
pair-02-case-240,Envoy Rate Limit,quota-state-recode,fanout4,3,0,0,0,1,1,0,0,1,1
pair-02-case-241,Envoy Rate Limit,quota-state-recode,fanout4,3,0,0,0,1,0,0,0,1,1
pair-02-case-242,Envoy Rate Limit,quota-state-recode,fanout4,4,0,0,0,1,1,0,0,1,1
pair-02-case-243,Envoy Rate Limit,quota-state-recode,fanout4,4,0,0,0,1,0,0,0,1,1
pair-02-case-244,Envoy Rate Limit,quota-state-recode,fanout4,4,0,0,0,1,0,0,0,1,1
pair-02-case-245,Envoy Rate Limit,quota-state-recode,fanout4,2,0,9,0,1,1,0,1,1,1
pair-02-case-246,Envoy Rate Limit,quota-state-recode,fanout4,4,0,0,0,1,0,0,0,1,1
pair-02-case-247,Envoy Rate Limit,quota-state-recode,fanout4,4,0,0,0,1,1,0,0,1,1
pair-02-case-248,Envoy Rate Limit,quota-state-recode,fanout4,4,0,0,0,1,0,0,0,1,1
pair-02-case-249,Envoy Rate Limit,quota-state-recode,fanout4,4,0,2,0,1,0,0,1,1,1
pair-02-case-250,Envoy Rate Limit,quota-state-recode,fanout4,3,0,0,0,1,1,0,0,1,1
pair-02-case-251,Envoy Rate Limit,quota-state-recode,fanout4,4,0,21,0,1,0,0,0,1,1
pair-02-case-252,Envoy Rate Limit,quota-state-recode,fanout4,4,0,15,0,1,1,0,0,1,1
pair-02-case-253,Envoy Rate Limit,quota-state-recode,fanout4,4,0,0,0,1,0,0,0,1,1
pair-02-case-254,Envoy Rate Limit,quota-state-recode,fanout4,4,0,0,0,1,0,0,0,1,1
pair-02-case-255,Envoy Rate Limit,quota-state-recode,fanout4,4,0,0,0,1,1,1,0,1,1
pair-02-case-256,Envoy Rate Limit,quota-state-recode,fanout4,4,0,0,0,1,0,0,0,1,1
pair-02-case-257,Envoy Rate Limit,quota-state-recode,fanout4,4,0,0,0,1,0,0,0,1,1
pair-02-case-258,Envoy Rate Limit,quota-state-recode,fanout4,4,0,0,0,1,0,0,0,1,1
pair-02-case-259,Envoy Rate Limit,quota-state-recode,fanout4,4,0,0,0,1,1,0,0,1,1
pair-02-case-260,Envoy Rate Limit,quota-state-recode,fanout4,4,0,0,0,1,0,0,0,1,1
pair-02-case-261,Envoy Rate Limit,quota-state-recode,fanout4,4,0,0,0,1,0,0,0,1,1
pair-02-case-262,Envoy Rate Limit,quota-state-recode,fanout4,3,0,0,0,1,0,0,0,1,1
pair-02-case-263,Envoy Rate Limit,quota-state-recode,fanout4,4,0,0,0,1,0,0,0,1,1
pair-02-case-264,Envoy Rate Limit,quota-state-recode,fanout4,4,0,0,0,1,0,0,0,1,1
pair-02-case-265,Envoy Rate Limit,quota-state-recode,fanout4,4,0,0,0,1,0,0,0,1,1
pair-02-case-266,Envoy Rate Limit,quota-state-recode,fanout4,4,0,0,0,1,1,0,0,1,1
pair-02-case-267,Envoy Rate Limit,quota-state-recode,fanout4,4,0,0,0,1,1,0,0,1,1
pair-02-case-268,Envoy Rate Limit,quota-state-recode,fanout4,4,0,0,0,1,0,0,0,1,1
pair-02-case-269,Envoy Rate Limit,quota-state-recode,fanout4,4,0,0,0,1,0,0,0,1,1
pair-02-case-270,Envoy Rate Limit,quota-state-recode,fanout4,3,0,0,0,1,0,0,0,1,1
pair-02-case-271,Envoy Rate Limit,quota-state-recode,fanout4,4,0,0,0,1,0,0,0,1,1
pair-02-case-272,Envoy Rate Limit,quota-state-recode,fanout4,4,0,0,0,1,0,0,0,1,1
pair-02-case-273,Envoy Rate Limit,quota-state-recode,fanout4,4,0,3,0,1,0,0,0,1,1
pair-02-case-274,Envoy Rate Limit,quota-state-recode,fanout4,3,0,0,0,1,1,0,0,1,1
pair-02-case-275,Envoy Rate Limit,quota-state-recode,fanout4,4,0,3,0,1,0,0,1,1,1
pair-02-case-276,Envoy Rate Limit,quota-state-recode,fanout4,4,0,0,0,1,0,0,0,1,1
pair-02-case-277,Envoy Rate Limit,quota-state-recode,fanout4,4,0,0,0,1,1,0,0,1,1
pair-02-case-278,Envoy Rate Limit,quota-state-recode,fanout4,4,0,0,0,1,0,0,0,1,1
pair-02-case-279,Envoy Rate Limit,quota-state-recode,fanout4,4,0,0,0,1,1,0,0,1,1
pair-02-case-280,Envoy Rate Limit,quota-state-recode,fanout4,4,0,0,0,1,0,0,0,1,1
pair-02-case-281,Envoy Rate Limit,quota-state-recode,fanout4,4,0,0,0,1,0,0,0,1,1
pair-02-case-282,Envoy Rate Limit,quota-state-recode,fanout4,4,0,0,0,1,0,0,0,1,1
pair-02-case-283,Envoy Rate Limit,quota-state-recode,fanout4,4,0,0,0,1,1,0,0,1,1
pair-02-case-284,Envoy Rate Limit,quota-state-recode,fanout4,2,0,9,0,1,1,1,0,1,1
pair-02-case-285,Envoy Rate Limit,quota-state-recode,fanout4,4,0,0,0,1,1,0,0,1,1
pair-02-case-286,Envoy Rate Limit,quota-state-recode,fanout4,4,0,0,0,1,1,0,0,1,1
pair-02-case-287,Envoy Rate Limit,quota-state-recode,fanout4,4,0,0,0,1,0,0,0,1,1
pair-02-case-288,Envoy Rate Limit,quota-state-recode,fanout4,4,0,0,0,1,0,0,0,1,1
pair-02-case-289,Envoy Rate Limit,quota-state-recode,fanout4,4,0,0,0,1,0,0,0,1,1
pair-02-case-290,Envoy Rate Limit,quota-state-recode,fanout4,4,0,0,0,1,0,0,0,1,1
pair-02-case-291,Envoy Rate Limit,quota-state-recode,fanout4,4,0,0,0,1,0,0,0,1,1
pair-02-case-292,Envoy Rate Limit,quota-state-recode,fanout4,4,0,0,0,1,0,0,0,1,1
pair-02-case-293,Envoy Rate Limit,quota-state-recode,fanout4,4,0,21,0,1,0,0,0,1,1
pair-02-case-294,Envoy Rate Limit,quota-state-recode,fanout4,4,0,0,0,1,0,0,0,1,1
pair-02-case-295,Envoy Rate Limit,quota-state-recode,fanout4,4,0,0,0,1,0,0,0,1,1
pair-02-case-296,Envoy Rate Limit,quota-state-recode,fanout4,3,0,3,0,1,1,0,1,1,1
pair-02-case-297,Envoy Rate Limit,quota-state-recode,fanout4,4,0,0,0,1,1,0,0,1,1
pair-02-case-298,Envoy Rate Limit,quota-state-recode,fanout4,4,0,0,0,1,0,0,0,1,1
pair-02-case-299,Envoy Rate Limit,quota-state-recode,fanout4,3,0,0,0,1,0,0,0,1,1
pair-02-case-300,Envoy Rate Limit,quota-state-recode,fanout4,4,0,0,0,1,1,0,0,1,1
pair-02-case-301,Envoy Rate Limit,quota-state-recode,fanout4,4,0,0,0,1,1,0,0,1,1
pair-02-case-302,Envoy Rate Limit,quota-state-recode,fanout4,4,0,0,0,1,0,0,0,1,1
pair-02-case-303,Envoy Rate Limit,quota-state-recode,fanout4,4,0,0,0,1,0,0,0,1,1
pair-02-case-304,Envoy Rate Limit,quota-state-recode,fanout4,4,0,0,0,1,0,0,0,1,1
pair-02-case-305,Envoy Rate Limit,quota-state-recode,fanout4,4,0,0,0,1,1,0,0,1,1
pair-02-case-306,Envoy Rate Limit,quota-state-recode,fanout4,4,0,0,0,1,0,0,0,1,1
pair-02-case-307,Envoy Rate Limit,quota-state-recode,fanout4,4,0,9,0,1,0,0,0,1,1
pair-02-case-308,Envoy Rate Limit,quota-state-recode,fanout4,4,0,0,0,1,0,0,0,1,1
pair-02-case-309,Envoy Rate Limit,quota-state-recode,fanout4,4,0,0,0,1,1,0,0,1,1
pair-02-case-310,Envoy Rate Limit,quota-state-recode,fanout4,4,0,0,0,1,0,0,0,1,1
pair-02-case-311,Envoy Rate Limit,quota-state-recode,fanout4,4,0,0,0,1,1,0,0,1,1
pair-02-case-312,Envoy Rate Limit,quota-state-recode,fanout4,4,0,0,0,1,0,0,0,1,1
pair-02-case-313,Envoy Rate Limit,quota-state-recode,fanout4,4,0,0,0,1,0,0,0,1,1
pair-02-case-314,Envoy Rate Limit,quota-state-recode,fanout4,4,0,0,0,1,0,0,0,1,1
pair-02-case-315,Envoy Rate Limit,quota-state-recode,fanout4,3,0,16,0,1,1,0,1,1,1
pair-02-case-316,Envoy Rate Limit,quota-state-recode,fanout4,4,0,0,0,1,0,0,0,1,1
pair-02-case-317,Envoy Rate Limit,quota-state-recode,fanout4,4,0,0,0,1,0,0,0,1,1
pair-02-case-318,Envoy Rate Limit,quota-state-recode,fanout4,4,0,0,0,1,0,0,0,1,1
pair-02-case-319,Envoy Rate Limit,quota-state-recode,fanout4,4,0,0,0,1,0,0,0,1,1
pair-02-case-320,Envoy Rate Limit,quota-state-recode,fanout4,4,0,0,0,1,0,0,0,1,1
pair-02-case-321,Envoy Rate Limit,quota-state-recode,fanout4,4,0,0,0,1,0,0,0,1,1
pair-02-case-322,Envoy Rate Limit,quota-state-recode,fanout4,4,0,0,0,1,0,0,0,1,1
pair-02-case-323,Envoy Rate Limit,quota-state-recode,fanout4,4,0,0,0,1,1,0,0,1,1
pair-02-case-324,Envoy Rate Limit,quota-state-recode,fanout4,4,0,0,0,1,1,0,0,1,1
pair-02-case-325,Envoy Rate Limit,quota-state-recode,fanout4,4,0,8,0,1,1,0,0,1,1
pair-02-case-326,Envoy Rate Limit,quota-state-recode,fanout4,3,0,3,0,1,0,0,0,1,1
pair-02-case-327,Envoy Rate Limit,quota-state-recode,fanout4,3,0,0,0,1,0,0,0,1,1
pair-02-case-328,Envoy Rate Limit,quota-state-recode,fanout4,4,0,0,0,1,1,0,0,1,1
pair-02-case-329,Envoy Rate Limit,quota-state-recode,fanout4,4,0,9,0,1,0,0,1,1,1
pair-02-case-330,Envoy Rate Limit,quota-state-recode,fanout4,4,0,0,0,1,1,0,0,1,1
pair-02-case-331,Envoy Rate Limit,quota-state-recode,fanout4,4,0,0,0,1,0,0,0,1,1
pair-02-case-332,Envoy Rate Limit,quota-state-recode,fanout4,4,0,0,0,1,0,0,0,1,1
pair-02-case-333,Envoy Rate Limit,quota-state-recode,fanout4,4,0,0,0,1,1,0,0,1,1
pair-02-case-334,Envoy Rate Limit,quota-state-recode,fanout4,4,0,0,0,1,0,0,0,1,1
pair-02-case-335,Envoy Rate Limit,quota-state-recode,fanout4,4,0,0,0,1,0,0,0,1,1
pair-02-case-336,Envoy Rate Limit,quota-state-recode,fanout4,4,0,0,0,1,0,0,0,1,1
pair-02-case-337,Envoy Rate Limit,quota-state-recode,fanout4,4,0,0,0,1,0,0,0,1,1
pair-02-case-338,Envoy Rate Limit,quota-state-recode,fanout4,4,0,0,0,1,0,0,0,1,1
pair-02-case-339,Envoy Rate Limit,quota-state-recode,fanout4,4,0,0,0,1,0,0,0,1,1
pair-02-case-340,Envoy Rate Limit,quota-state-recode,fanout4,4,0,0,0,1,0,0,0,1,1
pair-02-case-341,Envoy Rate Limit,quota-state-recode,fanout4,3,0,6,0,1,0,0,1,1,1
pair-02-case-342,Envoy Rate Limit,quota-state-recode,fanout4,3,0,0,0,1,0,0,0,1,1
pair-02-case-343,Envoy Rate Limit,quota-state-recode,fanout4,4,0,0,0,1,0,0,0,1,1
pair-02-case-344,Envoy Rate Limit,quota-state-recode,fanout4,4,0,0,0,1,1,0,0,1,1
pair-02-case-345,Envoy Rate Limit,quota-state-recode,fanout4,4,0,0,0,1,0,0,0,1,1
pair-02-case-346,Envoy Rate Limit,quota-state-recode,fanout4,4,0,0,0,1,0,0,0,1,1
pair-02-case-347,Envoy Rate Limit,quota-state-recode,fanout4,4,0,0,0,1,0,0,0,1,1
pair-02-case-348,Envoy Rate Limit,quota-state-recode,fanout4,3,0,0,0,1,0,0,0,1,1
pair-02-case-349,Envoy Rate Limit,quota-state-recode,fanout4,4,0,0,0,1,0,0,0,1,1
pair-02-case-350,Envoy Rate Limit,quota-state-recode,fanout4,4,0,0,0,1,1,0,0,1,1
pair-02-case-351,Envoy Rate Limit,quota-state-recode,fanout4,3,0,18,0,1,0,0,1,1,1
pair-02-case-352,Envoy Rate Limit,quota-state-recode,fanout4,4,0,0,0,1,0,0,0,1,1
pair-02-case-353,Envoy Rate Limit,quota-state-recode,fanout4,4,0,0,0,1,0,0,0,1,1
pair-02-case-354,Envoy Rate Limit,quota-state-recode,fanout4,4,0,0,0,1,0,0,0,1,1
pair-02-case-355,Envoy Rate Limit,quota-state-recode,fanout4,3,0,7,0,1,0,0,1,1,1
pair-02-case-356,Envoy Rate Limit,quota-state-recode,fanout4,4,0,0,0,1,0,0,0,1,1
pair-02-case-357,Envoy Rate Limit,quota-state-recode,fanout4,4,0,0,0,1,0,0,0,1,1
pair-02-case-358,Envoy Rate Limit,quota-state-recode,fanout4,4,0,0,0,1,1,0,0,1,1
pair-02-case-359,Envoy Rate Limit,quota-state-recode,fanout4,4,0,0,0,1,0,0,0,1,1
pair-02-case-360,Envoy Rate Limit,quota-state-recode,fanout4,3,0,0,0,1,1,1,0,1,1
pair-02-case-361,Envoy Rate Limit,quota-state-recode,fanout4,2,0,0,0,1,0,0,0,1,1
pair-02-case-362,Envoy Rate Limit,quota-state-recode,fanout4,4,0,0,0,1,0,0,0,1,1
pair-02-case-363,Envoy Rate Limit,quota-state-recode,fanout4,4,0,0,0,1,0,0,0,1,1
pair-02-case-364,Envoy Rate Limit,quota-state-recode,fanout4,4,0,0,0,1,0,0,0,1,1
pair-02-case-365,Envoy Rate Limit,quota-state-recode,fanout4,4,0,0,0,1,0,0,0,1,1
pair-02-case-366,Envoy Rate Limit,quota-state-recode,fanout4,4,0,0,0,1,0,0,0,1,1
pair-02-case-367,Envoy Rate Limit,quota-state-recode,fanout4,4,0,0,0,1,0,0,0,1,1
pair-02-case-368,Envoy Rate Limit,quota-state-recode,fanout4,4,0,0,0,1,0,0,0,1,1
pair-02-case-369,Envoy Rate Limit,quota-state-recode,fanout4,4,0,0,0,1,0,0,0,1,1
pair-02-case-370,Envoy Rate Limit,quota-state-recode,fanout4,4,0,0,0,1,0,0,0,1,1
pair-02-case-371,Envoy Rate Limit,quota-state-recode,fanout4,3,0,0,0,1,1,0,0,1,1
pair-02-case-372,Envoy Rate Limit,quota-state-recode,fanout4,4,0,0,0,1,0,0,0,1,1
pair-02-case-373,Envoy Rate Limit,quota-state-recode,fanout4,4,0,0,0,1,0,0,0,1,1
pair-02-case-374,Envoy Rate Limit,quota-state-recode,fanout4,3,0,0,0,1,0,0,0,1,1
pair-02-case-375,Envoy Rate Limit,quota-state-recode,fanout4,4,0,0,0,1,0,0,0,1,1
pair-02-case-376,Envoy Rate Limit,quota-state-recode,fanout4,4,0,0,0,1,0,0,0,1,1
pair-02-case-377,Envoy Rate Limit,quota-state-recode,fanout4,4,0,0,0,1,1,0,0,1,1
pair-02-case-378,Envoy Rate Limit,quota-state-recode,fanout4,4,0,3,0,1,1,0,0,1,1
pair-02-case-379,Envoy Rate Limit,quota-state-recode,fanout4,4,0,0,0,1,0,0,0,1,1
pair-02-case-380,Envoy Rate Limit,quota-state-recode,fanout4,4,0,0,0,1,0,0,0,1,1
pair-02-case-381,Envoy Rate Limit,quota-state-recode,fanout4,4,0,0,0,1,1,0,0,1,1
pair-02-case-382,Envoy Rate Limit,quota-state-recode,fanout4,3,0,9,0,1,1,0,1,1,1
pair-02-case-383,Envoy Rate Limit,quota-state-recode,fanout4,4,0,0,0,1,0,0,0,1,1
pair-02-case-384,Envoy Rate Limit,quota-state-recode,fanout4,4,0,0,0,1,0,0,0,1,1
pair-02-case-385,Envoy Rate Limit,quota-state-recode,fanout4,4,0,0,0,1,1,1,0,1,1
pair-02-case-386,Envoy Rate Limit,quota-state-recode,fanout4,4,0,0,0,1,0,0,0,1,1
pair-02-case-387,Envoy Rate Limit,quota-state-recode,fanout4,4,0,0,0,1,0,0,0,1,1
pair-02-case-388,Envoy Rate Limit,quota-state-recode,fanout4,4,0,0,0,1,0,0,0,1,1
pair-02-case-389,Envoy Rate Limit,quota-state-recode,fanout4,3,0,7,0,1,1,0,1,1,1
pair-02-case-390,Envoy Rate Limit,quota-state-recode,fanout4,4,0,0,0,1,0,0,0,1,1
pair-02-case-391,Envoy Rate Limit,quota-state-recode,fanout4,2,0,9,0,1,0,0,1,1,1
pair-02-case-392,Envoy Rate Limit,quota-state-recode,fanout4,4,0,0,0,1,0,0,0,1,1
pair-02-case-393,Envoy Rate Limit,quota-state-recode,fanout4,4,0,0,0,1,0,0,0,1,1
pair-02-case-394,Envoy Rate Limit,quota-state-recode,fanout4,4,0,0,0,1,0,0,0,1,1
pair-02-case-395,Envoy Rate Limit,quota-state-recode,fanout4,4,0,0,0,1,0,0,0,1,1
pair-02-case-396,Envoy Rate Limit,quota-state-recode,fanout4,4,0,0,0,1,1,0,0,1,1
pair-02-case-397,Envoy Rate Limit,quota-state-recode,fanout4,4,0,0,0,1,0,0,0,1,1
pair-02-case-398,Envoy Rate Limit,quota-state-recode,fanout4,4,0,0,0,1,1,0,0,1,1
pair-02-case-399,Envoy Rate Limit,quota-state-recode,fanout4,3,0,0,0,1,0,0,0,1,1
pair-02-case-400,Envoy Rate Limit,quota-state-recode,fanout4,4,0,0,0,1,0,0,0,1,1
pair-02-case-401,Envoy Rate Limit,quota-state-recode,fanout4,4,0,0,0,1,1,0,0,1,1
pair-02-case-402,Envoy Rate Limit,quota-state-recode,fanout4,4,0,0,0,1,1,0,0,1,1
pair-02-case-403,Envoy Rate Limit,quota-state-recode,fanout4,4,0,0,0,1,1,0,0,1,1
pair-02-case-404,Envoy Rate Limit,quota-state-recode,fanout4,4,0,0,0,1,0,0,0,1,1
pair-02-case-405,Envoy Rate Limit,quota-state-recode,fanout4,4,0,0,0,1,0,0,0,1,1
pair-02-case-406,Envoy Rate Limit,quota-state-recode,fanout4,4,0,0,0,1,0,0,0,1,1
pair-02-case-407,Envoy Rate Limit,quota-state-recode,fanout4,4,0,0,0,1,1,0,0,1,1
pair-02-case-408,Envoy Rate Limit,quota-state-recode,fanout4,4,0,0,0,1,1,0,0,1,1
pair-02-case-409,Envoy Rate Limit,quota-state-recode,fanout4,4,0,0,0,1,0,0,0,1,1
pair-02-case-410,Envoy Rate Limit,quota-state-recode,fanout4,4,0,0,0,1,1,0,0,1,1
pair-02-case-411,Envoy Rate Limit,quota-state-recode,fanout4,4,0,0,0,1,0,0,0,1,1
pair-02-case-412,Envoy Rate Limit,quota-state-recode,fanout4,3,0,0,0,1,0,0,0,1,1
pair-02-case-413,Envoy Rate Limit,quota-state-recode,fanout4,4,0,0,0,1,1,0,0,1,1
pair-02-case-414,Envoy Rate Limit,quota-state-recode,fanout4,3,0,0,0,1,1,0,0,1,1
pair-02-case-415,Envoy Rate Limit,quota-state-recode,fanout4,4,0,0,0,1,1,0,0,1,1
pair-02-case-416,Envoy Rate Limit,quota-state-recode,fanout4,4,0,0,0,1,0,0,0,1,1
pair-02-case-417,Envoy Rate Limit,quota-state-recode,fanout4,4,0,0,0,1,1,0,0,1,1
pair-02-case-418,Envoy Rate Limit,quota-state-recode,fanout4,4,0,7,0,1,0,0,0,1,1
pair-02-case-419,Envoy Rate Limit,quota-state-recode,fanout4,4,0,0,0,1,0,0,0,1,1
pair-02-case-420,Envoy Rate Limit,quota-state-recode,fanout4,4,0,0,0,1,0,0,0,1,1
pair-02-case-421,Envoy Rate Limit,quota-state-recode,fanout4,4,0,0,0,1,1,0,0,1,1
pair-02-case-422,Envoy Rate Limit,quota-state-recode,fanout4,4,0,0,0,1,0,0,0,1,1
pair-02-case-423,Envoy Rate Limit,quota-state-recode,fanout4,4,0,0,0,1,0,0,0,1,1
pair-02-case-424,Envoy Rate Limit,quota-state-recode,fanout4,3,0,0,0,1,0,0,0,1,1
pair-02-case-425,Envoy Rate Limit,quota-state-recode,fanout4,3,0,0,0,1,1,0,0,1,1
pair-02-case-426,Envoy Rate Limit,quota-state-recode,fanout4,3,0,0,0,1,1,0,0,1,1
pair-02-case-427,Envoy Rate Limit,quota-state-recode,fanout4,4,0,0,0,1,1,0,0,1,1
pair-02-case-428,Envoy Rate Limit,quota-state-recode,fanout4,4,0,0,0,1,1,0,0,1,1
pair-02-case-429,Envoy Rate Limit,quota-state-recode,fanout4,4,0,0,0,1,0,0,0,1,1
pair-02-case-430,Envoy Rate Limit,quota-state-recode,fanout4,4,0,0,0,1,0,0,0,1,1
pair-02-case-431,Envoy Rate Limit,quota-state-recode,fanout4,4,0,0,0,1,0,0,0,1,1
pair-02-case-432,Envoy Rate Limit,quota-state-recode,fanout4,4,0,0,0,1,1,0,0,1,1
pair-02-case-433,Envoy Rate Limit,quota-state-recode,fanout4,4,0,0,0,1,0,0,0,1,1
pair-02-case-434,Envoy Rate Limit,quota-state-recode,fanout4,4,0,0,0,1,0,0,0,1,1
pair-02-case-435,Envoy Rate Limit,quota-state-recode,fanout4,4,0,0,0,1,0,0,0,1,1
pair-02-case-436,Envoy Rate Limit,quota-state-recode,fanout4,3,0,9,0,1,0,0,1,1,1
pair-02-case-437,Envoy Rate Limit,quota-state-recode,fanout4,3,0,9,0,1,1,0,0,1,1
pair-02-case-438,Envoy Rate Limit,quota-state-recode,fanout4,4,0,0,0,1,0,0,0,1,1
pair-02-case-439,Envoy Rate Limit,quota-state-recode,fanout4,4,0,0,0,1,1,0,0,1,1
pair-02-case-440,Envoy Rate Limit,quota-state-recode,fanout4,4,0,0,0,1,1,0,0,1,1
pair-02-case-441,Envoy Rate Limit,quota-state-recode,fanout4,4,0,0,0,1,0,0,0,1,1
pair-02-case-442,Envoy Rate Limit,quota-state-recode,fanout4,4,0,0,0,1,1,0,0,1,1
pair-02-case-443,Envoy Rate Limit,quota-state-recode,fanout4,4,0,0,0,1,0,0,0,1,1
pair-02-case-444,Envoy Rate Limit,quota-state-recode,fanout4,4,0,0,0,1,0,0,0,1,1
pair-02-case-445,Envoy Rate Limit,quota-state-recode,fanout4,4,0,0,0,1,1,0,0,1,1
pair-02-case-446,Envoy Rate Limit,quota-state-recode,fanout4,3,0,0,0,1,0,0,0,1,1
pair-02-case-447,Envoy Rate Limit,quota-state-recode,fanout4,4,0,0,0,1,0,0,0,1,1
pair-02-case-448,Envoy Rate Limit,quota-state-recode,fanout4,4,0,0,0,1,0,0,0,1,1
pair-02-case-449,Envoy Rate Limit,quota-state-recode,fanout4,4,0,0,0,1,1,0,0,1,1
pair-02-case-450,Envoy Rate Limit,quota-state-recode,fanout4,4,0,0,0,1,1,0,0,1,1
pair-02-case-451,Envoy Rate Limit,quota-state-recode,fanout4,4,0,0,0,1,1,0,0,1,1
pair-02-case-452,Envoy Rate Limit,quota-state-recode,fanout4,4,0,0,0,1,1,0,0,1,1
pair-02-case-453,Envoy Rate Limit,quota-state-recode,fanout4,4,0,0,0,1,0,0,0,1,1
pair-02-case-454,Envoy Rate Limit,quota-state-recode,fanout4,4,0,0,0,1,0,0,0,1,1
pair-02-case-455,Envoy Rate Limit,quota-state-recode,fanout4,4,0,0,0,1,0,0,0,1,1
pair-02-case-456,Envoy Rate Limit,quota-state-recode,fanout4,4,0,0,0,1,0,0,0,1,1
pair-02-case-457,Envoy Rate Limit,quota-state-recode,fanout4,4,0,3,0,1,0,0,0,1,1
pair-02-case-458,Envoy Rate Limit,quota-state-recode,fanout4,4,0,3,0,1,0,0,0,1,1
pair-02-case-459,Envoy Rate Limit,quota-state-recode,fanout4,4,0,0,0,1,0,0,0,1,1
pair-02-case-460,Envoy Rate Limit,quota-state-recode,fanout4,4,0,0,0,1,0,0,0,1,1
pair-02-case-461,Envoy Rate Limit,quota-state-recode,fanout4,3,0,0,0,1,1,0,0,1,1
pair-02-case-462,Envoy Rate Limit,quota-state-recode,fanout4,4,0,6,0,1,1,0,0,1,1
pair-02-case-463,Envoy Rate Limit,quota-state-recode,fanout4,4,0,0,0,1,0,0,0,1,1
pair-02-case-464,Envoy Rate Limit,quota-state-recode,fanout4,4,0,6,0,1,0,0,1,1,1
pair-02-case-465,Envoy Rate Limit,quota-state-recode,fanout4,4,0,0,0,1,0,0,0,1,1
pair-02-case-466,Envoy Rate Limit,quota-state-recode,fanout4,4,0,0,0,1,0,0,0,1,1
pair-02-case-467,Envoy Rate Limit,quota-state-recode,fanout4,4,0,0,0,1,0,0,0,1,1
pair-02-case-468,Envoy Rate Limit,quota-state-recode,fanout4,4,0,0,0,1,0,0,0,1,1
pair-02-case-469,Envoy Rate Limit,quota-state-recode,fanout4,4,0,0,0,1,0,0,0,1,1
pair-02-case-470,Envoy Rate Limit,quota-state-recode,fanout4,4,0,0,0,1,1,0,0,1,1
pair-02-case-471,Envoy Rate Limit,quota-state-recode,fanout4,4,0,0,0,1,0,0,0,1,1
pair-02-case-472,Envoy Rate Limit,quota-state-recode,fanout4,3,0,0,0,1,0,0,0,1,1
pair-02-case-473,Envoy Rate Limit,quota-state-recode,fanout4,4,0,0,0,1,0,0,0,1,1
pair-02-case-474,Envoy Rate Limit,quota-state-recode,fanout4,3,0,0,0,1,0,0,0,1,1
pair-02-case-475,Envoy Rate Limit,quota-state-recode,fanout4,4,0,0,0,1,0,0,0,1,1
pair-02-case-476,Envoy Rate Limit,quota-state-recode,fanout4,4,0,9,0,1,0,0,1,1,1
pair-02-case-477,Envoy Rate Limit,quota-state-recode,fanout4,4,0,0,0,1,0,0,0,1,1
pair-02-case-478,Envoy Rate Limit,quota-state-recode,fanout4,4,0,0,0,1,1,1,0,1,1
pair-02-case-479,Envoy Rate Limit,quota-state-recode,fanout4,4,0,0,0,1,0,0,0,1,1
pair-02-case-480,Envoy Rate Limit,quota-state-recode,fanout4,4,0,0,0,1,0,0,0,1,1
pair-02-case-481,Envoy Rate Limit,quota-state-recode,fanout4,4,0,0,0,1,0,0,0,1,1
pair-02-case-482,Envoy Rate Limit,quota-state-recode,fanout4,4,0,0,0,1,1,0,0,1,1
pair-02-case-483,Envoy Rate Limit,quota-state-recode,fanout4,4,0,0,0,1,0,0,0,1,1
pair-02-case-484,Envoy Rate Limit,quota-state-recode,fanout4,3,0,0,0,1,1,0,0,1,1
pair-02-case-485,Envoy Rate Limit,quota-state-recode,fanout4,2,0,0,0,1,0,0,0,1,1
pair-02-case-486,Envoy Rate Limit,quota-state-recode,fanout4,4,0,0,0,1,0,0,0,1,1
pair-02-case-487,Envoy Rate Limit,quota-state-recode,fanout4,4,0,0,0,1,0,0,0,1,1
pair-02-case-488,Envoy Rate Limit,quota-state-recode,fanout4,4,0,0,0,1,0,0,0,1,1
pair-02-case-489,Envoy Rate Limit,quota-state-recode,fanout4,4,0,0,0,1,1,0,0,1,1
pair-02-case-490,Envoy Rate Limit,quota-state-recode,fanout4,4,0,0,0,1,0,0,0,1,1
pair-02-case-491,Envoy Rate Limit,quota-state-recode,fanout4,3,0,0,0,1,0,0,0,1,1
pair-02-case-492,Envoy Rate Limit,quota-state-recode,fanout4,4,0,0,0,1,1,0,0,1,1
pair-02-case-493,Envoy Rate Limit,quota-state-recode,fanout4,4,0,0,0,1,0,0,0,1,1
pair-02-case-494,Envoy Rate Limit,quota-state-recode,fanout4,4,0,0,0,1,1,0,0,1,1
pair-02-case-495,Envoy Rate Limit,quota-state-recode,fanout4,3,0,0,0,1,1,1,0,1,1
pair-02-case-496,Envoy Rate Limit,quota-state-recode,fanout4,4,0,0,0,1,0,0,0,1,1
pair-02-case-497,Envoy Rate Limit,quota-state-recode,fanout4,3,0,0,0,1,1,0,0,1,1
pair-02-case-498,Envoy Rate Limit,quota-state-recode,fanout4,4,0,0,0,1,1,0,0,1,1
pair-02-case-499,Envoy Rate Limit,quota-state-recode,fanout4,4,0,0,0,1,1,0,0,1,1
pair-03-case-000,etcd KV,additive-compare-field,diamond4,0,1,81,8,0,1,1,1,1,1
pair-03-case-001,etcd KV,additive-compare-field,diamond4,1,0,0,0,1,0,0,0,1,1
pair-03-case-002,etcd KV,additive-compare-field,diamond4,1,0,27,0,1,0,0,1,1,1
pair-03-case-003,etcd KV,additive-compare-field,diamond4,1,0,0,0,1,1,1,0,1,1
pair-03-case-004,etcd KV,additive-compare-field,diamond4,1,0,0,0,1,1,1,0,1,1
pair-03-case-005,etcd KV,additive-compare-field,diamond4,1,0,27,0,1,1,0,1,1,1
pair-03-case-006,etcd KV,additive-compare-field,diamond4,1,0,0,0,1,0,0,0,1,1
pair-03-case-007,etcd KV,additive-compare-field,diamond4,1,0,27,0,1,0,0,1,1,1
pair-03-case-008,etcd KV,additive-compare-field,diamond4,1,0,0,0,1,1,1,0,1,1
pair-03-case-009,etcd KV,additive-compare-field,diamond4,1,0,0,0,1,1,1,0,1,1
pair-03-case-010,etcd KV,additive-compare-field,diamond4,1,0,27,0,1,1,0,1,1,1
pair-03-case-011,etcd KV,additive-compare-field,diamond4,1,0,0,0,1,0,0,0,1,1
pair-03-case-012,etcd KV,additive-compare-field,diamond4,1,0,27,0,1,0,0,1,1,1
pair-03-case-013,etcd KV,additive-compare-field,diamond4,1,0,27,0,1,1,1,0,1,1
pair-03-case-014,etcd KV,additive-compare-field,diamond4,1,0,0,0,1,1,1,0,1,1
pair-03-case-015,etcd KV,additive-compare-field,diamond4,1,0,0,0,1,1,1,0,1,1
pair-03-case-016,etcd KV,additive-compare-field,diamond4,1,0,27,0,1,1,0,1,1,1
pair-03-case-017,etcd KV,additive-compare-field,diamond4,1,0,0,0,1,0,0,0,1,1
pair-03-case-018,etcd KV,additive-compare-field,diamond4,1,0,27,0,1,0,0,1,1,1
pair-03-case-019,etcd KV,additive-compare-field,diamond4,1,0,27,0,1,1,1,0,1,1
pair-03-case-020,etcd KV,additive-compare-field,diamond4,1,0,0,0,1,1,1,0,1,1
pair-03-case-021,etcd KV,additive-compare-field,diamond4,1,0,0,0,1,1,1,0,1,1
pair-03-case-022,etcd KV,additive-compare-field,diamond4,1,0,27,0,1,1,0,1,1,1
pair-03-case-023,etcd KV,additive-compare-field,diamond4,1,1,63,8,0,1,0,1,1,1
pair-03-case-024,etcd KV,additive-compare-field,diamond4,1,1,63,8,0,1,0,1,1,1
pair-03-case-025,etcd KV,additive-compare-field,diamond4,1,1,63,8,0,1,0,1,1,1
pair-03-case-026,etcd KV,additive-compare-field,diamond4,1,1,63,8,0,1,0,1,1,1
pair-03-case-027,etcd KV,additive-compare-field,diamond4,1,1,63,8,0,1,0,1,1,1
pair-03-case-028,etcd KV,additive-compare-field,diamond4,1,1,63,8,0,1,0,1,1,1
pair-03-case-029,etcd KV,additive-compare-field,diamond4,1,1,63,8,0,1,0,1,1,1
pair-03-case-030,etcd KV,additive-compare-field,diamond4,1,1,63,8,0,1,0,1,1,1
pair-03-case-031,etcd KV,additive-compare-field,diamond4,4,1,25,8,0,1,0,1,1,1
pair-03-case-032,etcd KV,additive-compare-field,diamond4,4,1,27,8,0,1,0,1,1,1
pair-03-case-033,etcd KV,additive-compare-field,diamond4,4,1,29,8,0,1,0,1,1,1
pair-03-case-034,etcd KV,additive-compare-field,diamond4,4,1,31,8,0,1,0,1,1,1
pair-03-case-035,etcd KV,additive-compare-field,diamond4,3,1,31,8,0,1,0,1,1,1
pair-03-case-036,etcd KV,additive-compare-field,diamond4,3,1,33,8,0,1,0,1,1,1
pair-03-case-037,etcd KV,additive-compare-field,diamond4,3,1,31,8,0,1,0,1,1,1
pair-03-case-038,etcd KV,additive-compare-field,diamond4,4,1,31,8,0,1,0,1,1,1
pair-03-case-039,etcd KV,additive-compare-field,diamond4,4,1,31,8,0,1,0,1,1,1
pair-03-case-040,etcd KV,additive-compare-field,diamond4,3,1,39,8,0,1,0,1,1,1
pair-03-case-041,etcd KV,additive-compare-field,diamond4,4,1,23,8,0,1,0,1,1,1
pair-03-case-042,etcd KV,additive-compare-field,diamond4,4,1,27,8,0,1,0,1,1,1
pair-03-case-043,etcd KV,additive-compare-field,diamond4,3,1,35,8,0,1,0,1,1,1
pair-03-case-044,etcd KV,additive-compare-field,diamond4,3,1,36,8,0,1,0,1,1,1
pair-03-case-045,etcd KV,additive-compare-field,diamond4,2,1,48,8,0,1,0,1,1,1
pair-03-case-046,etcd KV,additive-compare-field,diamond4,3,1,35,8,0,1,0,1,1,1
pair-03-case-047,etcd KV,additive-compare-field,diamond4,2,1,51,8,0,1,0,1,1,1
pair-03-case-048,etcd KV,additive-compare-field,diamond4,4,1,31,8,0,1,0,1,1,1
pair-03-case-049,etcd KV,additive-compare-field,diamond4,2,1,45,8,0,1,0,1,1,1
pair-03-case-050,etcd KV,additive-compare-field,diamond4,3,1,35,8,0,1,0,1,1,1
pair-03-case-051,etcd KV,additive-compare-field,diamond4,4,1,33,8,0,1,0,1,1,1
pair-03-case-052,etcd KV,additive-compare-field,diamond4,3,1,43,8,0,1,0,1,1,1
pair-03-case-053,etcd KV,additive-compare-field,diamond4,4,1,29,8,0,1,0,1,1,1
pair-03-case-054,etcd KV,additive-compare-field,diamond4,3,1,33,8,0,1,0,1,1,1
pair-03-case-055,etcd KV,additive-compare-field,diamond4,3,1,37,8,0,1,0,1,1,1
pair-03-case-056,etcd KV,additive-compare-field,diamond4,3,1,33,8,0,1,0,1,1,1
pair-03-case-057,etcd KV,additive-compare-field,diamond4,3,1,34,8,0,1,0,1,1,1
pair-03-case-058,etcd KV,additive-compare-field,diamond4,4,1,27,8,0,1,0,1,1,1
pair-03-case-059,etcd KV,additive-compare-field,diamond4,4,1,29,8,0,1,0,1,1,1
pair-03-case-060,etcd KV,additive-compare-field,diamond4,2,1,49,8,0,1,0,1,1,1
pair-03-case-061,etcd KV,additive-compare-field,diamond4,4,1,25,8,0,1,0,1,1,1
pair-03-case-062,etcd KV,additive-compare-field,diamond4,3,1,37,8,0,1,0,1,1,1
pair-03-case-063,etcd KV,additive-compare-field,diamond4,4,1,27,8,0,1,0,1,1,1
pair-03-case-064,etcd KV,additive-compare-field,diamond4,3,1,37,8,0,1,0,1,1,1
pair-03-case-065,etcd KV,additive-compare-field,diamond4,3,1,37,8,0,1,0,1,1,1
pair-03-case-066,etcd KV,additive-compare-field,diamond4,4,1,35,8,0,1,0,1,1,1
pair-03-case-067,etcd KV,additive-compare-field,diamond4,4,1,27,8,0,1,0,1,1,1
pair-03-case-068,etcd KV,additive-compare-field,diamond4,4,1,33,8,0,1,0,1,1,1
pair-03-case-069,etcd KV,additive-compare-field,diamond4,2,1,45,8,0,1,0,1,1,1
pair-03-case-070,etcd KV,additive-compare-field,diamond4,3,1,39,8,0,1,0,1,1,1
pair-03-case-071,etcd KV,additive-compare-field,diamond4,3,1,39,8,0,1,0,1,1,1
pair-03-case-072,etcd KV,additive-compare-field,diamond4,3,1,43,8,0,1,0,1,1,1
pair-03-case-073,etcd KV,additive-compare-field,diamond4,2,1,45,8,0,1,0,1,1,1
pair-03-case-074,etcd KV,additive-compare-field,diamond4,4,1,35,8,0,1,0,1,1,1
pair-03-case-075,etcd KV,additive-compare-field,diamond4,3,1,36,8,0,1,0,1,1,1
pair-03-case-076,etcd KV,additive-compare-field,diamond4,2,1,49,8,0,1,0,1,1,1
pair-03-case-077,etcd KV,additive-compare-field,diamond4,3,1,37,8,0,1,0,1,1,1
pair-03-case-078,etcd KV,additive-compare-field,diamond4,3,1,41,8,0,1,0,1,1,1
pair-03-case-079,etcd KV,additive-compare-field,diamond4,4,1,21,8,0,1,0,1,1,1
pair-03-case-080,etcd KV,additive-compare-field,diamond4,3,1,33,8,0,1,0,1,1,1
pair-03-case-081,etcd KV,additive-compare-field,diamond4,4,1,37,8,0,1,0,1,1,1
pair-03-case-082,etcd KV,additive-compare-field,diamond4,4,1,25,8,0,1,0,1,1,1
pair-03-case-083,etcd KV,additive-compare-field,diamond4,4,1,30,8,0,1,0,1,1,1
pair-03-case-084,etcd KV,additive-compare-field,diamond4,4,1,23,8,0,1,0,1,1,1
pair-03-case-085,etcd KV,additive-compare-field,diamond4,2,1,48,8,0,1,0,1,1,1
pair-03-case-086,etcd KV,additive-compare-field,diamond4,3,1,31,8,0,1,0,1,1,1
pair-03-case-087,etcd KV,additive-compare-field,diamond4,2,1,51,8,0,1,0,1,1,1
pair-03-case-088,etcd KV,additive-compare-field,diamond4,4,1,27,8,0,1,0,1,1,1
pair-03-case-089,etcd KV,additive-compare-field,diamond4,4,1,31,8,0,1,0,1,1,1
pair-03-case-090,etcd KV,additive-compare-field,diamond4,3,1,33,8,0,1,0,1,1,1
pair-03-case-091,etcd KV,additive-compare-field,diamond4,4,1,33,8,0,1,0,1,1,1
pair-03-case-092,etcd KV,additive-compare-field,diamond4,4,1,29,8,0,1,0,1,1,1
pair-03-case-093,etcd KV,additive-compare-field,diamond4,4,1,29,8,0,1,0,1,1,1
pair-03-case-094,etcd KV,additive-compare-field,diamond4,2,1,51,8,0,1,0,1,1,1
pair-03-case-095,etcd KV,additive-compare-field,diamond4,3,1,45,8,0,1,0,1,1,1
pair-03-case-096,etcd KV,additive-compare-field,diamond4,4,1,26,8,0,1,0,1,1,1
pair-03-case-097,etcd KV,additive-compare-field,diamond4,4,1,25,8,0,1,0,1,1,1
pair-03-case-098,etcd KV,additive-compare-field,diamond4,4,1,31,8,0,1,0,1,1,1
pair-03-case-099,etcd KV,additive-compare-field,diamond4,2,1,51,8,0,1,0,1,1,1
pair-03-case-100,etcd KV,additive-compare-field,diamond4,3,1,34,8,0,1,0,1,1,1
pair-03-case-101,etcd KV,additive-compare-field,diamond4,4,1,26,8,0,1,0,1,1,1
pair-03-case-102,etcd KV,additive-compare-field,diamond4,4,1,26,8,0,1,0,1,1,1
pair-03-case-103,etcd KV,additive-compare-field,diamond4,3,1,33,8,0,1,0,1,1,1
pair-03-case-104,etcd KV,additive-compare-field,diamond4,3,1,33,8,0,1,0,1,1,1
pair-03-case-105,etcd KV,additive-compare-field,diamond4,4,1,27,8,0,1,0,1,1,1
pair-03-case-106,etcd KV,additive-compare-field,diamond4,4,1,27,8,0,1,0,1,1,1
pair-03-case-107,etcd KV,additive-compare-field,diamond4,4,1,29,8,0,1,0,1,1,1
pair-03-case-108,etcd KV,additive-compare-field,diamond4,3,1,34,8,0,1,0,1,1,1
pair-03-case-109,etcd KV,additive-compare-field,diamond4,4,1,27,8,0,1,0,1,1,1
pair-03-case-110,etcd KV,additive-compare-field,diamond4,4,1,20,8,0,1,0,1,1,1
pair-03-case-111,etcd KV,additive-compare-field,diamond4,3,1,45,8,0,1,0,1,1,1
pair-03-case-112,etcd KV,additive-compare-field,diamond4,2,1,51,8,0,1,0,1,1,1
pair-03-case-113,etcd KV,additive-compare-field,diamond4,3,1,35,8,0,1,0,1,1,1
pair-03-case-114,etcd KV,additive-compare-field,diamond4,2,1,45,8,0,1,0,1,1,1
pair-03-case-115,etcd KV,additive-compare-field,diamond4,4,1,26,8,0,1,0,1,1,1
pair-03-case-116,etcd KV,additive-compare-field,diamond4,2,1,45,8,0,1,0,1,1,1
pair-03-case-117,etcd KV,additive-compare-field,diamond4,4,1,27,8,0,1,0,1,1,1
pair-03-case-118,etcd KV,additive-compare-field,diamond4,4,1,31,8,0,1,0,1,1,1
pair-03-case-119,etcd KV,additive-compare-field,diamond4,4,1,25,8,0,1,0,1,1,1
pair-03-case-120,etcd KV,additive-compare-field,diamond4,3,1,45,8,0,1,0,1,1,1
pair-03-case-121,etcd KV,additive-compare-field,diamond4,2,1,49,8,0,1,0,1,1,1
pair-03-case-122,etcd KV,additive-compare-field,diamond4,3,1,43,8,0,1,0,1,1,1
pair-03-case-123,etcd KV,additive-compare-field,diamond4,3,1,41,8,0,1,0,1,1,1
pair-03-case-124,etcd KV,additive-compare-field,diamond4,2,1,57,8,0,1,0,1,1,1
pair-03-case-125,etcd KV,additive-compare-field,diamond4,4,1,27,8,0,1,0,1,1,1
pair-03-case-126,etcd KV,additive-compare-field,diamond4,4,1,23,8,0,1,0,1,1,1
pair-03-case-127,etcd KV,additive-compare-field,diamond4,4,0,0,0,1,0,0,0,1,1
pair-03-case-128,etcd KV,additive-compare-field,diamond4,4,0,0,0,1,0,0,0,1,1
pair-03-case-129,etcd KV,additive-compare-field,diamond4,4,0,0,0,1,1,0,0,1,1
pair-03-case-130,etcd KV,additive-compare-field,diamond4,3,0,9,0,1,1,0,1,1,1
pair-03-case-131,etcd KV,additive-compare-field,diamond4,4,0,0,0,1,0,0,0,1,1
pair-03-case-132,etcd KV,additive-compare-field,diamond4,4,0,0,0,1,0,0,0,1,1
pair-03-case-133,etcd KV,additive-compare-field,diamond4,4,0,0,0,1,0,0,0,1,1
pair-03-case-134,etcd KV,additive-compare-field,diamond4,3,0,0,0,1,0,0,0,1,1
pair-03-case-135,etcd KV,additive-compare-field,diamond4,4,0,0,0,1,1,0,0,1,1
pair-03-case-136,etcd KV,additive-compare-field,diamond4,4,0,0,0,1,0,0,0,1,1
pair-03-case-137,etcd KV,additive-compare-field,diamond4,4,0,0,0,1,0,0,0,1,1
pair-03-case-138,etcd KV,additive-compare-field,diamond4,4,0,0,0,1,0,0,0,1,1
pair-03-case-139,etcd KV,additive-compare-field,diamond4,4,0,0,0,1,0,0,0,1,1
pair-03-case-140,etcd KV,additive-compare-field,diamond4,4,0,0,0,1,1,0,0,1,1
pair-03-case-141,etcd KV,additive-compare-field,diamond4,4,0,0,0,1,0,0,0,1,1
pair-03-case-142,etcd KV,additive-compare-field,diamond4,4,0,0,0,1,0,0,0,1,1
pair-03-case-143,etcd KV,additive-compare-field,diamond4,4,0,0,0,1,1,0,0,1,1
pair-03-case-144,etcd KV,additive-compare-field,diamond4,4,0,0,0,1,0,0,0,1,1
pair-03-case-145,etcd KV,additive-compare-field,diamond4,4,0,0,0,1,0,0,0,1,1
pair-03-case-146,etcd KV,additive-compare-field,diamond4,4,0,0,0,1,0,0,0,1,1
pair-03-case-147,etcd KV,additive-compare-field,diamond4,4,0,0,0,1,1,1,0,1,1
pair-03-case-148,etcd KV,additive-compare-field,diamond4,4,0,0,0,1,0,0,0,1,1
pair-03-case-149,etcd KV,additive-compare-field,diamond4,4,0,0,0,1,0,0,0,1,1
pair-03-case-150,etcd KV,additive-compare-field,diamond4,4,0,0,0,1,0,0,0,1,1
pair-03-case-151,etcd KV,additive-compare-field,diamond4,4,0,0,0,1,1,0,0,1,1
pair-03-case-152,etcd KV,additive-compare-field,diamond4,4,0,3,0,1,1,0,0,1,1
pair-03-case-153,etcd KV,additive-compare-field,diamond4,4,0,3,0,1,0,0,1,1,1
pair-03-case-154,etcd KV,additive-compare-field,diamond4,4,0,0,0,1,1,0,0,1,1
pair-03-case-155,etcd KV,additive-compare-field,diamond4,4,0,0,0,1,0,0,0,1,1
pair-03-case-156,etcd KV,additive-compare-field,diamond4,4,0,0,0,1,0,0,0,1,1
pair-03-case-157,etcd KV,additive-compare-field,diamond4,4,0,0,0,1,0,0,0,1,1
pair-03-case-158,etcd KV,additive-compare-field,diamond4,4,0,0,0,1,1,0,0,1,1
pair-03-case-159,etcd KV,additive-compare-field,diamond4,4,0,0,0,1,1,0,0,1,1
pair-03-case-160,etcd KV,additive-compare-field,diamond4,4,0,0,0,1,1,1,0,1,1
pair-03-case-161,etcd KV,additive-compare-field,diamond4,4,0,0,0,1,0,0,0,1,1
pair-03-case-162,etcd KV,additive-compare-field,diamond4,4,0,0,0,1,0,0,0,1,1
pair-03-case-163,etcd KV,additive-compare-field,diamond4,3,0,0,0,1,1,0,0,1,1
pair-03-case-164,etcd KV,additive-compare-field,diamond4,4,0,0,0,1,1,0,0,1,1
pair-03-case-165,etcd KV,additive-compare-field,diamond4,4,0,6,0,1,1,0,1,1,1
pair-03-case-166,etcd KV,additive-compare-field,diamond4,4,0,3,0,1,0,0,1,1,1
pair-03-case-167,etcd KV,additive-compare-field,diamond4,4,0,0,0,1,0,0,0,1,1
pair-03-case-168,etcd KV,additive-compare-field,diamond4,4,0,0,0,1,1,0,0,1,1
pair-03-case-169,etcd KV,additive-compare-field,diamond4,4,0,0,0,1,0,0,0,1,1
pair-03-case-170,etcd KV,additive-compare-field,diamond4,4,0,0,0,1,0,0,0,1,1
pair-03-case-171,etcd KV,additive-compare-field,diamond4,4,0,0,0,1,0,0,0,1,1
pair-03-case-172,etcd KV,additive-compare-field,diamond4,4,0,0,0,1,0,0,0,1,1
pair-03-case-173,etcd KV,additive-compare-field,diamond4,4,0,0,0,1,0,0,0,1,1
pair-03-case-174,etcd KV,additive-compare-field,diamond4,2,0,9,0,1,0,0,1,1,1
pair-03-case-175,etcd KV,additive-compare-field,diamond4,4,0,0,0,1,0,0,0,1,1
pair-03-case-176,etcd KV,additive-compare-field,diamond4,4,0,0,0,1,0,0,0,1,1
pair-03-case-177,etcd KV,additive-compare-field,diamond4,4,0,0,0,1,0,0,0,1,1
pair-03-case-178,etcd KV,additive-compare-field,diamond4,3,0,0,0,1,0,0,0,1,1
pair-03-case-179,etcd KV,additive-compare-field,diamond4,4,0,0,0,1,0,0,0,1,1
pair-03-case-180,etcd KV,additive-compare-field,diamond4,4,0,0,0,1,1,1,0,1,1
pair-03-case-181,etcd KV,additive-compare-field,diamond4,4,0,0,0,1,0,0,0,1,1
pair-03-case-182,etcd KV,additive-compare-field,diamond4,3,0,0,0,1,1,0,0,1,1
pair-03-case-183,etcd KV,additive-compare-field,diamond4,4,0,0,0,1,1,0,0,1,1
pair-03-case-184,etcd KV,additive-compare-field,diamond4,4,0,0,0,1,1,0,0,1,1
pair-03-case-185,etcd KV,additive-compare-field,diamond4,4,0,0,0,1,0,0,0,1,1
pair-03-case-186,etcd KV,additive-compare-field,diamond4,4,0,0,0,1,0,0,0,1,1
pair-03-case-187,etcd KV,additive-compare-field,diamond4,4,0,0,0,1,0,0,0,1,1
pair-03-case-188,etcd KV,additive-compare-field,diamond4,3,0,0,0,1,0,0,0,1,1
pair-03-case-189,etcd KV,additive-compare-field,diamond4,4,0,3,0,1,1,0,1,1,1
pair-03-case-190,etcd KV,additive-compare-field,diamond4,4,0,0,0,1,0,0,0,1,1
pair-03-case-191,etcd KV,additive-compare-field,diamond4,4,0,2,0,1,0,0,1,1,1
pair-03-case-192,etcd KV,additive-compare-field,diamond4,4,0,0,0,1,0,0,0,1,1
pair-03-case-193,etcd KV,additive-compare-field,diamond4,4,0,0,0,1,1,0,0,1,1
pair-03-case-194,etcd KV,additive-compare-field,diamond4,4,0,0,0,1,1,0,0,1,1
pair-03-case-195,etcd KV,additive-compare-field,diamond4,4,0,0,0,1,0,0,0,1,1
pair-03-case-196,etcd KV,additive-compare-field,diamond4,4,0,0,0,1,0,0,0,1,1
pair-03-case-197,etcd KV,additive-compare-field,diamond4,4,0,0,0,1,0,0,0,1,1
pair-03-case-198,etcd KV,additive-compare-field,diamond4,4,0,0,0,1,1,0,0,1,1
pair-03-case-199,etcd KV,additive-compare-field,diamond4,4,0,0,0,1,0,0,0,1,1
pair-03-case-200,etcd KV,additive-compare-field,diamond4,3,1,45,8,0,1,0,1,1,1
pair-03-case-201,etcd KV,additive-compare-field,diamond4,4,0,0,0,1,0,0,0,1,1
pair-03-case-202,etcd KV,additive-compare-field,diamond4,4,0,3,0,1,1,0,0,1,1
pair-03-case-203,etcd KV,additive-compare-field,diamond4,4,0,0,0,1,0,0,0,1,1
pair-03-case-204,etcd KV,additive-compare-field,diamond4,4,0,0,0,1,1,0,0,1,1
pair-03-case-205,etcd KV,additive-compare-field,diamond4,4,0,3,0,1,1,0,0,1,1
pair-03-case-206,etcd KV,additive-compare-field,diamond4,3,0,21,0,1,1,0,0,1,1
pair-03-case-207,etcd KV,additive-compare-field,diamond4,4,0,0,0,1,0,0,0,1,1
pair-03-case-208,etcd KV,additive-compare-field,diamond4,4,0,0,0,1,0,0,0,1,1
pair-03-case-209,etcd KV,additive-compare-field,diamond4,4,0,0,0,1,0,0,0,1,1
pair-03-case-210,etcd KV,additive-compare-field,diamond4,4,0,0,0,1,1,0,0,1,1
pair-03-case-211,etcd KV,additive-compare-field,diamond4,4,0,0,0,1,0,0,0,1,1
pair-03-case-212,etcd KV,additive-compare-field,diamond4,4,0,0,0,1,1,0,0,1,1
pair-03-case-213,etcd KV,additive-compare-field,diamond4,4,0,17,0,1,1,0,1,1,1
pair-03-case-214,etcd KV,additive-compare-field,diamond4,4,0,0,0,1,0,0,0,1,1
pair-03-case-215,etcd KV,additive-compare-field,diamond4,4,0,0,0,1,0,0,0,1,1
pair-03-case-216,etcd KV,additive-compare-field,diamond4,4,0,0,0,1,0,0,0,1,1
pair-03-case-217,etcd KV,additive-compare-field,diamond4,3,0,0,0,1,0,0,0,1,1
pair-03-case-218,etcd KV,additive-compare-field,diamond4,4,0,0,0,1,0,0,0,1,1
pair-03-case-219,etcd KV,additive-compare-field,diamond4,4,0,0,0,1,1,0,0,1,1
pair-03-case-220,etcd KV,additive-compare-field,diamond4,4,0,15,0,1,0,0,1,1,1
pair-03-case-221,etcd KV,additive-compare-field,diamond4,3,0,21,0,1,0,0,1,1,1
pair-03-case-222,etcd KV,additive-compare-field,diamond4,4,0,0,0,1,0,0,0,1,1
pair-03-case-223,etcd KV,additive-compare-field,diamond4,4,0,0,0,1,1,0,0,1,1
pair-03-case-224,etcd KV,additive-compare-field,diamond4,4,0,0,0,1,0,0,0,1,1
pair-03-case-225,etcd KV,additive-compare-field,diamond4,4,0,3,0,1,1,0,0,1,1
pair-03-case-226,etcd KV,additive-compare-field,diamond4,4,0,0,0,1,1,0,0,1,1
pair-03-case-227,etcd KV,additive-compare-field,diamond4,4,0,0,0,1,0,0,0,1,1
pair-03-case-228,etcd KV,additive-compare-field,diamond4,4,0,0,0,1,0,0,0,1,1
pair-03-case-229,etcd KV,additive-compare-field,diamond4,4,0,0,0,1,1,0,0,1,1
pair-03-case-230,etcd KV,additive-compare-field,diamond4,4,0,0,0,1,1,0,0,1,1
pair-03-case-231,etcd KV,additive-compare-field,diamond4,4,0,6,0,1,0,0,1,1,1
pair-03-case-232,etcd KV,additive-compare-field,diamond4,4,0,0,0,1,0,0,0,1,1
pair-03-case-233,etcd KV,additive-compare-field,diamond4,4,0,0,0,1,0,0,0,1,1
pair-03-case-234,etcd KV,additive-compare-field,diamond4,4,0,0,0,1,1,0,0,1,1
pair-03-case-235,etcd KV,additive-compare-field,diamond4,3,0,0,0,1,0,0,0,1,1
pair-03-case-236,etcd KV,additive-compare-field,diamond4,4,0,9,0,1,0,0,1,1,1
pair-03-case-237,etcd KV,additive-compare-field,diamond4,3,0,0,0,1,0,0,0,1,1
pair-03-case-238,etcd KV,additive-compare-field,diamond4,4,0,0,0,1,0,0,0,1,1
pair-03-case-239,etcd KV,additive-compare-field,diamond4,4,0,0,0,1,1,0,0,1,1
pair-03-case-240,etcd KV,additive-compare-field,diamond4,4,0,9,0,1,1,0,0,1,1
pair-03-case-241,etcd KV,additive-compare-field,diamond4,4,0,0,0,1,0,0,0,1,1
pair-03-case-242,etcd KV,additive-compare-field,diamond4,4,0,0,0,1,0,0,0,1,1
pair-03-case-243,etcd KV,additive-compare-field,diamond4,4,0,0,0,1,0,0,0,1,1
pair-03-case-244,etcd KV,additive-compare-field,diamond4,4,0,2,0,1,0,0,1,1,1
pair-03-case-245,etcd KV,additive-compare-field,diamond4,4,0,0,0,1,1,0,0,1,1
pair-03-case-246,etcd KV,additive-compare-field,diamond4,4,0,7,0,1,0,0,1,1,1
pair-03-case-247,etcd KV,additive-compare-field,diamond4,4,0,0,0,1,1,0,0,1,1
pair-03-case-248,etcd KV,additive-compare-field,diamond4,4,0,0,0,1,0,0,0,1,1
pair-03-case-249,etcd KV,additive-compare-field,diamond4,4,0,0,0,1,0,0,0,1,1
pair-03-case-250,etcd KV,additive-compare-field,diamond4,4,0,0,0,1,0,0,0,1,1
pair-03-case-251,etcd KV,additive-compare-field,diamond4,4,0,7,0,1,0,0,1,1,1
pair-03-case-252,etcd KV,additive-compare-field,diamond4,4,0,0,0,1,1,0,0,1,1
pair-03-case-253,etcd KV,additive-compare-field,diamond4,4,0,0,0,1,0,0,0,1,1
pair-03-case-254,etcd KV,additive-compare-field,diamond4,4,0,0,0,1,1,0,0,1,1
pair-03-case-255,etcd KV,additive-compare-field,diamond4,3,0,0,0,1,0,0,0,1,1
pair-03-case-256,etcd KV,additive-compare-field,diamond4,4,0,0,0,1,0,0,0,1,1
pair-03-case-257,etcd KV,additive-compare-field,diamond4,4,0,0,0,1,0,0,0,1,1
pair-03-case-258,etcd KV,additive-compare-field,diamond4,3,0,0,0,1,1,0,0,1,1
pair-03-case-259,etcd KV,additive-compare-field,diamond4,4,0,0,0,1,0,0,0,1,1
pair-03-case-260,etcd KV,additive-compare-field,diamond4,3,0,0,0,1,0,0,0,1,1
pair-03-case-261,etcd KV,additive-compare-field,diamond4,4,0,0,0,1,1,0,0,1,1
pair-03-case-262,etcd KV,additive-compare-field,diamond4,4,0,0,0,1,0,0,0,1,1
pair-03-case-263,etcd KV,additive-compare-field,diamond4,4,0,0,0,1,0,0,0,1,1
pair-03-case-264,etcd KV,additive-compare-field,diamond4,4,0,0,0,1,0,0,0,1,1
pair-03-case-265,etcd KV,additive-compare-field,diamond4,4,0,0,0,1,0,0,0,1,1
pair-03-case-266,etcd KV,additive-compare-field,diamond4,3,0,0,0,1,1,0,0,1,1
pair-03-case-267,etcd KV,additive-compare-field,diamond4,4,0,0,0,1,0,0,0,1,1
pair-03-case-268,etcd KV,additive-compare-field,diamond4,4,0,0,0,1,1,0,0,1,1
pair-03-case-269,etcd KV,additive-compare-field,diamond4,4,0,0,0,1,0,0,0,1,1
pair-03-case-270,etcd KV,additive-compare-field,diamond4,4,0,0,0,1,0,0,0,1,1
pair-03-case-271,etcd KV,additive-compare-field,diamond4,2,0,18,0,1,1,0,1,1,1
pair-03-case-272,etcd KV,additive-compare-field,diamond4,4,0,0,0,1,1,0,0,1,1
pair-03-case-273,etcd KV,additive-compare-field,diamond4,4,0,0,0,1,0,0,0,1,1
pair-03-case-274,etcd KV,additive-compare-field,diamond4,4,0,3,0,1,0,0,1,1,1
pair-03-case-275,etcd KV,additive-compare-field,diamond4,3,0,0,0,1,1,0,0,1,1
pair-03-case-276,etcd KV,additive-compare-field,diamond4,4,0,0,0,1,0,0,0,1,1
pair-03-case-277,etcd KV,additive-compare-field,diamond4,4,0,0,0,1,1,0,0,1,1
pair-03-case-278,etcd KV,additive-compare-field,diamond4,4,0,0,0,1,0,0,0,1,1
pair-03-case-279,etcd KV,additive-compare-field,diamond4,4,0,0,0,1,1,0,0,1,1
pair-03-case-280,etcd KV,additive-compare-field,diamond4,4,0,0,0,1,0,0,0,1,1
pair-03-case-281,etcd KV,additive-compare-field,diamond4,4,0,0,0,1,0,0,0,1,1
pair-03-case-282,etcd KV,additive-compare-field,diamond4,4,0,0,0,1,0,0,0,1,1
pair-03-case-283,etcd KV,additive-compare-field,diamond4,4,0,16,0,1,1,0,0,1,1
pair-03-case-284,etcd KV,additive-compare-field,diamond4,4,0,0,0,1,0,0,0,1,1
pair-03-case-285,etcd KV,additive-compare-field,diamond4,4,0,0,0,1,0,0,0,1,1
pair-03-case-286,etcd KV,additive-compare-field,diamond4,4,0,0,0,1,0,0,0,1,1
pair-03-case-287,etcd KV,additive-compare-field,diamond4,4,0,0,0,1,0,0,0,1,1
pair-03-case-288,etcd KV,additive-compare-field,diamond4,3,0,0,0,1,1,0,0,1,1
pair-03-case-289,etcd KV,additive-compare-field,diamond4,4,0,0,0,1,1,0,0,1,1
pair-03-case-290,etcd KV,additive-compare-field,diamond4,4,0,0,0,1,0,0,0,1,1
pair-03-case-291,etcd KV,additive-compare-field,diamond4,4,0,0,0,1,0,0,0,1,1
pair-03-case-292,etcd KV,additive-compare-field,diamond4,4,0,6,0,1,0,0,1,1,1
pair-03-case-293,etcd KV,additive-compare-field,diamond4,4,0,0,0,1,0,0,0,1,1
pair-03-case-294,etcd KV,additive-compare-field,diamond4,4,0,0,0,1,0,0,0,1,1
pair-03-case-295,etcd KV,additive-compare-field,diamond4,4,0,15,0,1,0,0,0,1,1
pair-03-case-296,etcd KV,additive-compare-field,diamond4,4,0,0,0,1,1,0,0,1,1
pair-03-case-297,etcd KV,additive-compare-field,diamond4,4,0,1,0,1,0,0,1,1,1
pair-03-case-298,etcd KV,additive-compare-field,diamond4,4,0,0,0,1,0,0,0,1,1
pair-03-case-299,etcd KV,additive-compare-field,diamond4,3,0,9,0,1,0,0,0,1,1
pair-03-case-300,etcd KV,additive-compare-field,diamond4,4,0,0,0,1,0,0,0,1,1
pair-03-case-301,etcd KV,additive-compare-field,diamond4,3,0,0,0,1,0,0,0,1,1
pair-03-case-302,etcd KV,additive-compare-field,diamond4,4,0,0,0,1,1,0,0,1,1
pair-03-case-303,etcd KV,additive-compare-field,diamond4,4,0,0,0,1,1,0,0,1,1
pair-03-case-304,etcd KV,additive-compare-field,diamond4,4,0,0,0,1,0,0,0,1,1
pair-03-case-305,etcd KV,additive-compare-field,diamond4,4,0,0,0,1,1,0,0,1,1
pair-03-case-306,etcd KV,additive-compare-field,diamond4,2,0,21,0,1,1,0,0,1,1
pair-03-case-307,etcd KV,additive-compare-field,diamond4,4,0,0,0,1,0,0,0,1,1
pair-03-case-308,etcd KV,additive-compare-field,diamond4,4,0,3,0,1,0,0,1,1,1
pair-03-case-309,etcd KV,additive-compare-field,diamond4,4,0,0,0,1,0,0,0,1,1
pair-03-case-310,etcd KV,additive-compare-field,diamond4,4,0,0,0,1,0,0,0,1,1
pair-03-case-311,etcd KV,additive-compare-field,diamond4,4,0,0,0,1,0,0,0,1,1
pair-03-case-312,etcd KV,additive-compare-field,diamond4,4,0,0,0,1,1,0,0,1,1
pair-03-case-313,etcd KV,additive-compare-field,diamond4,4,0,0,0,1,1,0,0,1,1
pair-03-case-314,etcd KV,additive-compare-field,diamond4,4,0,0,0,1,0,0,0,1,1
pair-03-case-315,etcd KV,additive-compare-field,diamond4,4,0,9,0,1,0,0,1,1,1
pair-03-case-316,etcd KV,additive-compare-field,diamond4,4,0,0,0,1,0,0,0,1,1
pair-03-case-317,etcd KV,additive-compare-field,diamond4,4,0,0,0,1,0,0,0,1,1
pair-03-case-318,etcd KV,additive-compare-field,diamond4,4,0,3,0,1,0,0,1,1,1
pair-03-case-319,etcd KV,additive-compare-field,diamond4,4,0,0,0,1,0,0,0,1,1
pair-03-case-320,etcd KV,additive-compare-field,diamond4,4,0,0,0,1,0,0,0,1,1
pair-03-case-321,etcd KV,additive-compare-field,diamond4,4,0,0,0,1,0,0,0,1,1
pair-03-case-322,etcd KV,additive-compare-field,diamond4,3,0,0,0,1,0,0,0,1,1
pair-03-case-323,etcd KV,additive-compare-field,diamond4,4,0,0,0,1,1,0,0,1,1
pair-03-case-324,etcd KV,additive-compare-field,diamond4,3,0,0,0,1,1,0,0,1,1
pair-03-case-325,etcd KV,additive-compare-field,diamond4,4,0,0,0,1,0,0,0,1,1
pair-03-case-326,etcd KV,additive-compare-field,diamond4,4,0,0,0,1,0,0,0,1,1
pair-03-case-327,etcd KV,additive-compare-field,diamond4,4,0,0,0,1,0,0,0,1,1
pair-03-case-328,etcd KV,additive-compare-field,diamond4,4,0,0,0,1,1,0,0,1,1
pair-03-case-329,etcd KV,additive-compare-field,diamond4,4,0,0,0,1,1,0,0,1,1
pair-03-case-330,etcd KV,additive-compare-field,diamond4,4,0,3,0,1,0,0,1,1,1
pair-03-case-331,etcd KV,additive-compare-field,diamond4,4,0,0,0,1,0,0,0,1,1
pair-03-case-332,etcd KV,additive-compare-field,diamond4,4,0,0,0,1,0,0,0,1,1
pair-03-case-333,etcd KV,additive-compare-field,diamond4,4,0,0,0,1,0,0,0,1,1
pair-03-case-334,etcd KV,additive-compare-field,diamond4,4,0,0,0,1,1,0,0,1,1
pair-03-case-335,etcd KV,additive-compare-field,diamond4,3,0,0,0,1,0,0,0,1,1
pair-03-case-336,etcd KV,additive-compare-field,diamond4,4,0,0,0,1,1,0,0,1,1
pair-03-case-337,etcd KV,additive-compare-field,diamond4,4,0,0,0,1,0,0,0,1,1
pair-03-case-338,etcd KV,additive-compare-field,diamond4,4,0,0,0,1,0,0,0,1,1
pair-03-case-339,etcd KV,additive-compare-field,diamond4,4,0,0,0,1,1,0,0,1,1
pair-03-case-340,etcd KV,additive-compare-field,diamond4,4,0,0,0,1,0,0,0,1,1
pair-03-case-341,etcd KV,additive-compare-field,diamond4,4,0,0,0,1,0,0,0,1,1
pair-03-case-342,etcd KV,additive-compare-field,diamond4,4,0,7,0,1,0,0,1,1,1
pair-03-case-343,etcd KV,additive-compare-field,diamond4,4,0,0,0,1,0,0,0,1,1
pair-03-case-344,etcd KV,additive-compare-field,diamond4,4,0,0,0,1,0,0,0,1,1
pair-03-case-345,etcd KV,additive-compare-field,diamond4,4,0,0,0,1,0,0,0,1,1
pair-03-case-346,etcd KV,additive-compare-field,diamond4,4,0,0,0,1,0,0,0,1,1
pair-03-case-347,etcd KV,additive-compare-field,diamond4,4,0,0,0,1,0,0,0,1,1
pair-03-case-348,etcd KV,additive-compare-field,diamond4,4,0,0,0,1,0,0,0,1,1
pair-03-case-349,etcd KV,additive-compare-field,diamond4,4,0,0,0,1,0,0,0,1,1
pair-03-case-350,etcd KV,additive-compare-field,diamond4,3,0,0,0,1,0,0,0,1,1
pair-03-case-351,etcd KV,additive-compare-field,diamond4,4,0,0,0,1,0,0,0,1,1
pair-03-case-352,etcd KV,additive-compare-field,diamond4,4,0,0,0,1,0,0,0,1,1
pair-03-case-353,etcd KV,additive-compare-field,diamond4,4,0,7,0,1,0,0,1,1,1
pair-03-case-354,etcd KV,additive-compare-field,diamond4,3,0,0,0,1,0,0,0,1,1
pair-03-case-355,etcd KV,additive-compare-field,diamond4,4,0,0,0,1,0,0,0,1,1
pair-03-case-356,etcd KV,additive-compare-field,diamond4,2,0,21,0,1,1,0,1,1,1
pair-03-case-357,etcd KV,additive-compare-field,diamond4,4,0,0,0,1,0,0,0,1,1
pair-03-case-358,etcd KV,additive-compare-field,diamond4,3,0,0,0,1,1,0,0,1,1
pair-03-case-359,etcd KV,additive-compare-field,diamond4,3,0,0,0,1,1,0,0,1,1
pair-03-case-360,etcd KV,additive-compare-field,diamond4,4,0,0,0,1,1,0,0,1,1
pair-03-case-361,etcd KV,additive-compare-field,diamond4,4,0,7,0,1,0,0,1,1,1
pair-03-case-362,etcd KV,additive-compare-field,diamond4,4,0,0,0,1,0,0,0,1,1
pair-03-case-363,etcd KV,additive-compare-field,diamond4,4,0,0,0,1,0,0,0,1,1
pair-03-case-364,etcd KV,additive-compare-field,diamond4,4,0,0,0,1,0,0,0,1,1
pair-03-case-365,etcd KV,additive-compare-field,diamond4,4,0,0,0,1,0,0,0,1,1
pair-03-case-366,etcd KV,additive-compare-field,diamond4,4,0,0,0,1,0,0,0,1,1
pair-03-case-367,etcd KV,additive-compare-field,diamond4,4,0,0,0,1,0,0,0,1,1
pair-03-case-368,etcd KV,additive-compare-field,diamond4,4,0,0,0,1,0,0,0,1,1
pair-03-case-369,etcd KV,additive-compare-field,diamond4,4,0,0,0,1,0,0,0,1,1
pair-03-case-370,etcd KV,additive-compare-field,diamond4,4,0,0,0,1,0,0,0,1,1
pair-03-case-371,etcd KV,additive-compare-field,diamond4,4,0,0,0,1,1,0,0,1,1
pair-03-case-372,etcd KV,additive-compare-field,diamond4,4,0,0,0,1,1,0,0,1,1
pair-03-case-373,etcd KV,additive-compare-field,diamond4,4,0,0,0,1,0,0,0,1,1
pair-03-case-374,etcd KV,additive-compare-field,diamond4,4,0,0,0,1,0,0,0,1,1
pair-03-case-375,etcd KV,additive-compare-field,diamond4,4,0,0,0,1,0,0,0,1,1
pair-03-case-376,etcd KV,additive-compare-field,diamond4,3,0,0,0,1,0,0,0,1,1
pair-03-case-377,etcd KV,additive-compare-field,diamond4,4,0,0,0,1,0,0,0,1,1
pair-03-case-378,etcd KV,additive-compare-field,diamond4,4,0,0,0,1,0,0,0,1,1
pair-03-case-379,etcd KV,additive-compare-field,diamond4,4,0,0,0,1,0,0,0,1,1
pair-03-case-380,etcd KV,additive-compare-field,diamond4,4,0,3,0,1,0,0,0,1,1
pair-03-case-381,etcd KV,additive-compare-field,diamond4,4,0,0,0,1,0,0,0,1,1
pair-03-case-382,etcd KV,additive-compare-field,diamond4,4,0,0,0,1,0,0,0,1,1
pair-03-case-383,etcd KV,additive-compare-field,diamond4,4,0,0,0,1,0,0,0,1,1
pair-03-case-384,etcd KV,additive-compare-field,diamond4,4,0,0,0,1,1,0,0,1,1
pair-03-case-385,etcd KV,additive-compare-field,diamond4,3,0,0,0,1,0,0,0,1,1
pair-03-case-386,etcd KV,additive-compare-field,diamond4,4,0,0,0,1,1,0,0,1,1
pair-03-case-387,etcd KV,additive-compare-field,diamond4,4,0,0,0,1,0,0,0,1,1
pair-03-case-388,etcd KV,additive-compare-field,diamond4,4,0,0,0,1,0,0,0,1,1
pair-03-case-389,etcd KV,additive-compare-field,diamond4,4,0,0,0,1,0,0,0,1,1
pair-03-case-390,etcd KV,additive-compare-field,diamond4,4,0,0,0,1,1,1,0,1,1
pair-03-case-391,etcd KV,additive-compare-field,diamond4,3,0,9,0,1,1,0,0,1,1
pair-03-case-392,etcd KV,additive-compare-field,diamond4,3,0,0,0,1,0,0,0,1,1
pair-03-case-393,etcd KV,additive-compare-field,diamond4,4,0,0,0,1,1,0,0,1,1
pair-03-case-394,etcd KV,additive-compare-field,diamond4,4,0,0,0,1,1,0,0,1,1
pair-03-case-395,etcd KV,additive-compare-field,diamond4,4,0,0,0,1,1,0,0,1,1
pair-03-case-396,etcd KV,additive-compare-field,diamond4,4,0,0,0,1,0,0,0,1,1
pair-03-case-397,etcd KV,additive-compare-field,diamond4,4,0,0,0,1,0,0,0,1,1
pair-03-case-398,etcd KV,additive-compare-field,diamond4,4,0,0,0,1,0,0,0,1,1
pair-03-case-399,etcd KV,additive-compare-field,diamond4,3,0,21,0,1,0,0,1,1,1
pair-03-case-400,etcd KV,additive-compare-field,diamond4,2,0,0,0,1,0,0,0,1,1
pair-03-case-401,etcd KV,additive-compare-field,diamond4,4,0,0,0,1,0,0,0,1,1
pair-03-case-402,etcd KV,additive-compare-field,diamond4,4,0,0,0,1,1,0,0,1,1
pair-03-case-403,etcd KV,additive-compare-field,diamond4,3,0,0,0,1,1,0,0,1,1
pair-03-case-404,etcd KV,additive-compare-field,diamond4,4,0,0,0,1,0,0,0,1,1
pair-03-case-405,etcd KV,additive-compare-field,diamond4,4,0,0,0,1,0,0,0,1,1
pair-03-case-406,etcd KV,additive-compare-field,diamond4,4,0,0,0,1,0,0,0,1,1
pair-03-case-407,etcd KV,additive-compare-field,diamond4,4,0,0,0,1,0,0,0,1,1
pair-03-case-408,etcd KV,additive-compare-field,diamond4,4,0,0,0,1,0,0,0,1,1
pair-03-case-409,etcd KV,additive-compare-field,diamond4,4,0,0,0,1,1,0,0,1,1
pair-03-case-410,etcd KV,additive-compare-field,diamond4,4,0,0,0,1,0,0,0,1,1
pair-03-case-411,etcd KV,additive-compare-field,diamond4,4,0,0,0,1,0,0,0,1,1
pair-03-case-412,etcd KV,additive-compare-field,diamond4,4,0,0,0,1,1,0,0,1,1
pair-03-case-413,etcd KV,additive-compare-field,diamond4,4,0,0,0,1,0,0,0,1,1
pair-03-case-414,etcd KV,additive-compare-field,diamond4,4,0,0,0,1,0,0,0,1,1
pair-03-case-415,etcd KV,additive-compare-field,diamond4,4,0,0,0,1,0,0,0,1,1
pair-03-case-416,etcd KV,additive-compare-field,diamond4,4,0,0,0,1,0,0,0,1,1
pair-03-case-417,etcd KV,additive-compare-field,diamond4,4,0,0,0,1,0,0,0,1,1
pair-03-case-418,etcd KV,additive-compare-field,diamond4,4,0,0,0,1,0,0,0,1,1
pair-03-case-419,etcd KV,additive-compare-field,diamond4,4,0,0,0,1,0,0,0,1,1
pair-03-case-420,etcd KV,additive-compare-field,diamond4,4,0,0,0,1,0,0,0,1,1
pair-03-case-421,etcd KV,additive-compare-field,diamond4,4,0,0,0,1,0,0,0,1,1
pair-03-case-422,etcd KV,additive-compare-field,diamond4,4,0,0,0,1,0,0,0,1,1
pair-03-case-423,etcd KV,additive-compare-field,diamond4,4,0,0,0,1,1,0,0,1,1
pair-03-case-424,etcd KV,additive-compare-field,diamond4,4,0,0,0,1,0,0,0,1,1
pair-03-case-425,etcd KV,additive-compare-field,diamond4,4,0,0,0,1,0,0,0,1,1
pair-03-case-426,etcd KV,additive-compare-field,diamond4,4,0,0,0,1,0,0,0,1,1
pair-03-case-427,etcd KV,additive-compare-field,diamond4,3,0,0,0,1,0,0,0,1,1
pair-03-case-428,etcd KV,additive-compare-field,diamond4,4,0,0,0,1,0,0,0,1,1
pair-03-case-429,etcd KV,additive-compare-field,diamond4,4,0,0,0,1,0,0,0,1,1
pair-03-case-430,etcd KV,additive-compare-field,diamond4,4,0,0,0,1,0,0,0,1,1
pair-03-case-431,etcd KV,additive-compare-field,diamond4,3,0,9,0,1,0,0,1,1,1
pair-03-case-432,etcd KV,additive-compare-field,diamond4,4,0,0,0,1,0,0,0,1,1
pair-03-case-433,etcd KV,additive-compare-field,diamond4,4,0,0,0,1,0,0,0,1,1
pair-03-case-434,etcd KV,additive-compare-field,diamond4,4,0,0,0,1,1,0,0,1,1
pair-03-case-435,etcd KV,additive-compare-field,diamond4,4,0,0,0,1,1,0,0,1,1
pair-03-case-436,etcd KV,additive-compare-field,diamond4,4,0,0,0,1,0,0,0,1,1
pair-03-case-437,etcd KV,additive-compare-field,diamond4,4,0,0,0,1,0,0,0,1,1
pair-03-case-438,etcd KV,additive-compare-field,diamond4,4,0,6,0,1,0,0,1,1,1
pair-03-case-439,etcd KV,additive-compare-field,diamond4,4,0,0,0,1,0,0,0,1,1
pair-03-case-440,etcd KV,additive-compare-field,diamond4,2,0,0,0,1,1,0,0,1,1
pair-03-case-441,etcd KV,additive-compare-field,diamond4,4,0,0,0,1,0,0,0,1,1
pair-03-case-442,etcd KV,additive-compare-field,diamond4,3,0,0,0,1,1,0,0,1,1
pair-03-case-443,etcd KV,additive-compare-field,diamond4,4,0,0,0,1,0,0,0,1,1
pair-03-case-444,etcd KV,additive-compare-field,diamond4,4,0,14,0,1,1,0,1,1,1
pair-03-case-445,etcd KV,additive-compare-field,diamond4,4,0,0,0,1,0,0,0,1,1
pair-03-case-446,etcd KV,additive-compare-field,diamond4,4,0,0,0,1,0,0,0,1,1
pair-03-case-447,etcd KV,additive-compare-field,diamond4,4,0,0,0,1,0,0,0,1,1
pair-03-case-448,etcd KV,additive-compare-field,diamond4,4,0,0,0,1,1,0,0,1,1
pair-03-case-449,etcd KV,additive-compare-field,diamond4,4,0,0,0,1,0,0,0,1,1
pair-03-case-450,etcd KV,additive-compare-field,diamond4,4,0,0,0,1,1,0,0,1,1
pair-03-case-451,etcd KV,additive-compare-field,diamond4,4,0,0,0,1,1,1,0,1,1
pair-03-case-452,etcd KV,additive-compare-field,diamond4,4,0,0,0,1,0,0,0,1,1
pair-03-case-453,etcd KV,additive-compare-field,diamond4,4,0,0,0,1,0,0,0,1,1
pair-03-case-454,etcd KV,additive-compare-field,diamond4,4,0,0,0,1,0,0,0,1,1
pair-03-case-455,etcd KV,additive-compare-field,diamond4,4,0,0,0,1,0,0,0,1,1
pair-03-case-456,etcd KV,additive-compare-field,diamond4,4,0,0,0,1,1,0,0,1,1
pair-03-case-457,etcd KV,additive-compare-field,diamond4,3,0,6,0,1,0,0,1,1,1
pair-03-case-458,etcd KV,additive-compare-field,diamond4,4,0,0,0,1,0,0,0,1,1
pair-03-case-459,etcd KV,additive-compare-field,diamond4,4,0,0,0,1,0,0,0,1,1
pair-03-case-460,etcd KV,additive-compare-field,diamond4,4,0,0,0,1,1,0,0,1,1
pair-03-case-461,etcd KV,additive-compare-field,diamond4,4,0,0,0,1,0,0,0,1,1
pair-03-case-462,etcd KV,additive-compare-field,diamond4,4,0,0,0,1,1,0,0,1,1
pair-03-case-463,etcd KV,additive-compare-field,diamond4,4,0,0,0,1,0,0,0,1,1
pair-03-case-464,etcd KV,additive-compare-field,diamond4,4,0,0,0,1,1,0,0,1,1
pair-03-case-465,etcd KV,additive-compare-field,diamond4,4,0,0,0,1,0,0,0,1,1
pair-03-case-466,etcd KV,additive-compare-field,diamond4,4,0,0,0,1,0,0,0,1,1
pair-03-case-467,etcd KV,additive-compare-field,diamond4,4,0,0,0,1,1,0,0,1,1
pair-03-case-468,etcd KV,additive-compare-field,diamond4,4,0,0,0,1,0,0,0,1,1
pair-03-case-469,etcd KV,additive-compare-field,diamond4,4,0,0,0,1,0,0,0,1,1
pair-03-case-470,etcd KV,additive-compare-field,diamond4,3,0,0,0,1,0,0,0,1,1
pair-03-case-471,etcd KV,additive-compare-field,diamond4,4,0,3,0,1,0,0,0,1,1
pair-03-case-472,etcd KV,additive-compare-field,diamond4,4,0,0,0,1,0,0,0,1,1
pair-03-case-473,etcd KV,additive-compare-field,diamond4,4,0,0,0,1,0,0,0,1,1
pair-03-case-474,etcd KV,additive-compare-field,diamond4,4,0,0,0,1,1,0,0,1,1
pair-03-case-475,etcd KV,additive-compare-field,diamond4,4,0,0,0,1,0,0,0,1,1
pair-03-case-476,etcd KV,additive-compare-field,diamond4,4,0,7,0,1,0,0,0,1,1
pair-03-case-477,etcd KV,additive-compare-field,diamond4,4,0,0,0,1,1,0,0,1,1
pair-03-case-478,etcd KV,additive-compare-field,diamond4,4,0,0,0,1,1,0,0,1,1
pair-03-case-479,etcd KV,additive-compare-field,diamond4,4,0,0,0,1,0,0,0,1,1
pair-03-case-480,etcd KV,additive-compare-field,diamond4,4,0,0,0,1,0,0,0,1,1
pair-03-case-481,etcd KV,additive-compare-field,diamond4,4,0,0,0,1,1,0,0,1,1
pair-03-case-482,etcd KV,additive-compare-field,diamond4,4,0,0,0,1,1,0,0,1,1
pair-03-case-483,etcd KV,additive-compare-field,diamond4,3,0,0,0,1,1,0,0,1,1
pair-03-case-484,etcd KV,additive-compare-field,diamond4,4,0,0,0,1,1,0,0,1,1
pair-03-case-485,etcd KV,additive-compare-field,diamond4,4,0,0,0,1,0,0,0,1,1
pair-03-case-486,etcd KV,additive-compare-field,diamond4,4,0,0,0,1,0,0,0,1,1
pair-03-case-487,etcd KV,additive-compare-field,diamond4,4,0,0,0,1,1,0,0,1,1
pair-03-case-488,etcd KV,additive-compare-field,diamond4,3,0,15,0,1,0,0,1,1,1
pair-03-case-489,etcd KV,additive-compare-field,diamond4,4,0,0,0,1,0,0,0,1,1
pair-03-case-490,etcd KV,additive-compare-field,diamond4,4,0,0,0,1,0,0,0,1,1
pair-03-case-491,etcd KV,additive-compare-field,diamond4,4,0,0,0,1,0,0,0,1,1
pair-03-case-492,etcd KV,additive-compare-field,diamond4,4,0,0,0,1,0,0,0,1,1
pair-03-case-493,etcd KV,additive-compare-field,diamond4,4,0,0,0,1,0,0,0,1,1
pair-03-case-494,etcd KV,additive-compare-field,diamond4,3,0,0,0,1,0,0,0,1,1
pair-03-case-495,etcd KV,additive-compare-field,diamond4,4,0,0,0,1,0,0,0,1,1
pair-03-case-496,etcd KV,additive-compare-field,diamond4,4,0,0,0,1,1,0,0,1,1
pair-03-case-497,etcd KV,additive-compare-field,diamond4,4,0,0,0,1,0,0,0,1,1
pair-03-case-498,etcd KV,additive-compare-field,diamond4,4,0,0,0,1,0,0,0,1,1
pair-03-case-499,etcd KV,additive-compare-field,diamond4,4,0,0,0,1,0,0,0,1,1
pair-04-case-000,etcd KV,lease-write-authorization,chain3,1,0,0,0,1,1,1,0,1,1
pair-04-case-001,etcd KV,lease-write-authorization,chain3,0,1,27,6,0,1,1,1,1,1
pair-04-case-002,etcd KV,lease-write-authorization,chain3,1,0,0,0,1,0,0,0,1,1
pair-04-case-003,etcd KV,lease-write-authorization,chain3,1,0,9,0,1,0,0,1,1,1
pair-04-case-004,etcd KV,lease-write-authorization,chain3,1,0,0,0,1,1,1,0,1,1
pair-04-case-005,etcd KV,lease-write-authorization,chain3,1,0,0,0,1,1,1,0,1,1
pair-04-case-006,etcd KV,lease-write-authorization,chain3,1,0,9,0,1,1,0,1,1,1
pair-04-case-007,etcd KV,lease-write-authorization,chain3,1,0,0,0,1,0,0,0,1,1
pair-04-case-008,etcd KV,lease-write-authorization,chain3,1,0,9,0,1,0,0,1,1,1
pair-04-case-009,etcd KV,lease-write-authorization,chain3,1,0,9,0,1,1,1,0,1,1
pair-04-case-010,etcd KV,lease-write-authorization,chain3,1,0,0,0,1,1,1,0,1,1
pair-04-case-011,etcd KV,lease-write-authorization,chain3,1,0,9,0,1,1,0,1,1,1
pair-04-case-012,etcd KV,lease-write-authorization,chain3,1,0,0,0,1,0,0,0,1,1
pair-04-case-013,etcd KV,lease-write-authorization,chain3,1,0,9,0,1,0,0,1,1,1
pair-04-case-014,etcd KV,lease-write-authorization,chain3,1,0,9,0,1,1,1,0,1,1
pair-04-case-015,etcd KV,lease-write-authorization,chain3,1,0,0,0,1,1,1,0,1,1
pair-04-case-016,etcd KV,lease-write-authorization,chain3,1,0,0,0,1,1,1,0,1,1
pair-04-case-017,etcd KV,lease-write-authorization,chain3,1,0,9,0,1,1,0,1,1,1
pair-04-case-018,etcd KV,lease-write-authorization,chain3,1,1,21,6,0,1,0,1,1,1
pair-04-case-019,etcd KV,lease-write-authorization,chain3,1,1,21,6,0,1,0,1,1,1
pair-04-case-020,etcd KV,lease-write-authorization,chain3,1,1,21,6,0,1,0,1,1,1
pair-04-case-021,etcd KV,lease-write-authorization,chain3,1,1,21,6,0,1,0,1,1,1
pair-04-case-022,etcd KV,lease-write-authorization,chain3,2,1,15,6,0,1,0,1,1,1
pair-04-case-023,etcd KV,lease-write-authorization,chain3,2,1,17,6,0,1,0,1,1,1
pair-04-case-024,etcd KV,lease-write-authorization,chain3,3,1,11,6,0,1,0,1,1,1
pair-04-case-025,etcd KV,lease-write-authorization,chain3,2,1,15,6,0,1,0,1,1,1
pair-04-case-026,etcd KV,lease-write-authorization,chain3,2,1,15,6,0,1,0,1,1,1
pair-04-case-027,etcd KV,lease-write-authorization,chain3,2,1,17,6,0,1,0,1,1,1
pair-04-case-028,etcd KV,lease-write-authorization,chain3,2,1,15,6,0,1,0,1,1,1
pair-04-case-029,etcd KV,lease-write-authorization,chain3,4,1,7,6,0,1,0,1,1,1
pair-04-case-030,etcd KV,lease-write-authorization,chain3,3,1,11,6,0,1,0,1,1,1
pair-04-case-031,etcd KV,lease-write-authorization,chain3,3,1,11,6,0,1,0,1,1,1
pair-04-case-032,etcd KV,lease-write-authorization,chain3,3,1,11,6,0,1,0,1,1,1
pair-04-case-033,etcd KV,lease-write-authorization,chain3,4,0,0,0,1,0,0,0,1,1
pair-04-case-034,etcd KV,lease-write-authorization,chain3,3,0,0,0,1,1,0,0,1,1
pair-04-case-035,etcd KV,lease-write-authorization,chain3,4,0,0,0,1,0,0,0,1,1
pair-04-case-036,etcd KV,lease-write-authorization,chain3,3,0,0,0,1,0,0,0,1,1
pair-04-case-037,etcd KV,lease-write-authorization,chain3,4,0,0,0,1,1,0,0,1,1
pair-04-case-038,etcd KV,lease-write-authorization,chain3,4,0,0,0,1,0,0,0,1,1
pair-04-case-039,etcd KV,lease-write-authorization,chain3,4,0,0,0,1,0,0,0,1,1
pair-04-case-040,etcd KV,lease-write-authorization,chain3,4,0,0,0,1,1,0,0,1,1
pair-04-case-041,etcd KV,lease-write-authorization,chain3,4,0,0,0,1,0,0,0,1,1
pair-04-case-042,etcd KV,lease-write-authorization,chain3,4,0,0,0,1,0,0,0,1,1
pair-04-case-043,etcd KV,lease-write-authorization,chain3,4,0,0,0,1,0,0,0,1,1
pair-04-case-044,etcd KV,lease-write-authorization,chain3,4,0,0,0,1,1,0,0,1,1
pair-04-case-045,etcd KV,lease-write-authorization,chain3,4,0,3,0,1,0,0,1,1,1
pair-04-case-046,etcd KV,lease-write-authorization,chain3,4,0,0,0,1,1,0,0,1,1
pair-04-case-047,etcd KV,lease-write-authorization,chain3,3,0,0,0,1,0,0,0,1,1
pair-04-case-048,etcd KV,lease-write-authorization,chain3,3,0,9,0,1,1,0,0,1,1
pair-04-case-049,etcd KV,lease-write-authorization,chain3,4,0,0,0,1,0,0,0,1,1
pair-04-case-050,etcd KV,lease-write-authorization,chain3,3,0,0,0,1,0,0,0,1,1
pair-04-case-051,etcd KV,lease-write-authorization,chain3,4,0,0,0,1,0,0,0,1,1
pair-04-case-052,etcd KV,lease-write-authorization,chain3,3,0,0,0,1,1,0,0,1,1
pair-04-case-053,etcd KV,lease-write-authorization,chain3,3,0,0,0,1,1,0,0,1,1
pair-04-case-054,etcd KV,lease-write-authorization,chain3,3,0,0,0,1,0,0,0,1,1
pair-04-case-055,etcd KV,lease-write-authorization,chain3,4,0,0,0,1,1,0,0,1,1
pair-04-case-056,etcd KV,lease-write-authorization,chain3,3,0,3,0,1,0,0,0,1,1
pair-04-case-057,etcd KV,lease-write-authorization,chain3,4,0,0,0,1,0,0,0,1,1
pair-04-case-058,etcd KV,lease-write-authorization,chain3,4,0,0,0,1,0,0,0,1,1
pair-04-case-059,etcd KV,lease-write-authorization,chain3,4,0,0,0,1,1,0,0,1,1
pair-04-case-060,etcd KV,lease-write-authorization,chain3,4,0,0,0,1,0,0,0,1,1
pair-04-case-061,etcd KV,lease-write-authorization,chain3,3,0,0,0,1,0,0,0,1,1
pair-04-case-062,etcd KV,lease-write-authorization,chain3,4,0,0,0,1,0,0,0,1,1
pair-04-case-063,etcd KV,lease-write-authorization,chain3,4,0,0,0,1,0,0,0,1,1
pair-04-case-064,etcd KV,lease-write-authorization,chain3,4,0,0,0,1,0,0,0,1,1
pair-04-case-065,etcd KV,lease-write-authorization,chain3,3,0,0,0,1,1,0,0,1,1
pair-04-case-066,etcd KV,lease-write-authorization,chain3,4,0,3,0,1,0,0,1,1,1
pair-04-case-067,etcd KV,lease-write-authorization,chain3,4,0,0,0,1,0,0,0,1,1
pair-04-case-068,etcd KV,lease-write-authorization,chain3,4,0,0,0,1,0,0,0,1,1
pair-04-case-069,etcd KV,lease-write-authorization,chain3,4,0,1,0,1,0,0,0,1,1
pair-04-case-070,etcd KV,lease-write-authorization,chain3,4,0,0,0,1,0,0,0,1,1
pair-04-case-071,etcd KV,lease-write-authorization,chain3,4,0,0,0,1,1,0,0,1,1
pair-04-case-072,etcd KV,lease-write-authorization,chain3,4,0,0,0,1,0,0,0,1,1
pair-04-case-073,etcd KV,lease-write-authorization,chain3,4,0,0,0,1,1,0,0,1,1
pair-04-case-074,etcd KV,lease-write-authorization,chain3,4,0,0,0,1,0,0,0,1,1
pair-04-case-075,etcd KV,lease-write-authorization,chain3,4,0,0,0,1,0,0,0,1,1
pair-04-case-076,etcd KV,lease-write-authorization,chain3,2,0,0,0,1,1,0,0,1,1
pair-04-case-077,etcd KV,lease-write-authorization,chain3,2,0,0,0,1,0,0,0,1,1
pair-04-case-078,etcd KV,lease-write-authorization,chain3,4,0,0,0,1,0,0,0,1,1
pair-04-case-079,etcd KV,lease-write-authorization,chain3,4,0,0,0,1,1,0,0,1,1
pair-04-case-080,etcd KV,lease-write-authorization,chain3,3,0,0,0,1,0,0,0,1,1
pair-04-case-081,etcd KV,lease-write-authorization,chain3,4,0,0,0,1,0,0,0,1,1
pair-04-case-082,etcd KV,lease-write-authorization,chain3,4,0,0,0,1,0,0,0,1,1
pair-04-case-083,etcd KV,lease-write-authorization,chain3,3,0,0,0,1,0,0,0,1,1
pair-04-case-084,etcd KV,lease-write-authorization,chain3,4,0,0,0,1,0,0,0,1,1
pair-04-case-085,etcd KV,lease-write-authorization,chain3,4,0,0,0,1,0,0,0,1,1
pair-04-case-086,etcd KV,lease-write-authorization,chain3,4,0,0,0,1,0,0,0,1,1
pair-04-case-087,etcd KV,lease-write-authorization,chain3,4,0,0,0,1,0,0,0,1,1
pair-04-case-088,etcd KV,lease-write-authorization,chain3,2,0,3,0,1,1,0,0,1,1
pair-04-case-089,etcd KV,lease-write-authorization,chain3,4,0,3,0,1,0,0,0,1,1
pair-04-case-090,etcd KV,lease-write-authorization,chain3,4,0,0,0,1,0,0,0,1,1
pair-04-case-091,etcd KV,lease-write-authorization,chain3,4,0,0,0,1,0,0,0,1,1
pair-04-case-092,etcd KV,lease-write-authorization,chain3,4,0,0,0,1,0,0,0,1,1
pair-04-case-093,etcd KV,lease-write-authorization,chain3,3,0,0,0,1,1,0,0,1,1
pair-04-case-094,etcd KV,lease-write-authorization,chain3,4,0,0,0,1,1,0,0,1,1
pair-04-case-095,etcd KV,lease-write-authorization,chain3,4,0,1,0,1,0,0,0,1,1
pair-04-case-096,etcd KV,lease-write-authorization,chain3,4,0,0,0,1,0,0,0,1,1
pair-04-case-097,etcd KV,lease-write-authorization,chain3,4,0,0,0,1,0,0,0,1,1
pair-04-case-098,etcd KV,lease-write-authorization,chain3,2,0,0,0,1,0,0,0,1,1
pair-04-case-099,etcd KV,lease-write-authorization,chain3,4,0,0,0,1,0,0,0,1,1
pair-04-case-100,etcd KV,lease-write-authorization,chain3,4,0,0,0,1,0,0,0,1,1
pair-04-case-101,etcd KV,lease-write-authorization,chain3,4,0,0,0,1,0,0,0,1,1
pair-04-case-102,etcd KV,lease-write-authorization,chain3,4,0,0,0,1,0,0,0,1,1
pair-04-case-103,etcd KV,lease-write-authorization,chain3,4,0,0,0,1,0,0,0,1,1
pair-04-case-104,etcd KV,lease-write-authorization,chain3,3,0,0,0,1,0,0,0,1,1
pair-04-case-105,etcd KV,lease-write-authorization,chain3,4,0,0,0,1,0,0,0,1,1
pair-04-case-106,etcd KV,lease-write-authorization,chain3,4,0,1,0,1,0,0,1,1,1
pair-04-case-107,etcd KV,lease-write-authorization,chain3,4,0,0,0,1,1,0,0,1,1
pair-04-case-108,etcd KV,lease-write-authorization,chain3,4,0,0,0,1,1,0,0,1,1
pair-04-case-109,etcd KV,lease-write-authorization,chain3,4,0,0,0,1,0,0,0,1,1
pair-04-case-110,etcd KV,lease-write-authorization,chain3,4,0,0,0,1,0,0,0,1,1
pair-04-case-111,etcd KV,lease-write-authorization,chain3,4,0,0,0,1,0,0,0,1,1
pair-04-case-112,etcd KV,lease-write-authorization,chain3,4,0,0,0,1,0,0,0,1,1
pair-04-case-113,etcd KV,lease-write-authorization,chain3,4,0,6,0,1,0,0,0,1,1
pair-04-case-114,etcd KV,lease-write-authorization,chain3,4,0,0,0,1,0,0,0,1,1
pair-04-case-115,etcd KV,lease-write-authorization,chain3,4,0,0,0,1,1,0,0,1,1
pair-04-case-116,etcd KV,lease-write-authorization,chain3,4,0,0,0,1,1,0,0,1,1
pair-04-case-117,etcd KV,lease-write-authorization,chain3,4,0,0,0,1,0,0,0,1,1
pair-04-case-118,etcd KV,lease-write-authorization,chain3,4,0,0,0,1,0,0,0,1,1
pair-04-case-119,etcd KV,lease-write-authorization,chain3,4,0,0,0,1,0,0,0,1,1
pair-04-case-120,etcd KV,lease-write-authorization,chain3,4,0,0,0,1,0,0,0,1,1
pair-04-case-121,etcd KV,lease-write-authorization,chain3,4,0,0,0,1,0,0,0,1,1
pair-04-case-122,etcd KV,lease-write-authorization,chain3,4,0,0,0,1,0,0,0,1,1
pair-04-case-123,etcd KV,lease-write-authorization,chain3,3,0,0,0,1,0,0,0,1,1
pair-04-case-124,etcd KV,lease-write-authorization,chain3,4,0,0,0,1,0,0,0,1,1
pair-04-case-125,etcd KV,lease-write-authorization,chain3,4,0,0,0,1,1,0,0,1,1
pair-04-case-126,etcd KV,lease-write-authorization,chain3,4,0,0,0,1,0,0,0,1,1
pair-04-case-127,etcd KV,lease-write-authorization,chain3,3,0,0,0,1,0,0,0,1,1
pair-04-case-128,etcd KV,lease-write-authorization,chain3,4,0,0,0,1,1,0,0,1,1
pair-04-case-129,etcd KV,lease-write-authorization,chain3,4,0,0,0,1,0,0,0,1,1
pair-04-case-130,etcd KV,lease-write-authorization,chain3,3,0,2,0,1,0,0,1,1,1
pair-04-case-131,etcd KV,lease-write-authorization,chain3,4,0,0,0,1,0,0,0,1,1
pair-04-case-132,etcd KV,lease-write-authorization,chain3,4,0,0,0,1,0,0,0,1,1
pair-04-case-133,etcd KV,lease-write-authorization,chain3,4,0,0,0,1,0,0,0,1,1
pair-04-case-134,etcd KV,lease-write-authorization,chain3,4,0,0,0,1,0,0,0,1,1
pair-04-case-135,etcd KV,lease-write-authorization,chain3,4,0,0,0,1,0,0,0,1,1
pair-04-case-136,etcd KV,lease-write-authorization,chain3,4,0,0,0,1,0,0,0,1,1
pair-04-case-137,etcd KV,lease-write-authorization,chain3,4,0,0,0,1,0,0,0,1,1
pair-04-case-138,etcd KV,lease-write-authorization,chain3,4,0,0,0,1,0,0,0,1,1
pair-04-case-139,etcd KV,lease-write-authorization,chain3,4,0,0,0,1,1,1,0,1,1
pair-04-case-140,etcd KV,lease-write-authorization,chain3,4,0,0,0,1,1,0,0,1,1
pair-04-case-141,etcd KV,lease-write-authorization,chain3,4,0,0,0,1,0,0,0,1,1
pair-04-case-142,etcd KV,lease-write-authorization,chain3,4,0,0,0,1,0,0,0,1,1
pair-04-case-143,etcd KV,lease-write-authorization,chain3,4,0,0,0,1,0,0,0,1,1
pair-04-case-144,etcd KV,lease-write-authorization,chain3,4,0,0,0,1,0,0,0,1,1
pair-04-case-145,etcd KV,lease-write-authorization,chain3,4,0,0,0,1,0,0,0,1,1
pair-04-case-146,etcd KV,lease-write-authorization,chain3,3,0,0,0,1,0,0,0,1,1
pair-04-case-147,etcd KV,lease-write-authorization,chain3,2,0,0,0,1,1,1,0,1,1
pair-04-case-148,etcd KV,lease-write-authorization,chain3,4,0,0,0,1,0,0,0,1,1
pair-04-case-149,etcd KV,lease-write-authorization,chain3,4,0,3,0,1,0,0,1,1,1
pair-04-case-150,etcd KV,lease-write-authorization,chain3,4,0,0,0,1,0,0,0,1,1
pair-04-case-151,etcd KV,lease-write-authorization,chain3,4,0,0,0,1,0,0,0,1,1
pair-04-case-152,etcd KV,lease-write-authorization,chain3,4,0,0,0,1,0,0,0,1,1
pair-04-case-153,etcd KV,lease-write-authorization,chain3,3,0,0,0,1,1,1,0,1,1
pair-04-case-154,etcd KV,lease-write-authorization,chain3,2,0,7,0,1,1,0,1,1,1
pair-04-case-155,etcd KV,lease-write-authorization,chain3,2,0,0,0,1,0,0,0,1,1
pair-04-case-156,etcd KV,lease-write-authorization,chain3,4,0,0,0,1,0,0,0,1,1
pair-04-case-157,etcd KV,lease-write-authorization,chain3,4,0,0,0,1,1,0,0,1,1
pair-04-case-158,etcd KV,lease-write-authorization,chain3,4,0,0,0,1,0,0,0,1,1
pair-04-case-159,etcd KV,lease-write-authorization,chain3,4,0,0,0,1,1,0,0,1,1
pair-04-case-160,etcd KV,lease-write-authorization,chain3,4,0,0,0,1,1,0,0,1,1
pair-04-case-161,etcd KV,lease-write-authorization,chain3,4,0,0,0,1,0,0,0,1,1
pair-04-case-162,etcd KV,lease-write-authorization,chain3,4,0,0,0,1,0,0,0,1,1
pair-04-case-163,etcd KV,lease-write-authorization,chain3,4,0,0,0,1,0,0,0,1,1
pair-04-case-164,etcd KV,lease-write-authorization,chain3,4,0,0,0,1,1,0,0,1,1
pair-04-case-165,etcd KV,lease-write-authorization,chain3,4,0,0,0,1,0,0,0,1,1
pair-04-case-166,etcd KV,lease-write-authorization,chain3,4,0,0,0,1,0,0,0,1,1
pair-04-case-167,etcd KV,lease-write-authorization,chain3,4,0,2,0,1,1,0,1,1,1
pair-04-case-168,etcd KV,lease-write-authorization,chain3,4,0,0,0,1,1,0,0,1,1
pair-04-case-169,etcd KV,lease-write-authorization,chain3,4,0,0,0,1,0,0,0,1,1
pair-04-case-170,etcd KV,lease-write-authorization,chain3,4,0,0,0,1,1,0,0,1,1
pair-04-case-171,etcd KV,lease-write-authorization,chain3,4,0,0,0,1,0,0,0,1,1
pair-04-case-172,etcd KV,lease-write-authorization,chain3,3,0,0,0,1,0,0,0,1,1
pair-04-case-173,etcd KV,lease-write-authorization,chain3,4,0,0,0,1,0,0,0,1,1
pair-04-case-174,etcd KV,lease-write-authorization,chain3,4,0,0,0,1,1,0,0,1,1
pair-04-case-175,etcd KV,lease-write-authorization,chain3,3,0,0,0,1,0,0,0,1,1
pair-04-case-176,etcd KV,lease-write-authorization,chain3,4,0,0,0,1,1,0,0,1,1
pair-04-case-177,etcd KV,lease-write-authorization,chain3,4,0,0,0,1,0,0,0,1,1
pair-04-case-178,etcd KV,lease-write-authorization,chain3,3,0,0,0,1,1,0,0,1,1
pair-04-case-179,etcd KV,lease-write-authorization,chain3,4,0,0,0,1,1,0,0,1,1
pair-04-case-180,etcd KV,lease-write-authorization,chain3,4,0,3,0,1,0,0,0,1,1
pair-04-case-181,etcd KV,lease-write-authorization,chain3,4,0,0,0,1,0,0,0,1,1
pair-04-case-182,etcd KV,lease-write-authorization,chain3,4,0,0,0,1,0,0,0,1,1
pair-04-case-183,etcd KV,lease-write-authorization,chain3,4,0,1,0,1,0,0,1,1,1
pair-04-case-184,etcd KV,lease-write-authorization,chain3,3,0,0,0,1,1,0,0,1,1
pair-04-case-185,etcd KV,lease-write-authorization,chain3,4,0,0,0,1,1,0,0,1,1
pair-04-case-186,etcd KV,lease-write-authorization,chain3,3,0,0,0,1,1,0,0,1,1
pair-04-case-187,etcd KV,lease-write-authorization,chain3,3,0,0,0,1,1,0,0,1,1
pair-04-case-188,etcd KV,lease-write-authorization,chain3,4,0,0,0,1,1,0,0,1,1
pair-04-case-189,etcd KV,lease-write-authorization,chain3,4,0,0,0,1,1,0,0,1,1
pair-04-case-190,etcd KV,lease-write-authorization,chain3,4,0,0,0,1,0,0,0,1,1
pair-04-case-191,etcd KV,lease-write-authorization,chain3,4,0,0,0,1,0,0,0,1,1
pair-04-case-192,etcd KV,lease-write-authorization,chain3,4,0,0,0,1,0,0,0,1,1
pair-04-case-193,etcd KV,lease-write-authorization,chain3,4,0,0,0,1,0,0,0,1,1
pair-04-case-194,etcd KV,lease-write-authorization,chain3,3,0,0,0,1,0,0,0,1,1
pair-04-case-195,etcd KV,lease-write-authorization,chain3,4,0,0,0,1,1,1,0,1,1
pair-04-case-196,etcd KV,lease-write-authorization,chain3,4,0,3,0,1,0,0,1,1,1
pair-04-case-197,etcd KV,lease-write-authorization,chain3,4,0,0,0,1,0,0,0,1,1
pair-04-case-198,etcd KV,lease-write-authorization,chain3,4,0,0,0,1,0,0,0,1,1
pair-04-case-199,etcd KV,lease-write-authorization,chain3,4,0,0,0,1,0,0,0,1,1
pair-04-case-200,etcd KV,lease-write-authorization,chain3,4,0,0,0,1,0,0,0,1,1
pair-04-case-201,etcd KV,lease-write-authorization,chain3,3,0,9,0,1,0,0,0,1,1
pair-04-case-202,etcd KV,lease-write-authorization,chain3,4,0,0,0,1,0,0,0,1,1
pair-04-case-203,etcd KV,lease-write-authorization,chain3,4,0,0,0,1,0,0,0,1,1
pair-04-case-204,etcd KV,lease-write-authorization,chain3,4,0,0,0,1,0,0,0,1,1
pair-04-case-205,etcd KV,lease-write-authorization,chain3,4,0,0,0,1,0,0,0,1,1
pair-04-case-206,etcd KV,lease-write-authorization,chain3,3,0,0,0,1,0,0,0,1,1
pair-04-case-207,etcd KV,lease-write-authorization,chain3,3,0,0,0,1,1,0,0,1,1
pair-04-case-208,etcd KV,lease-write-authorization,chain3,3,0,7,0,1,0,0,1,1,1
pair-04-case-209,etcd KV,lease-write-authorization,chain3,4,0,0,0,1,0,0,0,1,1
pair-04-case-210,etcd KV,lease-write-authorization,chain3,2,0,0,0,1,0,0,0,1,1
pair-04-case-211,etcd KV,lease-write-authorization,chain3,4,0,0,0,1,0,0,0,1,1
pair-04-case-212,etcd KV,lease-write-authorization,chain3,4,0,0,0,1,0,0,0,1,1
pair-04-case-213,etcd KV,lease-write-authorization,chain3,4,0,0,0,1,0,0,0,1,1
pair-04-case-214,etcd KV,lease-write-authorization,chain3,4,0,0,0,1,0,0,0,1,1
pair-04-case-215,etcd KV,lease-write-authorization,chain3,4,0,0,0,1,0,0,0,1,1
pair-04-case-216,etcd KV,lease-write-authorization,chain3,4,0,0,0,1,1,0,0,1,1
pair-04-case-217,etcd KV,lease-write-authorization,chain3,4,0,3,0,1,1,0,0,1,1
pair-04-case-218,etcd KV,lease-write-authorization,chain3,3,0,0,0,1,0,0,0,1,1
pair-04-case-219,etcd KV,lease-write-authorization,chain3,4,0,0,0,1,0,0,0,1,1
pair-04-case-220,etcd KV,lease-write-authorization,chain3,4,0,0,0,1,0,0,0,1,1
pair-04-case-221,etcd KV,lease-write-authorization,chain3,4,0,0,0,1,1,0,0,1,1
pair-04-case-222,etcd KV,lease-write-authorization,chain3,4,0,0,0,1,1,0,0,1,1
pair-04-case-223,etcd KV,lease-write-authorization,chain3,4,0,0,0,1,0,0,0,1,1
pair-04-case-224,etcd KV,lease-write-authorization,chain3,4,0,2,0,1,1,0,1,1,1
pair-04-case-225,etcd KV,lease-write-authorization,chain3,4,0,0,0,1,0,0,0,1,1
pair-04-case-226,etcd KV,lease-write-authorization,chain3,4,0,0,0,1,0,0,0,1,1
pair-04-case-227,etcd KV,lease-write-authorization,chain3,4,0,0,0,1,0,0,0,1,1
pair-04-case-228,etcd KV,lease-write-authorization,chain3,4,0,0,0,1,0,0,0,1,1
pair-04-case-229,etcd KV,lease-write-authorization,chain3,4,0,0,0,1,0,0,0,1,1
pair-04-case-230,etcd KV,lease-write-authorization,chain3,4,0,0,0,1,0,0,0,1,1
pair-04-case-231,etcd KV,lease-write-authorization,chain3,4,0,0,0,1,0,0,0,1,1
pair-04-case-232,etcd KV,lease-write-authorization,chain3,4,0,0,0,1,0,0,0,1,1
pair-04-case-233,etcd KV,lease-write-authorization,chain3,4,0,0,0,1,0,0,0,1,1
pair-04-case-234,etcd KV,lease-write-authorization,chain3,4,0,0,0,1,0,0,0,1,1
pair-04-case-235,etcd KV,lease-write-authorization,chain3,4,0,0,0,1,0,0,0,1,1
pair-04-case-236,etcd KV,lease-write-authorization,chain3,4,0,0,0,1,0,0,0,1,1
pair-04-case-237,etcd KV,lease-write-authorization,chain3,3,0,0,0,1,0,0,0,1,1
pair-04-case-238,etcd KV,lease-write-authorization,chain3,4,0,0,0,1,0,0,0,1,1
pair-04-case-239,etcd KV,lease-write-authorization,chain3,4,0,0,0,1,1,0,0,1,1
pair-04-case-240,etcd KV,lease-write-authorization,chain3,4,0,0,0,1,0,0,0,1,1
pair-04-case-241,etcd KV,lease-write-authorization,chain3,4,0,0,0,1,0,0,0,1,1
pair-04-case-242,etcd KV,lease-write-authorization,chain3,3,0,0,0,1,1,0,0,1,1
pair-04-case-243,etcd KV,lease-write-authorization,chain3,4,0,1,0,1,0,0,1,1,1
pair-04-case-244,etcd KV,lease-write-authorization,chain3,3,0,0,0,1,0,0,0,1,1
pair-04-case-245,etcd KV,lease-write-authorization,chain3,4,0,0,0,1,0,0,0,1,1
pair-04-case-246,etcd KV,lease-write-authorization,chain3,4,0,0,0,1,1,0,0,1,1
pair-04-case-247,etcd KV,lease-write-authorization,chain3,3,0,0,0,1,0,0,0,1,1
pair-04-case-248,etcd KV,lease-write-authorization,chain3,4,0,0,0,1,0,0,0,1,1
pair-04-case-249,etcd KV,lease-write-authorization,chain3,4,0,0,0,1,1,0,0,1,1
pair-04-case-250,etcd KV,lease-write-authorization,chain3,4,0,0,0,1,1,0,0,1,1
pair-04-case-251,etcd KV,lease-write-authorization,chain3,4,0,0,0,1,1,0,0,1,1
pair-04-case-252,etcd KV,lease-write-authorization,chain3,2,0,3,0,1,0,0,1,1,1
pair-04-case-253,etcd KV,lease-write-authorization,chain3,4,0,0,0,1,0,0,0,1,1
pair-04-case-254,etcd KV,lease-write-authorization,chain3,4,0,0,0,1,0,0,0,1,1
pair-04-case-255,etcd KV,lease-write-authorization,chain3,4,0,0,0,1,1,0,0,1,1
pair-04-case-256,etcd KV,lease-write-authorization,chain3,4,0,0,0,1,0,0,0,1,1
pair-04-case-257,etcd KV,lease-write-authorization,chain3,3,0,0,0,1,1,1,0,1,1
pair-04-case-258,etcd KV,lease-write-authorization,chain3,4,0,0,0,1,1,0,0,1,1
pair-04-case-259,etcd KV,lease-write-authorization,chain3,4,0,1,0,1,1,0,0,1,1
pair-04-case-260,etcd KV,lease-write-authorization,chain3,4,0,0,0,1,0,0,0,1,1
pair-04-case-261,etcd KV,lease-write-authorization,chain3,4,0,0,0,1,0,0,0,1,1
pair-04-case-262,etcd KV,lease-write-authorization,chain3,4,0,0,0,1,1,0,0,1,1
pair-04-case-263,etcd KV,lease-write-authorization,chain3,4,0,0,0,1,0,0,0,1,1
pair-04-case-264,etcd KV,lease-write-authorization,chain3,4,0,0,0,1,0,0,0,1,1
pair-04-case-265,etcd KV,lease-write-authorization,chain3,2,0,9,0,1,0,0,0,1,1
pair-04-case-266,etcd KV,lease-write-authorization,chain3,4,0,0,0,1,0,0,0,1,1
pair-04-case-267,etcd KV,lease-write-authorization,chain3,4,0,0,0,1,0,0,0,1,1
pair-04-case-268,etcd KV,lease-write-authorization,chain3,4,0,1,0,1,0,0,0,1,1
pair-04-case-269,etcd KV,lease-write-authorization,chain3,2,0,3,0,1,1,0,0,1,1
pair-04-case-270,etcd KV,lease-write-authorization,chain3,4,0,0,0,1,1,0,0,1,1
pair-04-case-271,etcd KV,lease-write-authorization,chain3,4,0,0,0,1,0,0,0,1,1
pair-04-case-272,etcd KV,lease-write-authorization,chain3,3,0,0,0,1,1,0,0,1,1
pair-04-case-273,etcd KV,lease-write-authorization,chain3,4,0,0,0,1,0,0,0,1,1
pair-04-case-274,etcd KV,lease-write-authorization,chain3,2,0,0,0,1,1,0,0,1,1
pair-04-case-275,etcd KV,lease-write-authorization,chain3,4,0,0,0,1,0,0,0,1,1
pair-04-case-276,etcd KV,lease-write-authorization,chain3,3,0,1,0,1,0,0,0,1,1
pair-04-case-277,etcd KV,lease-write-authorization,chain3,4,0,0,0,1,0,0,0,1,1
pair-04-case-278,etcd KV,lease-write-authorization,chain3,4,0,0,0,1,1,0,0,1,1
pair-04-case-279,etcd KV,lease-write-authorization,chain3,4,0,0,0,1,1,0,0,1,1
pair-04-case-280,etcd KV,lease-write-authorization,chain3,4,0,0,0,1,0,0,0,1,1
pair-04-case-281,etcd KV,lease-write-authorization,chain3,3,0,0,0,1,0,0,0,1,1
pair-04-case-282,etcd KV,lease-write-authorization,chain3,4,0,0,0,1,1,0,0,1,1
pair-04-case-283,etcd KV,lease-write-authorization,chain3,4,0,0,0,1,0,0,0,1,1
pair-04-case-284,etcd KV,lease-write-authorization,chain3,3,0,0,0,1,0,0,0,1,1
pair-04-case-285,etcd KV,lease-write-authorization,chain3,4,0,0,0,1,0,0,0,1,1
pair-04-case-286,etcd KV,lease-write-authorization,chain3,4,0,0,0,1,0,0,0,1,1
pair-04-case-287,etcd KV,lease-write-authorization,chain3,4,0,0,0,1,0,0,0,1,1
pair-04-case-288,etcd KV,lease-write-authorization,chain3,4,0,0,0,1,0,0,0,1,1
pair-04-case-289,etcd KV,lease-write-authorization,chain3,4,0,0,0,1,0,0,0,1,1
pair-04-case-290,etcd KV,lease-write-authorization,chain3,4,0,0,0,1,1,0,0,1,1
pair-04-case-291,etcd KV,lease-write-authorization,chain3,4,0,0,0,1,0,0,0,1,1
pair-04-case-292,etcd KV,lease-write-authorization,chain3,4,0,0,0,1,0,0,0,1,1
pair-04-case-293,etcd KV,lease-write-authorization,chain3,4,0,0,0,1,0,0,0,1,1
pair-04-case-294,etcd KV,lease-write-authorization,chain3,4,0,0,0,1,0,0,0,1,1
pair-04-case-295,etcd KV,lease-write-authorization,chain3,4,0,0,0,1,0,0,0,1,1
pair-04-case-296,etcd KV,lease-write-authorization,chain3,4,0,0,0,1,0,0,0,1,1
pair-04-case-297,etcd KV,lease-write-authorization,chain3,4,0,0,0,1,0,0,0,1,1
pair-04-case-298,etcd KV,lease-write-authorization,chain3,4,0,0,0,1,0,0,0,1,1
pair-04-case-299,etcd KV,lease-write-authorization,chain3,4,0,0,0,1,1,0,0,1,1
pair-04-case-300,etcd KV,lease-write-authorization,chain3,4,0,0,0,1,0,0,0,1,1
pair-04-case-301,etcd KV,lease-write-authorization,chain3,4,0,1,0,1,0,0,1,1,1
pair-04-case-302,etcd KV,lease-write-authorization,chain3,4,0,0,0,1,0,0,0,1,1
pair-04-case-303,etcd KV,lease-write-authorization,chain3,4,0,0,0,1,1,0,0,1,1
pair-04-case-304,etcd KV,lease-write-authorization,chain3,4,0,0,0,1,0,0,0,1,1
pair-04-case-305,etcd KV,lease-write-authorization,chain3,4,0,0,0,1,0,0,0,1,1
pair-04-case-306,etcd KV,lease-write-authorization,chain3,4,0,0,0,1,0,0,0,1,1
pair-04-case-307,etcd KV,lease-write-authorization,chain3,4,0,0,0,1,0,0,0,1,1
pair-04-case-308,etcd KV,lease-write-authorization,chain3,4,0,0,0,1,0,0,0,1,1
pair-04-case-309,etcd KV,lease-write-authorization,chain3,4,0,0,0,1,0,0,0,1,1
pair-04-case-310,etcd KV,lease-write-authorization,chain3,4,0,0,0,1,0,0,0,1,1
pair-04-case-311,etcd KV,lease-write-authorization,chain3,3,0,0,0,1,0,0,0,1,1
pair-04-case-312,etcd KV,lease-write-authorization,chain3,4,0,1,0,1,0,0,0,1,1
pair-04-case-313,etcd KV,lease-write-authorization,chain3,4,0,0,0,1,0,0,0,1,1
pair-04-case-314,etcd KV,lease-write-authorization,chain3,4,0,2,0,1,1,0,0,1,1
pair-04-case-315,etcd KV,lease-write-authorization,chain3,4,0,0,0,1,0,0,0,1,1
pair-04-case-316,etcd KV,lease-write-authorization,chain3,4,0,0,0,1,1,0,0,1,1
pair-04-case-317,etcd KV,lease-write-authorization,chain3,3,0,0,0,1,0,0,0,1,1
pair-04-case-318,etcd KV,lease-write-authorization,chain3,3,0,0,0,1,0,0,0,1,1
pair-04-case-319,etcd KV,lease-write-authorization,chain3,4,0,0,0,1,1,0,0,1,1
pair-04-case-320,etcd KV,lease-write-authorization,chain3,4,0,0,0,1,0,0,0,1,1
pair-04-case-321,etcd KV,lease-write-authorization,chain3,4,0,3,0,1,0,0,0,1,1
pair-04-case-322,etcd KV,lease-write-authorization,chain3,4,0,0,0,1,0,0,0,1,1
pair-04-case-323,etcd KV,lease-write-authorization,chain3,4,0,0,0,1,0,0,0,1,1
pair-04-case-324,etcd KV,lease-write-authorization,chain3,4,0,0,0,1,0,0,0,1,1
pair-04-case-325,etcd KV,lease-write-authorization,chain3,4,0,0,0,1,0,0,0,1,1
pair-04-case-326,etcd KV,lease-write-authorization,chain3,4,0,0,0,1,0,0,0,1,1
pair-04-case-327,etcd KV,lease-write-authorization,chain3,4,0,0,0,1,1,0,0,1,1
pair-04-case-328,etcd KV,lease-write-authorization,chain3,3,0,0,0,1,0,0,0,1,1
pair-04-case-329,etcd KV,lease-write-authorization,chain3,4,0,0,0,1,0,0,0,1,1
pair-04-case-330,etcd KV,lease-write-authorization,chain3,4,0,0,0,1,0,0,0,1,1
pair-04-case-331,etcd KV,lease-write-authorization,chain3,4,0,0,0,1,0,0,0,1,1
pair-04-case-332,etcd KV,lease-write-authorization,chain3,4,0,0,0,1,0,0,0,1,1
pair-04-case-333,etcd KV,lease-write-authorization,chain3,3,0,0,0,1,1,0,0,1,1
pair-04-case-334,etcd KV,lease-write-authorization,chain3,4,0,0,0,1,0,0,0,1,1
pair-04-case-335,etcd KV,lease-write-authorization,chain3,4,0,0,0,1,0,0,0,1,1
pair-04-case-336,etcd KV,lease-write-authorization,chain3,4,0,0,0,1,1,0,0,1,1
pair-04-case-337,etcd KV,lease-write-authorization,chain3,4,0,0,0,1,0,0,0,1,1
pair-04-case-338,etcd KV,lease-write-authorization,chain3,4,0,0,0,1,0,0,0,1,1
pair-04-case-339,etcd KV,lease-write-authorization,chain3,4,0,0,0,1,0,0,0,1,1
pair-04-case-340,etcd KV,lease-write-authorization,chain3,4,0,0,0,1,0,0,0,1,1
pair-04-case-341,etcd KV,lease-write-authorization,chain3,4,0,0,0,1,0,0,0,1,1
pair-04-case-342,etcd KV,lease-write-authorization,chain3,2,0,0,0,1,0,0,0,1,1
pair-04-case-343,etcd KV,lease-write-authorization,chain3,3,0,1,0,1,0,0,1,1,1
pair-04-case-344,etcd KV,lease-write-authorization,chain3,4,0,0,0,1,0,0,0,1,1
pair-04-case-345,etcd KV,lease-write-authorization,chain3,2,0,0,0,1,0,0,0,1,1
pair-04-case-346,etcd KV,lease-write-authorization,chain3,4,0,0,0,1,0,0,0,1,1
pair-04-case-347,etcd KV,lease-write-authorization,chain3,4,0,0,0,1,0,0,0,1,1
pair-04-case-348,etcd KV,lease-write-authorization,chain3,4,0,2,0,1,0,0,1,1,1
pair-04-case-349,etcd KV,lease-write-authorization,chain3,4,0,0,0,1,0,0,0,1,1
pair-04-case-350,etcd KV,lease-write-authorization,chain3,4,0,0,0,1,0,0,0,1,1
pair-04-case-351,etcd KV,lease-write-authorization,chain3,4,0,0,0,1,0,0,0,1,1
pair-04-case-352,etcd KV,lease-write-authorization,chain3,3,0,0,0,1,0,0,0,1,1
pair-04-case-353,etcd KV,lease-write-authorization,chain3,4,0,0,0,1,0,0,0,1,1
pair-04-case-354,etcd KV,lease-write-authorization,chain3,4,0,0,0,1,0,0,0,1,1
pair-04-case-355,etcd KV,lease-write-authorization,chain3,4,0,0,0,1,1,0,0,1,1
pair-04-case-356,etcd KV,lease-write-authorization,chain3,3,0,0,0,1,1,0,0,1,1
pair-04-case-357,etcd KV,lease-write-authorization,chain3,4,0,0,0,1,0,0,0,1,1
pair-04-case-358,etcd KV,lease-write-authorization,chain3,2,0,3,0,1,0,0,1,1,1
pair-04-case-359,etcd KV,lease-write-authorization,chain3,3,0,0,0,1,1,0,0,1,1
pair-04-case-360,etcd KV,lease-write-authorization,chain3,4,0,0,0,1,1,0,0,1,1
pair-04-case-361,etcd KV,lease-write-authorization,chain3,2,0,0,0,1,0,0,0,1,1
pair-04-case-362,etcd KV,lease-write-authorization,chain3,4,0,0,0,1,0,0,0,1,1
pair-04-case-363,etcd KV,lease-write-authorization,chain3,4,0,0,0,1,0,0,0,1,1
pair-04-case-364,etcd KV,lease-write-authorization,chain3,4,0,0,0,1,0,0,0,1,1
pair-04-case-365,etcd KV,lease-write-authorization,chain3,3,0,0,0,1,0,0,0,1,1
pair-04-case-366,etcd KV,lease-write-authorization,chain3,4,0,0,0,1,0,0,0,1,1
pair-04-case-367,etcd KV,lease-write-authorization,chain3,4,0,0,0,1,0,0,0,1,1
pair-04-case-368,etcd KV,lease-write-authorization,chain3,3,0,0,0,1,0,0,0,1,1
pair-04-case-369,etcd KV,lease-write-authorization,chain3,3,0,9,0,1,0,0,0,1,1
pair-04-case-370,etcd KV,lease-write-authorization,chain3,3,0,0,0,1,1,0,0,1,1
pair-04-case-371,etcd KV,lease-write-authorization,chain3,4,0,0,0,1,1,0,0,1,1
pair-04-case-372,etcd KV,lease-write-authorization,chain3,4,0,0,0,1,0,0,0,1,1
pair-04-case-373,etcd KV,lease-write-authorization,chain3,4,0,0,0,1,0,0,0,1,1
pair-04-case-374,etcd KV,lease-write-authorization,chain3,4,0,0,0,1,0,0,0,1,1
pair-04-case-375,etcd KV,lease-write-authorization,chain3,4,0,2,0,1,0,0,0,1,1
pair-04-case-376,etcd KV,lease-write-authorization,chain3,4,0,0,0,1,0,0,0,1,1
pair-04-case-377,etcd KV,lease-write-authorization,chain3,4,0,0,0,1,0,0,0,1,1
pair-04-case-378,etcd KV,lease-write-authorization,chain3,4,0,0,0,1,0,0,0,1,1
pair-04-case-379,etcd KV,lease-write-authorization,chain3,4,0,0,0,1,0,0,0,1,1
pair-04-case-380,etcd KV,lease-write-authorization,chain3,3,0,0,0,1,1,0,0,1,1
pair-04-case-381,etcd KV,lease-write-authorization,chain3,4,0,0,0,1,1,1,0,1,1
pair-04-case-382,etcd KV,lease-write-authorization,chain3,4,0,0,0,1,1,0,0,1,1
pair-04-case-383,etcd KV,lease-write-authorization,chain3,3,0,0,0,1,0,0,0,1,1
pair-04-case-384,etcd KV,lease-write-authorization,chain3,3,0,3,0,1,0,0,0,1,1
pair-04-case-385,etcd KV,lease-write-authorization,chain3,4,0,0,0,1,0,0,0,1,1
pair-04-case-386,etcd KV,lease-write-authorization,chain3,3,0,0,0,1,0,0,0,1,1
pair-04-case-387,etcd KV,lease-write-authorization,chain3,4,0,0,0,1,1,0,0,1,1
pair-04-case-388,etcd KV,lease-write-authorization,chain3,4,0,0,0,1,0,0,0,1,1
pair-04-case-389,etcd KV,lease-write-authorization,chain3,4,0,0,0,1,1,0,0,1,1
pair-04-case-390,etcd KV,lease-write-authorization,chain3,3,0,0,0,1,1,0,0,1,1
pair-04-case-391,etcd KV,lease-write-authorization,chain3,4,0,0,0,1,0,0,0,1,1
pair-04-case-392,etcd KV,lease-write-authorization,chain3,3,0,0,0,1,1,0,0,1,1
pair-04-case-393,etcd KV,lease-write-authorization,chain3,4,0,0,0,1,0,0,0,1,1
pair-04-case-394,etcd KV,lease-write-authorization,chain3,4,0,0,0,1,0,0,0,1,1
pair-04-case-395,etcd KV,lease-write-authorization,chain3,4,0,0,0,1,1,0,0,1,1
pair-04-case-396,etcd KV,lease-write-authorization,chain3,4,0,0,0,1,0,0,0,1,1
pair-04-case-397,etcd KV,lease-write-authorization,chain3,4,0,1,0,1,0,0,1,1,1
pair-04-case-398,etcd KV,lease-write-authorization,chain3,4,0,0,0,1,0,0,0,1,1
pair-04-case-399,etcd KV,lease-write-authorization,chain3,4,0,0,0,1,0,0,0,1,1
pair-04-case-400,etcd KV,lease-write-authorization,chain3,4,0,0,0,1,0,0,0,1,1
pair-04-case-401,etcd KV,lease-write-authorization,chain3,4,0,0,0,1,0,0,0,1,1
pair-04-case-402,etcd KV,lease-write-authorization,chain3,4,0,0,0,1,0,0,0,1,1
pair-04-case-403,etcd KV,lease-write-authorization,chain3,4,0,0,0,1,0,0,0,1,1
pair-04-case-404,etcd KV,lease-write-authorization,chain3,2,0,0,0,1,0,0,0,1,1
pair-04-case-405,etcd KV,lease-write-authorization,chain3,4,0,0,0,1,0,0,0,1,1
pair-04-case-406,etcd KV,lease-write-authorization,chain3,4,0,0,0,1,0,0,0,1,1
pair-04-case-407,etcd KV,lease-write-authorization,chain3,4,0,0,0,1,0,0,0,1,1
pair-04-case-408,etcd KV,lease-write-authorization,chain3,4,0,1,0,1,0,0,0,1,1
pair-04-case-409,etcd KV,lease-write-authorization,chain3,2,0,3,0,1,1,0,0,1,1
pair-04-case-410,etcd KV,lease-write-authorization,chain3,3,0,0,0,1,0,0,0,1,1
pair-04-case-411,etcd KV,lease-write-authorization,chain3,4,0,0,0,1,0,0,0,1,1
pair-04-case-412,etcd KV,lease-write-authorization,chain3,3,0,0,0,1,1,0,0,1,1
pair-04-case-413,etcd KV,lease-write-authorization,chain3,4,0,6,0,1,0,0,1,1,1
pair-04-case-414,etcd KV,lease-write-authorization,chain3,4,0,0,0,1,0,0,0,1,1
pair-04-case-415,etcd KV,lease-write-authorization,chain3,4,0,0,0,1,0,0,0,1,1
pair-04-case-416,etcd KV,lease-write-authorization,chain3,4,0,0,0,1,0,0,0,1,1
pair-04-case-417,etcd KV,lease-write-authorization,chain3,4,0,0,0,1,1,0,0,1,1
pair-04-case-418,etcd KV,lease-write-authorization,chain3,3,0,0,0,1,1,1,0,1,1
pair-04-case-419,etcd KV,lease-write-authorization,chain3,4,0,0,0,1,1,0,0,1,1
pair-04-case-420,etcd KV,lease-write-authorization,chain3,3,0,0,0,1,1,0,0,1,1
pair-04-case-421,etcd KV,lease-write-authorization,chain3,4,0,0,0,1,0,0,0,1,1
pair-04-case-422,etcd KV,lease-write-authorization,chain3,4,0,0,0,1,0,0,0,1,1
pair-04-case-423,etcd KV,lease-write-authorization,chain3,4,0,0,0,1,0,0,0,1,1
pair-04-case-424,etcd KV,lease-write-authorization,chain3,4,0,0,0,1,0,0,0,1,1
pair-04-case-425,etcd KV,lease-write-authorization,chain3,4,0,0,0,1,0,0,0,1,1
pair-04-case-426,etcd KV,lease-write-authorization,chain3,3,0,3,0,1,1,0,0,1,1
pair-04-case-427,etcd KV,lease-write-authorization,chain3,4,0,0,0,1,1,0,0,1,1
pair-04-case-428,etcd KV,lease-write-authorization,chain3,4,0,0,0,1,0,0,0,1,1
pair-04-case-429,etcd KV,lease-write-authorization,chain3,4,0,1,0,1,0,0,0,1,1
pair-04-case-430,etcd KV,lease-write-authorization,chain3,3,0,0,0,1,1,0,0,1,1
pair-04-case-431,etcd KV,lease-write-authorization,chain3,3,0,0,0,1,1,0,0,1,1
pair-04-case-432,etcd KV,lease-write-authorization,chain3,4,0,1,0,1,0,0,1,1,1
pair-04-case-433,etcd KV,lease-write-authorization,chain3,4,0,0,0,1,0,0,0,1,1
pair-04-case-434,etcd KV,lease-write-authorization,chain3,3,0,0,0,1,1,0,0,1,1
pair-04-case-435,etcd KV,lease-write-authorization,chain3,3,0,0,0,1,0,0,0,1,1
pair-04-case-436,etcd KV,lease-write-authorization,chain3,4,0,0,0,1,0,0,0,1,1
pair-04-case-437,etcd KV,lease-write-authorization,chain3,4,0,0,0,1,0,0,0,1,1
pair-04-case-438,etcd KV,lease-write-authorization,chain3,4,0,0,0,1,0,0,0,1,1
pair-04-case-439,etcd KV,lease-write-authorization,chain3,4,0,0,0,1,1,0,0,1,1
pair-04-case-440,etcd KV,lease-write-authorization,chain3,4,0,0,0,1,0,0,0,1,1
pair-04-case-441,etcd KV,lease-write-authorization,chain3,4,0,0,0,1,0,0,0,1,1
pair-04-case-442,etcd KV,lease-write-authorization,chain3,2,0,9,0,1,0,0,1,1,1
pair-04-case-443,etcd KV,lease-write-authorization,chain3,4,0,3,0,1,0,0,0,1,1
pair-04-case-444,etcd KV,lease-write-authorization,chain3,4,0,0,0,1,0,0,0,1,1
pair-04-case-445,etcd KV,lease-write-authorization,chain3,4,0,0,0,1,0,0,0,1,1
pair-04-case-446,etcd KV,lease-write-authorization,chain3,4,0,0,0,1,0,0,0,1,1
pair-04-case-447,etcd KV,lease-write-authorization,chain3,4,0,0,0,1,1,0,0,1,1
pair-04-case-448,etcd KV,lease-write-authorization,chain3,4,0,0,0,1,0,0,0,1,1
pair-04-case-449,etcd KV,lease-write-authorization,chain3,4,0,0,0,1,0,0,0,1,1
pair-04-case-450,etcd KV,lease-write-authorization,chain3,4,0,0,0,1,0,0,0,1,1
pair-04-case-451,etcd KV,lease-write-authorization,chain3,4,0,0,0,1,1,0,0,1,1
pair-04-case-452,etcd KV,lease-write-authorization,chain3,3,0,0,0,1,0,0,0,1,1
pair-04-case-453,etcd KV,lease-write-authorization,chain3,4,0,0,0,1,1,0,0,1,1
pair-04-case-454,etcd KV,lease-write-authorization,chain3,4,0,0,0,1,0,0,0,1,1
pair-04-case-455,etcd KV,lease-write-authorization,chain3,4,0,0,0,1,1,0,0,1,1
pair-04-case-456,etcd KV,lease-write-authorization,chain3,2,0,0,0,1,0,0,0,1,1
pair-04-case-457,etcd KV,lease-write-authorization,chain3,4,0,0,0,1,0,0,0,1,1
pair-04-case-458,etcd KV,lease-write-authorization,chain3,4,0,0,0,1,1,0,0,1,1
pair-04-case-459,etcd KV,lease-write-authorization,chain3,4,0,0,0,1,0,0,0,1,1
pair-04-case-460,etcd KV,lease-write-authorization,chain3,4,0,0,0,1,0,0,0,1,1
pair-04-case-461,etcd KV,lease-write-authorization,chain3,4,0,0,0,1,0,0,0,1,1
pair-04-case-462,etcd KV,lease-write-authorization,chain3,4,0,0,0,1,0,0,0,1,1
pair-04-case-463,etcd KV,lease-write-authorization,chain3,4,0,0,0,1,0,0,0,1,1
pair-04-case-464,etcd KV,lease-write-authorization,chain3,4,0,6,0,1,0,0,1,1,1
pair-04-case-465,etcd KV,lease-write-authorization,chain3,3,0,0,0,1,1,0,0,1,1
pair-04-case-466,etcd KV,lease-write-authorization,chain3,3,0,3,0,1,1,0,0,1,1
pair-04-case-467,etcd KV,lease-write-authorization,chain3,4,0,0,0,1,0,0,0,1,1
pair-04-case-468,etcd KV,lease-write-authorization,chain3,4,0,0,0,1,0,0,0,1,1
pair-04-case-469,etcd KV,lease-write-authorization,chain3,4,0,0,0,1,0,0,0,1,1
pair-04-case-470,etcd KV,lease-write-authorization,chain3,3,0,0,0,1,1,0,0,1,1
pair-04-case-471,etcd KV,lease-write-authorization,chain3,4,0,0,0,1,0,0,0,1,1
pair-04-case-472,etcd KV,lease-write-authorization,chain3,4,0,0,0,1,0,0,0,1,1
pair-04-case-473,etcd KV,lease-write-authorization,chain3,4,0,0,0,1,0,0,0,1,1
pair-04-case-474,etcd KV,lease-write-authorization,chain3,3,0,0,0,1,1,0,0,1,1
pair-04-case-475,etcd KV,lease-write-authorization,chain3,2,0,0,0,1,0,0,0,1,1
pair-04-case-476,etcd KV,lease-write-authorization,chain3,4,0,0,0,1,1,0,0,1,1
pair-04-case-477,etcd KV,lease-write-authorization,chain3,4,0,0,0,1,0,0,0,1,1
pair-04-case-478,etcd KV,lease-write-authorization,chain3,4,0,0,0,1,0,0,0,1,1
pair-04-case-479,etcd KV,lease-write-authorization,chain3,4,0,0,0,1,0,0,0,1,1
pair-04-case-480,etcd KV,lease-write-authorization,chain3,4,0,0,0,1,0,0,0,1,1
pair-04-case-481,etcd KV,lease-write-authorization,chain3,4,0,0,0,1,0,0,0,1,1
pair-04-case-482,etcd KV,lease-write-authorization,chain3,4,0,0,0,1,0,0,0,1,1
pair-04-case-483,etcd KV,lease-write-authorization,chain3,4,0,0,0,1,1,0,0,1,1
pair-04-case-484,etcd KV,lease-write-authorization,chain3,4,0,0,0,1,0,0,0,1,1
pair-04-case-485,etcd KV,lease-write-authorization,chain3,4,0,0,0,1,0,0,0,1,1
pair-04-case-486,etcd KV,lease-write-authorization,chain3,4,0,0,0,1,0,0,0,1,1
pair-04-case-487,etcd KV,lease-write-authorization,chain3,4,0,0,0,1,0,0,0,1,1
pair-04-case-488,etcd KV,lease-write-authorization,chain3,4,0,0,0,1,0,0,0,1,1
pair-04-case-489,etcd KV,lease-write-authorization,chain3,3,0,1,0,1,1,0,1,1,1
pair-04-case-490,etcd KV,lease-write-authorization,chain3,4,0,0,0,1,1,0,0,1,1
pair-04-case-491,etcd KV,lease-write-authorization,chain3,4,0,0,0,1,1,0,0,1,1
pair-04-case-492,etcd KV,lease-write-authorization,chain3,4,0,0,0,1,0,0,0,1,1
pair-04-case-493,etcd KV,lease-write-authorization,chain3,3,0,0,0,1,0,0,0,1,1
pair-04-case-494,etcd KV,lease-write-authorization,chain3,3,0,0,0,1,1,0,0,1,1
pair-04-case-495,etcd KV,lease-write-authorization,chain3,3,0,0,0,1,0,0,0,1,1
pair-04-case-496,etcd KV,lease-write-authorization,chain3,4,0,0,0,1,0,0,0,1,1
pair-04-case-497,etcd KV,lease-write-authorization,chain3,4,0,0,0,1,0,0,0,1,1
pair-04-case-498,etcd KV,lease-write-authorization,chain3,3,0,0,0,1,0,0,0,1,1
pair-04-case-499,etcd KV,lease-write-authorization,chain3,4,0,0,0,1,0,0,0,1,1
pair-05-case-000,etcd KV,revision-state-recode,cycle5,0,1,243,10,0,1,1,1,1,1
pair-05-case-001,etcd KV,revision-state-recode,cycle5,1,0,0,0,1,0,0,0,1,1
pair-05-case-002,etcd KV,revision-state-recode,cycle5,1,0,81,0,1,0,0,1,1,1
pair-05-case-003,etcd KV,revision-state-recode,cycle5,1,0,0,0,1,1,1,0,1,1
pair-05-case-004,etcd KV,revision-state-recode,cycle5,1,0,0,0,1,1,1,0,1,1
pair-05-case-005,etcd KV,revision-state-recode,cycle5,1,0,81,0,1,1,0,1,1,1
pair-05-case-006,etcd KV,revision-state-recode,cycle5,1,0,0,0,1,0,0,0,1,1
pair-05-case-007,etcd KV,revision-state-recode,cycle5,1,0,81,0,1,0,0,1,1,1
pair-05-case-008,etcd KV,revision-state-recode,cycle5,1,0,81,0,1,1,1,0,1,1
pair-05-case-009,etcd KV,revision-state-recode,cycle5,1,0,0,0,1,1,1,0,1,1
pair-05-case-010,etcd KV,revision-state-recode,cycle5,1,0,0,0,1,1,1,0,1,1
pair-05-case-011,etcd KV,revision-state-recode,cycle5,1,0,81,0,1,1,0,1,1,1
pair-05-case-012,etcd KV,revision-state-recode,cycle5,1,0,0,0,1,0,0,0,1,1
pair-05-case-013,etcd KV,revision-state-recode,cycle5,1,0,81,0,1,0,0,1,1,1
pair-05-case-014,etcd KV,revision-state-recode,cycle5,1,0,81,0,1,1,1,0,1,1
pair-05-case-015,etcd KV,revision-state-recode,cycle5,1,0,0,0,1,1,1,0,1,1
pair-05-case-016,etcd KV,revision-state-recode,cycle5,1,0,0,0,1,1,1,0,1,1
pair-05-case-017,etcd KV,revision-state-recode,cycle5,1,0,81,0,1,1,0,1,1,1
pair-05-case-018,etcd KV,revision-state-recode,cycle5,1,0,0,0,1,0,0,0,1,1
pair-05-case-019,etcd KV,revision-state-recode,cycle5,1,0,81,0,1,0,0,1,1,1
pair-05-case-020,etcd KV,revision-state-recode,cycle5,1,0,81,0,1,1,1,0,1,1
pair-05-case-021,etcd KV,revision-state-recode,cycle5,1,0,0,0,1,1,1,0,1,1
pair-05-case-022,etcd KV,revision-state-recode,cycle5,1,0,0,0,1,1,1,0,1,1
pair-05-case-023,etcd KV,revision-state-recode,cycle5,1,0,81,0,1,1,0,1,1,1
pair-05-case-024,etcd KV,revision-state-recode,cycle5,1,0,0,0,1,0,0,0,1,1
pair-05-case-025,etcd KV,revision-state-recode,cycle5,1,0,81,0,1,0,0,1,1,1
pair-05-case-026,etcd KV,revision-state-recode,cycle5,1,0,81,0,1,1,1,0,1,1
pair-05-case-027,etcd KV,revision-state-recode,cycle5,1,0,0,0,1,1,1,0,1,1
pair-05-case-028,etcd KV,revision-state-recode,cycle5,1,0,0,0,1,1,1,0,1,1
pair-05-case-029,etcd KV,revision-state-recode,cycle5,1,0,81,0,1,1,0,1,1,1
pair-05-case-030,etcd KV,revision-state-recode,cycle5,1,1,189,10,0,1,0,1,1,1
pair-05-case-031,etcd KV,revision-state-recode,cycle5,1,1,189,10,0,1,0,1,1,1
pair-05-case-032,etcd KV,revision-state-recode,cycle5,1,1,189,10,0,1,0,1,1,1
pair-05-case-033,etcd KV,revision-state-recode,cycle5,1,1,189,10,0,1,0,1,1,1
pair-05-case-034,etcd KV,revision-state-recode,cycle5,1,1,189,10,0,1,0,1,1,1
pair-05-case-035,etcd KV,revision-state-recode,cycle5,1,1,189,10,0,1,0,1,1,1
pair-05-case-036,etcd KV,revision-state-recode,cycle5,1,1,189,10,0,1,0,1,1,1
pair-05-case-037,etcd KV,revision-state-recode,cycle5,1,1,189,10,0,1,0,1,1,1
pair-05-case-038,etcd KV,revision-state-recode,cycle5,1,1,189,10,0,1,0,1,1,1
pair-05-case-039,etcd KV,revision-state-recode,cycle5,1,1,189,10,0,1,0,1,1,1
pair-05-case-040,etcd KV,revision-state-recode,cycle5,1,1,189,10,0,1,0,1,1,1
pair-05-case-041,etcd KV,revision-state-recode,cycle5,1,1,189,10,0,1,0,1,1,1
pair-05-case-042,etcd KV,revision-state-recode,cycle5,3,1,99,10,0,1,0,1,1,1
pair-05-case-043,etcd KV,revision-state-recode,cycle5,3,1,117,10,0,1,0,1,1,1
pair-05-case-044,etcd KV,revision-state-recode,cycle5,2,1,147,10,0,1,0,1,1,1
pair-05-case-045,etcd KV,revision-state-recode,cycle5,2,1,135,10,0,1,0,1,1,1
pair-05-case-046,etcd KV,revision-state-recode,cycle5,4,1,105,10,0,1,0,1,1,1
pair-05-case-047,etcd KV,revision-state-recode,cycle5,4,1,69,10,0,1,0,1,1,1
pair-05-case-048,etcd KV,revision-state-recode,cycle5,3,1,111,10,0,1,0,1,1,1
pair-05-case-049,etcd KV,revision-state-recode,cycle5,4,1,69,10,0,1,0,1,1,1
pair-05-case-050,etcd KV,revision-state-recode,cycle5,4,1,76,10,0,1,0,1,1,1
pair-05-case-051,etcd KV,revision-state-recode,cycle5,4,1,85,10,0,1,0,1,1,1
pair-05-case-052,etcd KV,revision-state-recode,cycle5,4,1,77,10,0,1,0,1,1,1
pair-05-case-053,etcd KV,revision-state-recode,cycle5,4,1,93,10,0,1,0,1,1,1
pair-05-case-054,etcd KV,revision-state-recode,cycle5,4,1,81,10,0,1,0,1,1,1
pair-05-case-055,etcd KV,revision-state-recode,cycle5,4,1,95,10,0,1,0,1,1,1
pair-05-case-056,etcd KV,revision-state-recode,cycle5,3,1,119,10,0,1,0,1,1,1
pair-05-case-057,etcd KV,revision-state-recode,cycle5,3,1,112,10,0,1,0,1,1,1
pair-05-case-058,etcd KV,revision-state-recode,cycle5,3,1,105,10,0,1,0,1,1,1
pair-05-case-059,etcd KV,revision-state-recode,cycle5,3,1,99,10,0,1,0,1,1,1
pair-05-case-060,etcd KV,revision-state-recode,cycle5,4,1,87,10,0,1,0,1,1,1
pair-05-case-061,etcd KV,revision-state-recode,cycle5,4,1,75,10,0,1,0,1,1,1
pair-05-case-062,etcd KV,revision-state-recode,cycle5,3,1,105,10,0,1,0,1,1,1
pair-05-case-063,etcd KV,revision-state-recode,cycle5,4,1,84,10,0,1,0,1,1,1
pair-05-case-064,etcd KV,revision-state-recode,cycle5,4,1,76,10,0,1,0,1,1,1
pair-05-case-065,etcd KV,revision-state-recode,cycle5,4,1,81,10,0,1,0,1,1,1
pair-05-case-066,etcd KV,revision-state-recode,cycle5,4,1,89,10,0,1,0,1,1,1
pair-05-case-067,etcd KV,revision-state-recode,cycle5,4,1,83,10,0,1,0,1,1,1
pair-05-case-068,etcd KV,revision-state-recode,cycle5,4,1,72,10,0,1,0,1,1,1
pair-05-case-069,etcd KV,revision-state-recode,cycle5,3,1,105,10,0,1,0,1,1,1
pair-05-case-070,etcd KV,revision-state-recode,cycle5,4,1,79,10,0,1,0,1,1,1
pair-05-case-071,etcd KV,revision-state-recode,cycle5,4,1,81,10,0,1,0,1,1,1
pair-05-case-072,etcd KV,revision-state-recode,cycle5,4,1,85,10,0,1,0,1,1,1
pair-05-case-073,etcd KV,revision-state-recode,cycle5,4,1,65,10,0,1,0,1,1,1
pair-05-case-074,etcd KV,revision-state-recode,cycle5,4,1,83,10,0,1,0,1,1,1
pair-05-case-075,etcd KV,revision-state-recode,cycle5,3,1,105,10,0,1,0,1,1,1
pair-05-case-076,etcd KV,revision-state-recode,cycle5,4,1,91,10,0,1,0,1,1,1
pair-05-case-077,etcd KV,revision-state-recode,cycle5,2,1,144,10,0,1,0,1,1,1
pair-05-case-078,etcd KV,revision-state-recode,cycle5,4,1,69,10,0,1,0,1,1,1
pair-05-case-079,etcd KV,revision-state-recode,cycle5,4,1,91,10,0,1,0,1,1,1
pair-05-case-080,etcd KV,revision-state-recode,cycle5,3,1,105,10,0,1,0,1,1,1
pair-05-case-081,etcd KV,revision-state-recode,cycle5,4,1,91,10,0,1,0,1,1,1
pair-05-case-082,etcd KV,revision-state-recode,cycle5,4,1,81,10,0,1,0,1,1,1
pair-05-case-083,etcd KV,revision-state-recode,cycle5,4,1,83,10,0,1,0,1,1,1
pair-05-case-084,etcd KV,revision-state-recode,cycle5,3,1,117,10,0,1,0,1,1,1
pair-05-case-085,etcd KV,revision-state-recode,cycle5,4,1,89,10,0,1,0,1,1,1
pair-05-case-086,etcd KV,revision-state-recode,cycle5,4,1,88,10,0,1,0,1,1,1
pair-05-case-087,etcd KV,revision-state-recode,cycle5,3,1,111,10,0,1,0,1,1,1
pair-05-case-088,etcd KV,revision-state-recode,cycle5,4,1,85,10,0,1,0,1,1,1
pair-05-case-089,etcd KV,revision-state-recode,cycle5,2,1,147,10,0,1,0,1,1,1
pair-05-case-090,etcd KV,revision-state-recode,cycle5,4,1,77,10,0,1,0,1,1,1
pair-05-case-091,etcd KV,revision-state-recode,cycle5,3,1,99,10,0,1,0,1,1,1
pair-05-case-092,etcd KV,revision-state-recode,cycle5,3,1,117,10,0,1,0,1,1,1
pair-05-case-093,etcd KV,revision-state-recode,cycle5,4,1,77,10,0,1,0,1,1,1
pair-05-case-094,etcd KV,revision-state-recode,cycle5,4,1,91,10,0,1,0,1,1,1
pair-05-case-095,etcd KV,revision-state-recode,cycle5,4,1,75,10,0,1,0,1,1,1
pair-05-case-096,etcd KV,revision-state-recode,cycle5,4,1,81,10,0,1,0,1,1,1
pair-05-case-097,etcd KV,revision-state-recode,cycle5,3,1,117,10,0,1,0,1,1,1
pair-05-case-098,etcd KV,revision-state-recode,cycle5,4,1,69,10,0,1,0,1,1,1
pair-05-case-099,etcd KV,revision-state-recode,cycle5,4,1,99,10,0,1,0,1,1,1
pair-05-case-100,etcd KV,revision-state-recode,cycle5,4,1,77,10,0,1,0,1,1,1
pair-05-case-101,etcd KV,revision-state-recode,cycle5,4,1,77,10,0,1,0,1,1,1
pair-05-case-102,etcd KV,revision-state-recode,cycle5,4,1,87,10,0,1,0,1,1,1
pair-05-case-103,etcd KV,revision-state-recode,cycle5,3,1,112,10,0,1,0,1,1,1
pair-05-case-104,etcd KV,revision-state-recode,cycle5,3,1,111,10,0,1,0,1,1,1
pair-05-case-105,etcd KV,revision-state-recode,cycle5,4,1,99,10,0,1,0,1,1,1
pair-05-case-106,etcd KV,revision-state-recode,cycle5,4,1,89,10,0,1,0,1,1,1
pair-05-case-107,etcd KV,revision-state-recode,cycle5,4,1,77,10,0,1,0,1,1,1
pair-05-case-108,etcd KV,revision-state-recode,cycle5,4,1,88,10,0,1,0,1,1,1
pair-05-case-109,etcd KV,revision-state-recode,cycle5,4,1,81,10,0,1,0,1,1,1
pair-05-case-110,etcd KV,revision-state-recode,cycle5,4,1,87,10,0,1,0,1,1,1
pair-05-case-111,etcd KV,revision-state-recode,cycle5,4,1,84,10,0,1,0,1,1,1
pair-05-case-112,etcd KV,revision-state-recode,cycle5,3,1,119,10,0,1,0,1,1,1
pair-05-case-113,etcd KV,revision-state-recode,cycle5,3,0,9,0,3,1,0,1,1,1
pair-05-case-114,etcd KV,revision-state-recode,cycle5,4,1,72,10,0,1,0,1,1,1
pair-05-case-115,etcd KV,revision-state-recode,cycle5,3,1,123,10,0,1,0,1,1,1
pair-05-case-116,etcd KV,revision-state-recode,cycle5,4,1,77,10,0,1,0,1,1,1
pair-05-case-117,etcd KV,revision-state-recode,cycle5,4,1,77,10,0,1,0,1,1,1
pair-05-case-118,etcd KV,revision-state-recode,cycle5,2,1,147,10,0,1,0,1,1,1
pair-05-case-119,etcd KV,revision-state-recode,cycle5,3,1,99,10,0,1,0,1,1,1
pair-05-case-120,etcd KV,revision-state-recode,cycle5,3,1,99,10,0,1,0,1,1,1
pair-05-case-121,etcd KV,revision-state-recode,cycle5,4,1,69,10,0,1,0,1,1,1
pair-05-case-122,etcd KV,revision-state-recode,cycle5,4,1,69,10,0,1,0,1,1,1
pair-05-case-123,etcd KV,revision-state-recode,cycle5,2,1,147,10,0,1,0,1,1,1
pair-05-case-124,etcd KV,revision-state-recode,cycle5,4,1,91,10,0,1,0,1,1,1
pair-05-case-125,etcd KV,revision-state-recode,cycle5,4,1,84,10,0,1,0,1,1,1
pair-05-case-126,etcd KV,revision-state-recode,cycle5,4,1,87,10,0,1,0,1,1,1
pair-05-case-127,etcd KV,revision-state-recode,cycle5,4,0,54,0,3,1,0,1,1,1
pair-05-case-128,etcd KV,revision-state-recode,cycle5,2,1,135,10,0,1,0,1,1,1
pair-05-case-129,etcd KV,revision-state-recode,cycle5,4,1,84,10,0,1,0,1,1,1
pair-05-case-130,etcd KV,revision-state-recode,cycle5,4,1,77,10,0,1,0,1,1,1
pair-05-case-131,etcd KV,revision-state-recode,cycle5,3,1,105,10,0,1,0,1,1,1
pair-05-case-132,etcd KV,revision-state-recode,cycle5,4,1,103,10,0,1,0,1,1,1
pair-05-case-133,etcd KV,revision-state-recode,cycle5,2,1,153,10,0,1,0,1,1,1
pair-05-case-134,etcd KV,revision-state-recode,cycle5,4,1,72,10,0,1,0,1,1,1
pair-05-case-135,etcd KV,revision-state-recode,cycle5,3,1,129,10,0,1,0,1,1,1
pair-05-case-136,etcd KV,revision-state-recode,cycle5,4,1,99,10,0,1,0,1,1,1
pair-05-case-137,etcd KV,revision-state-recode,cycle5,3,1,123,10,0,1,0,1,1,1
pair-05-case-138,etcd KV,revision-state-recode,cycle5,4,0,0,0,1,0,0,0,1,1
pair-05-case-139,etcd KV,revision-state-recode,cycle5,4,0,0,0,1,0,0,0,1,1
pair-05-case-140,etcd KV,revision-state-recode,cycle5,3,0,0,0,1,1,0,0,1,1
pair-05-case-141,etcd KV,revision-state-recode,cycle5,4,0,0,0,1,1,0,0,1,1
pair-05-case-142,etcd KV,revision-state-recode,cycle5,4,0,0,0,1,0,0,0,1,1
pair-05-case-143,etcd KV,revision-state-recode,cycle5,4,0,0,0,1,0,0,0,1,1
pair-05-case-144,etcd KV,revision-state-recode,cycle5,4,0,0,0,1,1,0,0,1,1
pair-05-case-145,etcd KV,revision-state-recode,cycle5,4,0,0,0,1,0,0,0,1,1
pair-05-case-146,etcd KV,revision-state-recode,cycle5,4,0,0,0,1,1,0,0,1,1
pair-05-case-147,etcd KV,revision-state-recode,cycle5,4,0,0,0,1,0,0,0,1,1
pair-05-case-148,etcd KV,revision-state-recode,cycle5,4,0,0,0,1,1,0,0,1,1
pair-05-case-149,etcd KV,revision-state-recode,cycle5,4,0,0,0,1,0,0,0,1,1
pair-05-case-150,etcd KV,revision-state-recode,cycle5,3,0,0,0,1,0,0,0,1,1
pair-05-case-151,etcd KV,revision-state-recode,cycle5,4,0,0,0,1,0,0,0,1,1
pair-05-case-152,etcd KV,revision-state-recode,cycle5,4,0,0,0,1,0,0,0,1,1
pair-05-case-153,etcd KV,revision-state-recode,cycle5,4,0,39,0,1,1,0,1,1,1
pair-05-case-154,etcd KV,revision-state-recode,cycle5,4,0,21,0,1,1,0,0,1,1
pair-05-case-155,etcd KV,revision-state-recode,cycle5,4,0,9,0,1,1,0,0,1,1
pair-05-case-156,etcd KV,revision-state-recode,cycle5,4,0,0,0,1,0,0,0,1,1
pair-05-case-157,etcd KV,revision-state-recode,cycle5,4,0,0,0,1,1,0,0,1,1
pair-05-case-158,etcd KV,revision-state-recode,cycle5,4,0,0,0,1,0,0,0,1,1
pair-05-case-159,etcd KV,revision-state-recode,cycle5,4,0,0,0,1,1,0,0,1,1
pair-05-case-160,etcd KV,revision-state-recode,cycle5,4,0,0,0,1,1,0,0,1,1
pair-05-case-161,etcd KV,revision-state-recode,cycle5,4,0,0,0,1,0,0,0,1,1
pair-05-case-162,etcd KV,revision-state-recode,cycle5,4,0,0,0,1,0,0,0,1,1
pair-05-case-163,etcd KV,revision-state-recode,cycle5,4,0,0,0,1,0,0,0,1,1
pair-05-case-164,etcd KV,revision-state-recode,cycle5,4,0,0,0,1,0,0,0,1,1
pair-05-case-165,etcd KV,revision-state-recode,cycle5,4,0,0,0,1,0,0,0,1,1
pair-05-case-166,etcd KV,revision-state-recode,cycle5,4,0,0,0,1,0,0,0,1,1
pair-05-case-167,etcd KV,revision-state-recode,cycle5,4,0,0,0,1,0,0,0,1,1
pair-05-case-168,etcd KV,revision-state-recode,cycle5,4,0,0,0,1,0,0,0,1,1
pair-05-case-169,etcd KV,revision-state-recode,cycle5,4,0,0,0,1,0,0,0,1,1
pair-05-case-170,etcd KV,revision-state-recode,cycle5,4,0,0,0,1,0,0,0,1,1
pair-05-case-171,etcd KV,revision-state-recode,cycle5,4,0,0,0,1,0,0,0,1,1
pair-05-case-172,etcd KV,revision-state-recode,cycle5,4,0,0,0,1,1,0,0,1,1
pair-05-case-173,etcd KV,revision-state-recode,cycle5,4,0,0,0,1,1,0,0,1,1
pair-05-case-174,etcd KV,revision-state-recode,cycle5,3,0,0,0,1,0,0,0,1,1
pair-05-case-175,etcd KV,revision-state-recode,cycle5,4,0,0,0,1,0,0,0,1,1
pair-05-case-176,etcd KV,revision-state-recode,cycle5,4,0,0,0,1,0,0,0,1,1
pair-05-case-177,etcd KV,revision-state-recode,cycle5,4,0,0,0,1,1,0,0,1,1
pair-05-case-178,etcd KV,revision-state-recode,cycle5,4,0,0,0,1,0,0,0,1,1
pair-05-case-179,etcd KV,revision-state-recode,cycle5,4,0,0,0,1,1,0,0,1,1
pair-05-case-180,etcd KV,revision-state-recode,cycle5,4,0,0,0,1,1,0,0,1,1
pair-05-case-181,etcd KV,revision-state-recode,cycle5,4,0,0,0,1,0,0,0,1,1
pair-05-case-182,etcd KV,revision-state-recode,cycle5,4,0,21,0,1,0,0,1,1,1
pair-05-case-183,etcd KV,revision-state-recode,cycle5,4,0,0,0,1,1,0,0,1,1
pair-05-case-184,etcd KV,revision-state-recode,cycle5,4,0,0,0,1,1,0,0,1,1
pair-05-case-185,etcd KV,revision-state-recode,cycle5,4,0,0,0,1,0,0,0,1,1
pair-05-case-186,etcd KV,revision-state-recode,cycle5,4,0,0,0,1,0,0,0,1,1
pair-05-case-187,etcd KV,revision-state-recode,cycle5,4,0,0,0,1,1,0,0,1,1
pair-05-case-188,etcd KV,revision-state-recode,cycle5,4,0,0,0,1,0,0,0,1,1
pair-05-case-189,etcd KV,revision-state-recode,cycle5,3,0,0,0,1,0,0,0,1,1
pair-05-case-190,etcd KV,revision-state-recode,cycle5,4,0,0,0,1,0,0,0,1,1
pair-05-case-191,etcd KV,revision-state-recode,cycle5,3,0,0,0,1,0,0,0,1,1
pair-05-case-192,etcd KV,revision-state-recode,cycle5,3,0,0,0,1,0,0,0,1,1
pair-05-case-193,etcd KV,revision-state-recode,cycle5,4,0,0,0,1,0,0,0,1,1
pair-05-case-194,etcd KV,revision-state-recode,cycle5,4,0,9,0,1,0,0,0,1,1
pair-05-case-195,etcd KV,revision-state-recode,cycle5,4,0,0,0,1,0,0,0,1,1
pair-05-case-196,etcd KV,revision-state-recode,cycle5,4,0,0,0,1,0,0,0,1,1
pair-05-case-197,etcd KV,revision-state-recode,cycle5,4,0,0,0,1,0,0,0,1,1
pair-05-case-198,etcd KV,revision-state-recode,cycle5,4,0,0,0,1,0,0,0,1,1
pair-05-case-199,etcd KV,revision-state-recode,cycle5,4,0,0,0,1,0,0,0,1,1
pair-05-case-200,etcd KV,revision-state-recode,cycle5,4,0,0,0,1,1,0,0,1,1
pair-05-case-201,etcd KV,revision-state-recode,cycle5,4,0,0,0,1,1,0,0,1,1
pair-05-case-202,etcd KV,revision-state-recode,cycle5,4,0,0,0,1,0,0,0,1,1
pair-05-case-203,etcd KV,revision-state-recode,cycle5,4,0,0,0,1,1,0,0,1,1
pair-05-case-204,etcd KV,revision-state-recode,cycle5,4,0,0,0,1,0,0,0,1,1
pair-05-case-205,etcd KV,revision-state-recode,cycle5,4,0,0,0,1,0,0,0,1,1
pair-05-case-206,etcd KV,revision-state-recode,cycle5,4,0,17,0,1,0,0,1,1,1
pair-05-case-207,etcd KV,revision-state-recode,cycle5,4,0,0,0,1,1,0,0,1,1
pair-05-case-208,etcd KV,revision-state-recode,cycle5,4,0,0,0,1,0,0,0,1,1
pair-05-case-209,etcd KV,revision-state-recode,cycle5,3,0,0,0,1,1,0,0,1,1
pair-05-case-210,etcd KV,revision-state-recode,cycle5,4,0,0,0,1,0,0,0,1,1
pair-05-case-211,etcd KV,revision-state-recode,cycle5,4,0,0,0,1,1,0,0,1,1
pair-05-case-212,etcd KV,revision-state-recode,cycle5,4,0,9,0,1,1,0,0,1,1
pair-05-case-213,etcd KV,revision-state-recode,cycle5,4,0,0,0,1,0,0,0,1,1
pair-05-case-214,etcd KV,revision-state-recode,cycle5,4,0,0,0,1,0,0,0,1,1
pair-05-case-215,etcd KV,revision-state-recode,cycle5,4,0,0,0,1,1,0,0,1,1
pair-05-case-216,etcd KV,revision-state-recode,cycle5,4,0,0,0,1,0,0,0,1,1
pair-05-case-217,etcd KV,revision-state-recode,cycle5,3,0,0,0,1,1,0,0,1,1
pair-05-case-218,etcd KV,revision-state-recode,cycle5,4,0,42,0,1,1,0,0,1,1
pair-05-case-219,etcd KV,revision-state-recode,cycle5,4,0,0,0,1,0,0,0,1,1
pair-05-case-220,etcd KV,revision-state-recode,cycle5,4,0,0,0,1,0,0,0,1,1
pair-05-case-221,etcd KV,revision-state-recode,cycle5,4,0,0,0,1,0,0,0,1,1
pair-05-case-222,etcd KV,revision-state-recode,cycle5,4,0,0,0,1,0,0,0,1,1
pair-05-case-223,etcd KV,revision-state-recode,cycle5,4,0,27,0,1,0,0,0,1,1
pair-05-case-224,etcd KV,revision-state-recode,cycle5,4,0,0,0,1,1,0,0,1,1
pair-05-case-225,etcd KV,revision-state-recode,cycle5,4,0,0,0,1,0,0,0,1,1
pair-05-case-226,etcd KV,revision-state-recode,cycle5,4,0,0,0,1,1,0,0,1,1
pair-05-case-227,etcd KV,revision-state-recode,cycle5,4,0,0,0,1,0,0,0,1,1
pair-05-case-228,etcd KV,revision-state-recode,cycle5,4,0,0,0,1,1,0,0,1,1
pair-05-case-229,etcd KV,revision-state-recode,cycle5,4,0,0,0,1,0,0,0,1,1
pair-05-case-230,etcd KV,revision-state-recode,cycle5,4,0,0,0,1,0,0,0,1,1
pair-05-case-231,etcd KV,revision-state-recode,cycle5,4,0,0,0,1,0,0,0,1,1
pair-05-case-232,etcd KV,revision-state-recode,cycle5,4,0,63,0,1,0,0,1,1,1
pair-05-case-233,etcd KV,revision-state-recode,cycle5,4,0,0,0,1,0,0,0,1,1
pair-05-case-234,etcd KV,revision-state-recode,cycle5,4,0,9,0,1,0,0,0,1,1
pair-05-case-235,etcd KV,revision-state-recode,cycle5,4,0,27,0,1,0,0,1,1,1
pair-05-case-236,etcd KV,revision-state-recode,cycle5,4,0,0,0,1,0,0,0,1,1
pair-05-case-237,etcd KV,revision-state-recode,cycle5,4,0,0,0,1,1,0,0,1,1
pair-05-case-238,etcd KV,revision-state-recode,cycle5,4,0,0,0,1,0,0,0,1,1
pair-05-case-239,etcd KV,revision-state-recode,cycle5,4,0,0,0,1,1,0,0,1,1
pair-05-case-240,etcd KV,revision-state-recode,cycle5,4,0,0,0,1,0,0,0,1,1
pair-05-case-241,etcd KV,revision-state-recode,cycle5,4,0,0,0,1,1,0,0,1,1
pair-05-case-242,etcd KV,revision-state-recode,cycle5,4,0,0,0,1,0,0,0,1,1
pair-05-case-243,etcd KV,revision-state-recode,cycle5,3,0,0,0,1,0,0,0,1,1
pair-05-case-244,etcd KV,revision-state-recode,cycle5,4,0,0,0,1,0,0,0,1,1
pair-05-case-245,etcd KV,revision-state-recode,cycle5,4,0,6,0,1,1,0,1,1,1
pair-05-case-246,etcd KV,revision-state-recode,cycle5,4,0,0,0,1,1,0,0,1,1
pair-05-case-247,etcd KV,revision-state-recode,cycle5,4,0,0,0,1,1,0,0,1,1
pair-05-case-248,etcd KV,revision-state-recode,cycle5,4,0,0,0,1,1,0,0,1,1
pair-05-case-249,etcd KV,revision-state-recode,cycle5,4,0,27,0,1,1,0,0,1,1
pair-05-case-250,etcd KV,revision-state-recode,cycle5,4,0,27,0,1,1,0,1,1,1
pair-05-case-251,etcd KV,revision-state-recode,cycle5,4,0,0,0,1,0,0,0,1,1
pair-05-case-252,etcd KV,revision-state-recode,cycle5,4,0,0,0,1,0,0,0,1,1
pair-05-case-253,etcd KV,revision-state-recode,cycle5,4,0,0,0,1,0,0,0,1,1
pair-05-case-254,etcd KV,revision-state-recode,cycle5,3,0,0,0,1,0,0,0,1,1
pair-05-case-255,etcd KV,revision-state-recode,cycle5,4,0,0,0,1,0,0,0,1,1
pair-05-case-256,etcd KV,revision-state-recode,cycle5,4,0,0,0,1,1,0,0,1,1
pair-05-case-257,etcd KV,revision-state-recode,cycle5,4,0,0,0,1,0,0,0,1,1
pair-05-case-258,etcd KV,revision-state-recode,cycle5,4,0,51,0,1,1,0,1,1,1
pair-05-case-259,etcd KV,revision-state-recode,cycle5,4,0,0,0,1,0,0,0,1,1
pair-05-case-260,etcd KV,revision-state-recode,cycle5,4,0,9,0,1,0,0,0,1,1
pair-05-case-261,etcd KV,revision-state-recode,cycle5,4,0,0,0,1,0,0,0,1,1
pair-05-case-262,etcd KV,revision-state-recode,cycle5,4,0,27,0,1,1,0,0,1,1
pair-05-case-263,etcd KV,revision-state-recode,cycle5,4,0,0,0,1,0,0,0,1,1
pair-05-case-264,etcd KV,revision-state-recode,cycle5,4,0,0,0,1,0,0,0,1,1
pair-05-case-265,etcd KV,revision-state-recode,cycle5,4,0,0,0,1,1,0,0,1,1
pair-05-case-266,etcd KV,revision-state-recode,cycle5,4,0,0,0,1,0,0,0,1,1
pair-05-case-267,etcd KV,revision-state-recode,cycle5,3,0,0,0,1,0,0,0,1,1
pair-05-case-268,etcd KV,revision-state-recode,cycle5,3,0,0,0,1,0,0,0,1,1
pair-05-case-269,etcd KV,revision-state-recode,cycle5,4,0,0,0,1,1,0,0,1,1
pair-05-case-270,etcd KV,revision-state-recode,cycle5,4,0,0,0,1,0,0,0,1,1
pair-05-case-271,etcd KV,revision-state-recode,cycle5,4,0,0,0,1,0,0,0,1,1
pair-05-case-272,etcd KV,revision-state-recode,cycle5,4,0,0,0,1,1,0,0,1,1
pair-05-case-273,etcd KV,revision-state-recode,cycle5,4,0,0,0,1,1,0,0,1,1
pair-05-case-274,etcd KV,revision-state-recode,cycle5,4,0,0,0,1,0,0,0,1,1
pair-05-case-275,etcd KV,revision-state-recode,cycle5,4,0,0,0,1,0,0,0,1,1
pair-05-case-276,etcd KV,revision-state-recode,cycle5,4,0,0,0,1,0,0,0,1,1
pair-05-case-277,etcd KV,revision-state-recode,cycle5,4,0,9,0,1,0,0,0,1,1
pair-05-case-278,etcd KV,revision-state-recode,cycle5,4,0,0,0,1,0,0,0,1,1
pair-05-case-279,etcd KV,revision-state-recode,cycle5,4,0,0,0,1,0,0,0,1,1
pair-05-case-280,etcd KV,revision-state-recode,cycle5,4,0,0,0,1,1,0,0,1,1
pair-05-case-281,etcd KV,revision-state-recode,cycle5,3,0,0,0,1,0,0,0,1,1
pair-05-case-282,etcd KV,revision-state-recode,cycle5,4,0,0,0,1,0,0,0,1,1
pair-05-case-283,etcd KV,revision-state-recode,cycle5,4,0,0,0,1,0,0,0,1,1
pair-05-case-284,etcd KV,revision-state-recode,cycle5,4,0,0,0,1,0,0,0,1,1
pair-05-case-285,etcd KV,revision-state-recode,cycle5,4,0,0,0,1,0,0,0,1,1
pair-05-case-286,etcd KV,revision-state-recode,cycle5,4,0,0,0,1,1,0,0,1,1
pair-05-case-287,etcd KV,revision-state-recode,cycle5,4,0,0,0,1,0,0,0,1,1
pair-05-case-288,etcd KV,revision-state-recode,cycle5,4,0,0,0,1,0,0,0,1,1
pair-05-case-289,etcd KV,revision-state-recode,cycle5,3,0,0,0,1,0,0,0,1,1
pair-05-case-290,etcd KV,revision-state-recode,cycle5,4,0,0,0,1,1,0,0,1,1
pair-05-case-291,etcd KV,revision-state-recode,cycle5,4,0,0,0,1,0,0,0,1,1
pair-05-case-292,etcd KV,revision-state-recode,cycle5,4,0,0,0,1,0,0,0,1,1
pair-05-case-293,etcd KV,revision-state-recode,cycle5,4,0,0,0,1,0,0,0,1,1
pair-05-case-294,etcd KV,revision-state-recode,cycle5,4,0,0,0,1,0,0,0,1,1
pair-05-case-295,etcd KV,revision-state-recode,cycle5,4,0,9,0,1,0,0,0,1,1
pair-05-case-296,etcd KV,revision-state-recode,cycle5,4,0,0,0,1,0,0,0,1,1
pair-05-case-297,etcd KV,revision-state-recode,cycle5,4,0,0,0,1,1,0,0,1,1
pair-05-case-298,etcd KV,revision-state-recode,cycle5,4,0,0,0,1,0,0,0,1,1
pair-05-case-299,etcd KV,revision-state-recode,cycle5,2,0,0,0,1,0,0,0,1,1
pair-05-case-300,etcd KV,revision-state-recode,cycle5,4,0,15,0,1,1,0,0,1,1
pair-05-case-301,etcd KV,revision-state-recode,cycle5,4,0,18,0,1,1,0,0,1,1
pair-05-case-302,etcd KV,revision-state-recode,cycle5,4,0,0,0,1,0,0,0,1,1
pair-05-case-303,etcd KV,revision-state-recode,cycle5,4,0,0,0,1,1,1,0,1,1
pair-05-case-304,etcd KV,revision-state-recode,cycle5,4,0,0,0,1,0,0,0,1,1
pair-05-case-305,etcd KV,revision-state-recode,cycle5,4,0,0,0,1,0,0,0,1,1
pair-05-case-306,etcd KV,revision-state-recode,cycle5,4,0,3,0,1,1,0,0,1,1
pair-05-case-307,etcd KV,revision-state-recode,cycle5,4,0,0,0,1,0,0,0,1,1
pair-05-case-308,etcd KV,revision-state-recode,cycle5,4,0,0,0,1,0,0,0,1,1
pair-05-case-309,etcd KV,revision-state-recode,cycle5,4,0,0,0,1,0,0,0,1,1
pair-05-case-310,etcd KV,revision-state-recode,cycle5,4,0,0,0,1,0,0,0,1,1
pair-05-case-311,etcd KV,revision-state-recode,cycle5,4,0,0,0,1,1,0,0,1,1
pair-05-case-312,etcd KV,revision-state-recode,cycle5,4,0,0,0,1,0,0,0,1,1
pair-05-case-313,etcd KV,revision-state-recode,cycle5,4,0,0,0,1,1,0,0,1,1
pair-05-case-314,etcd KV,revision-state-recode,cycle5,4,0,0,0,1,0,0,0,1,1
pair-05-case-315,etcd KV,revision-state-recode,cycle5,4,0,0,0,1,0,0,0,1,1
pair-05-case-316,etcd KV,revision-state-recode,cycle5,4,0,0,0,1,0,0,0,1,1
pair-05-case-317,etcd KV,revision-state-recode,cycle5,4,0,0,0,1,0,0,0,1,1
pair-05-case-318,etcd KV,revision-state-recode,cycle5,4,0,0,0,1,0,0,0,1,1
pair-05-case-319,etcd KV,revision-state-recode,cycle5,4,0,3,0,1,1,0,0,1,1
pair-05-case-320,etcd KV,revision-state-recode,cycle5,3,0,0,0,1,0,0,0,1,1
pair-05-case-321,etcd KV,revision-state-recode,cycle5,4,0,0,0,1,0,0,0,1,1
pair-05-case-322,etcd KV,revision-state-recode,cycle5,4,0,0,0,1,0,0,0,1,1
pair-05-case-323,etcd KV,revision-state-recode,cycle5,4,0,0,0,1,1,0,0,1,1
pair-05-case-324,etcd KV,revision-state-recode,cycle5,4,0,0,0,1,0,0,0,1,1
pair-05-case-325,etcd KV,revision-state-recode,cycle5,4,0,0,0,1,0,0,0,1,1
pair-05-case-326,etcd KV,revision-state-recode,cycle5,4,0,0,0,1,1,0,0,1,1
pair-05-case-327,etcd KV,revision-state-recode,cycle5,4,0,0,0,1,0,0,0,1,1
pair-05-case-328,etcd KV,revision-state-recode,cycle5,4,0,9,0,1,0,0,0,1,1
pair-05-case-329,etcd KV,revision-state-recode,cycle5,4,0,0,0,1,0,0,0,1,1
pair-05-case-330,etcd KV,revision-state-recode,cycle5,4,0,0,0,1,0,0,0,1,1
pair-05-case-331,etcd KV,revision-state-recode,cycle5,4,0,0,0,1,0,0,0,1,1
pair-05-case-332,etcd KV,revision-state-recode,cycle5,4,0,0,0,1,0,0,0,1,1
pair-05-case-333,etcd KV,revision-state-recode,cycle5,4,0,0,0,1,1,0,0,1,1
pair-05-case-334,etcd KV,revision-state-recode,cycle5,3,0,0,0,1,1,1,0,1,1
pair-05-case-335,etcd KV,revision-state-recode,cycle5,4,0,0,0,1,1,0,0,1,1
pair-05-case-336,etcd KV,revision-state-recode,cycle5,4,0,0,0,1,1,0,0,1,1
pair-05-case-337,etcd KV,revision-state-recode,cycle5,4,0,0,0,1,0,0,0,1,1
pair-05-case-338,etcd KV,revision-state-recode,cycle5,4,0,21,0,1,0,0,1,1,1
pair-05-case-339,etcd KV,revision-state-recode,cycle5,4,0,0,0,1,0,0,0,1,1
pair-05-case-340,etcd KV,revision-state-recode,cycle5,4,0,0,0,1,0,0,0,1,1
pair-05-case-341,etcd KV,revision-state-recode,cycle5,4,0,0,0,1,0,0,0,1,1
pair-05-case-342,etcd KV,revision-state-recode,cycle5,4,0,0,0,1,0,0,0,1,1
pair-05-case-343,etcd KV,revision-state-recode,cycle5,4,0,0,0,1,0,0,0,1,1
pair-05-case-344,etcd KV,revision-state-recode,cycle5,4,0,0,0,1,0,0,0,1,1
pair-05-case-345,etcd KV,revision-state-recode,cycle5,4,0,0,0,1,1,0,0,1,1
pair-05-case-346,etcd KV,revision-state-recode,cycle5,4,0,0,0,1,0,0,0,1,1
pair-05-case-347,etcd KV,revision-state-recode,cycle5,4,0,42,0,1,1,0,0,1,1
pair-05-case-348,etcd KV,revision-state-recode,cycle5,4,0,0,0,1,0,0,0,1,1
pair-05-case-349,etcd KV,revision-state-recode,cycle5,4,0,0,0,1,0,0,0,1,1
pair-05-case-350,etcd KV,revision-state-recode,cycle5,4,0,9,0,1,1,0,0,1,1
pair-05-case-351,etcd KV,revision-state-recode,cycle5,4,0,45,0,1,0,0,1,1,1
pair-05-case-352,etcd KV,revision-state-recode,cycle5,4,0,0,0,1,0,0,0,1,1
pair-05-case-353,etcd KV,revision-state-recode,cycle5,3,0,0,0,1,0,0,0,1,1
pair-05-case-354,etcd KV,revision-state-recode,cycle5,4,0,0,0,1,0,0,0,1,1
pair-05-case-355,etcd KV,revision-state-recode,cycle5,4,0,0,0,1,0,0,0,1,1
pair-05-case-356,etcd KV,revision-state-recode,cycle5,4,0,7,0,1,0,0,0,1,1
pair-05-case-357,etcd KV,revision-state-recode,cycle5,4,0,0,0,1,1,0,0,1,1
pair-05-case-358,etcd KV,revision-state-recode,cycle5,4,0,0,0,1,1,0,0,1,1
pair-05-case-359,etcd KV,revision-state-recode,cycle5,4,0,0,0,1,0,0,0,1,1
pair-05-case-360,etcd KV,revision-state-recode,cycle5,4,0,0,0,1,1,0,0,1,1
pair-05-case-361,etcd KV,revision-state-recode,cycle5,4,0,63,0,1,1,0,0,1,1
pair-05-case-362,etcd KV,revision-state-recode,cycle5,4,0,0,0,1,1,1,0,1,1
pair-05-case-363,etcd KV,revision-state-recode,cycle5,4,0,0,0,1,0,0,0,1,1
pair-05-case-364,etcd KV,revision-state-recode,cycle5,4,0,0,0,1,0,0,0,1,1
pair-05-case-365,etcd KV,revision-state-recode,cycle5,4,0,0,0,1,1,0,0,1,1
pair-05-case-366,etcd KV,revision-state-recode,cycle5,4,0,0,0,1,0,0,0,1,1
pair-05-case-367,etcd KV,revision-state-recode,cycle5,4,0,0,0,1,0,0,0,1,1
pair-05-case-368,etcd KV,revision-state-recode,cycle5,4,0,0,0,1,0,0,0,1,1
pair-05-case-369,etcd KV,revision-state-recode,cycle5,4,0,0,0,1,0,0,0,1,1
pair-05-case-370,etcd KV,revision-state-recode,cycle5,4,0,21,0,1,1,0,1,1,1
pair-05-case-371,etcd KV,revision-state-recode,cycle5,4,0,0,0,1,0,0,0,1,1
pair-05-case-372,etcd KV,revision-state-recode,cycle5,4,0,0,0,1,0,0,0,1,1
pair-05-case-373,etcd KV,revision-state-recode,cycle5,4,0,0,0,1,1,0,0,1,1
pair-05-case-374,etcd KV,revision-state-recode,cycle5,4,0,7,0,1,0,0,1,1,1
pair-05-case-375,etcd KV,revision-state-recode,cycle5,4,0,0,0,1,0,0,0,1,1
pair-05-case-376,etcd KV,revision-state-recode,cycle5,4,0,0,0,1,0,0,0,1,1
pair-05-case-377,etcd KV,revision-state-recode,cycle5,4,0,0,0,1,0,0,0,1,1
pair-05-case-378,etcd KV,revision-state-recode,cycle5,4,0,0,0,1,0,0,0,1,1
pair-05-case-379,etcd KV,revision-state-recode,cycle5,4,0,0,0,1,0,0,0,1,1
pair-05-case-380,etcd KV,revision-state-recode,cycle5,3,0,0,0,1,0,0,0,1,1
pair-05-case-381,etcd KV,revision-state-recode,cycle5,4,0,0,0,1,1,0,0,1,1
pair-05-case-382,etcd KV,revision-state-recode,cycle5,4,0,0,0,1,0,0,0,1,1
pair-05-case-383,etcd KV,revision-state-recode,cycle5,4,0,0,0,1,1,0,0,1,1
pair-05-case-384,etcd KV,revision-state-recode,cycle5,4,0,6,0,1,1,0,0,1,1
pair-05-case-385,etcd KV,revision-state-recode,cycle5,3,0,0,0,1,1,0,0,1,1
pair-05-case-386,etcd KV,revision-state-recode,cycle5,4,0,0,0,1,0,0,0,1,1
pair-05-case-387,etcd KV,revision-state-recode,cycle5,4,0,0,0,1,1,0,0,1,1
pair-05-case-388,etcd KV,revision-state-recode,cycle5,4,0,0,0,1,0,0,0,1,1
pair-05-case-389,etcd KV,revision-state-recode,cycle5,4,0,0,0,1,0,0,0,1,1
pair-05-case-390,etcd KV,revision-state-recode,cycle5,4,0,7,0,1,1,0,0,1,1
pair-05-case-391,etcd KV,revision-state-recode,cycle5,4,0,0,0,1,1,0,0,1,1
pair-05-case-392,etcd KV,revision-state-recode,cycle5,4,0,0,0,1,0,0,0,1,1
pair-05-case-393,etcd KV,revision-state-recode,cycle5,4,0,0,0,1,1,0,0,1,1
pair-05-case-394,etcd KV,revision-state-recode,cycle5,3,1,99,10,0,1,0,1,1,1
pair-05-case-395,etcd KV,revision-state-recode,cycle5,4,0,0,0,1,0,0,0,1,1
pair-05-case-396,etcd KV,revision-state-recode,cycle5,4,0,0,0,1,0,0,0,1,1
pair-05-case-397,etcd KV,revision-state-recode,cycle5,3,0,27,0,1,0,0,1,1,1
pair-05-case-398,etcd KV,revision-state-recode,cycle5,4,0,0,0,1,0,0,0,1,1
pair-05-case-399,etcd KV,revision-state-recode,cycle5,4,0,0,0,1,1,0,0,1,1
pair-05-case-400,etcd KV,revision-state-recode,cycle5,4,0,0,0,1,1,1,0,1,1
pair-05-case-401,etcd KV,revision-state-recode,cycle5,4,0,21,0,1,0,0,0,1,1
pair-05-case-402,etcd KV,revision-state-recode,cycle5,4,0,0,0,1,1,0,0,1,1
pair-05-case-403,etcd KV,revision-state-recode,cycle5,4,0,0,0,1,0,0,0,1,1
pair-05-case-404,etcd KV,revision-state-recode,cycle5,4,0,0,0,1,1,0,0,1,1
pair-05-case-405,etcd KV,revision-state-recode,cycle5,4,0,0,0,1,0,0,0,1,1
pair-05-case-406,etcd KV,revision-state-recode,cycle5,4,0,0,0,1,0,0,0,1,1
pair-05-case-407,etcd KV,revision-state-recode,cycle5,3,0,0,0,1,0,0,0,1,1
pair-05-case-408,etcd KV,revision-state-recode,cycle5,4,0,0,0,1,1,0,0,1,1
pair-05-case-409,etcd KV,revision-state-recode,cycle5,4,0,0,0,1,0,0,0,1,1
pair-05-case-410,etcd KV,revision-state-recode,cycle5,4,0,0,0,1,1,0,0,1,1
pair-05-case-411,etcd KV,revision-state-recode,cycle5,4,0,0,0,1,0,0,0,1,1
pair-05-case-412,etcd KV,revision-state-recode,cycle5,3,0,0,0,1,0,0,0,1,1
pair-05-case-413,etcd KV,revision-state-recode,cycle5,4,0,0,0,1,0,0,0,1,1
pair-05-case-414,etcd KV,revision-state-recode,cycle5,4,0,0,0,1,0,0,0,1,1
pair-05-case-415,etcd KV,revision-state-recode,cycle5,4,0,0,0,1,1,0,0,1,1
pair-05-case-416,etcd KV,revision-state-recode,cycle5,4,0,15,0,1,1,0,0,1,1
pair-05-case-417,etcd KV,revision-state-recode,cycle5,3,0,0,0,1,1,0,0,1,1
pair-05-case-418,etcd KV,revision-state-recode,cycle5,4,0,0,0,1,1,0,0,1,1
pair-05-case-419,etcd KV,revision-state-recode,cycle5,4,0,0,0,1,0,0,0,1,1
pair-05-case-420,etcd KV,revision-state-recode,cycle5,4,0,0,0,1,0,0,0,1,1
pair-05-case-421,etcd KV,revision-state-recode,cycle5,4,0,0,0,1,0,0,0,1,1
pair-05-case-422,etcd KV,revision-state-recode,cycle5,4,0,0,0,1,0,0,0,1,1
pair-05-case-423,etcd KV,revision-state-recode,cycle5,4,0,0,0,1,1,0,0,1,1
pair-05-case-424,etcd KV,revision-state-recode,cycle5,4,0,0,0,1,0,0,0,1,1
pair-05-case-425,etcd KV,revision-state-recode,cycle5,4,0,0,0,1,0,0,0,1,1
pair-05-case-426,etcd KV,revision-state-recode,cycle5,4,0,0,0,1,0,0,0,1,1
pair-05-case-427,etcd KV,revision-state-recode,cycle5,4,0,0,0,1,1,0,0,1,1
pair-05-case-428,etcd KV,revision-state-recode,cycle5,3,0,0,0,1,0,0,0,1,1
pair-05-case-429,etcd KV,revision-state-recode,cycle5,4,0,0,0,1,0,0,0,1,1
pair-05-case-430,etcd KV,revision-state-recode,cycle5,4,0,0,0,1,1,0,0,1,1
pair-05-case-431,etcd KV,revision-state-recode,cycle5,4,0,9,0,1,0,0,0,1,1
pair-05-case-432,etcd KV,revision-state-recode,cycle5,4,0,0,0,1,0,0,0,1,1
pair-05-case-433,etcd KV,revision-state-recode,cycle5,4,0,0,0,1,0,0,0,1,1
pair-05-case-434,etcd KV,revision-state-recode,cycle5,4,0,0,0,1,1,0,0,1,1
pair-05-case-435,etcd KV,revision-state-recode,cycle5,4,0,0,0,1,0,0,0,1,1
pair-05-case-436,etcd KV,revision-state-recode,cycle5,4,0,0,0,1,1,0,0,1,1
pair-05-case-437,etcd KV,revision-state-recode,cycle5,4,0,0,0,1,0,0,0,1,1
pair-05-case-438,etcd KV,revision-state-recode,cycle5,4,0,0,0,1,0,0,0,1,1
pair-05-case-439,etcd KV,revision-state-recode,cycle5,4,0,0,0,1,0,0,0,1,1
pair-05-case-440,etcd KV,revision-state-recode,cycle5,4,0,9,0,1,0,0,0,1,1
pair-05-case-441,etcd KV,revision-state-recode,cycle5,4,0,0,0,1,1,0,0,1,1
pair-05-case-442,etcd KV,revision-state-recode,cycle5,4,0,0,0,1,1,0,0,1,1
pair-05-case-443,etcd KV,revision-state-recode,cycle5,4,0,0,0,1,1,0,0,1,1
pair-05-case-444,etcd KV,revision-state-recode,cycle5,3,0,0,0,1,0,0,0,1,1
pair-05-case-445,etcd KV,revision-state-recode,cycle5,4,0,0,0,1,1,0,0,1,1
pair-05-case-446,etcd KV,revision-state-recode,cycle5,4,0,0,0,1,0,0,0,1,1
pair-05-case-447,etcd KV,revision-state-recode,cycle5,4,0,0,0,1,1,0,0,1,1
pair-05-case-448,etcd KV,revision-state-recode,cycle5,4,0,0,0,1,0,0,0,1,1
pair-05-case-449,etcd KV,revision-state-recode,cycle5,4,0,0,0,1,0,0,0,1,1
pair-05-case-450,etcd KV,revision-state-recode,cycle5,4,0,0,0,1,0,0,0,1,1
pair-05-case-451,etcd KV,revision-state-recode,cycle5,4,0,0,0,1,0,0,0,1,1
pair-05-case-452,etcd KV,revision-state-recode,cycle5,4,0,0,0,1,1,0,0,1,1
pair-05-case-453,etcd KV,revision-state-recode,cycle5,4,0,0,0,1,0,0,0,1,1
pair-05-case-454,etcd KV,revision-state-recode,cycle5,4,0,0,0,1,0,0,0,1,1
pair-05-case-455,etcd KV,revision-state-recode,cycle5,4,0,0,0,1,0,0,0,1,1
pair-05-case-456,etcd KV,revision-state-recode,cycle5,4,0,0,0,1,0,0,0,1,1
pair-05-case-457,etcd KV,revision-state-recode,cycle5,4,0,0,0,1,0,0,0,1,1
pair-05-case-458,etcd KV,revision-state-recode,cycle5,4,0,0,0,1,0,0,0,1,1
pair-05-case-459,etcd KV,revision-state-recode,cycle5,4,0,0,0,1,1,0,0,1,1
pair-05-case-460,etcd KV,revision-state-recode,cycle5,4,0,0,0,1,0,0,0,1,1
pair-05-case-461,etcd KV,revision-state-recode,cycle5,4,0,0,0,1,0,0,0,1,1
pair-05-case-462,etcd KV,revision-state-recode,cycle5,3,0,9,0,1,0,0,1,1,1
pair-05-case-463,etcd KV,revision-state-recode,cycle5,4,0,0,0,1,0,0,0,1,1
pair-05-case-464,etcd KV,revision-state-recode,cycle5,4,0,0,0,1,0,0,0,1,1
pair-05-case-465,etcd KV,revision-state-recode,cycle5,4,0,0,0,1,0,0,0,1,1
pair-05-case-466,etcd KV,revision-state-recode,cycle5,4,0,0,0,1,1,0,0,1,1
pair-05-case-467,etcd KV,revision-state-recode,cycle5,4,0,0,0,1,0,0,0,1,1
pair-05-case-468,etcd KV,revision-state-recode,cycle5,4,0,0,0,1,1,0,0,1,1
pair-05-case-469,etcd KV,revision-state-recode,cycle5,4,0,0,0,1,0,0,0,1,1
pair-05-case-470,etcd KV,revision-state-recode,cycle5,4,0,0,0,1,0,0,0,1,1
pair-05-case-471,etcd KV,revision-state-recode,cycle5,3,0,0,0,1,0,0,0,1,1
pair-05-case-472,etcd KV,revision-state-recode,cycle5,4,0,0,0,1,0,0,0,1,1
pair-05-case-473,etcd KV,revision-state-recode,cycle5,4,0,0,0,1,0,0,0,1,1
pair-05-case-474,etcd KV,revision-state-recode,cycle5,4,0,0,0,1,0,0,0,1,1
pair-05-case-475,etcd KV,revision-state-recode,cycle5,4,0,0,0,1,1,0,0,1,1
pair-05-case-476,etcd KV,revision-state-recode,cycle5,4,0,21,0,1,1,0,0,1,1
pair-05-case-477,etcd KV,revision-state-recode,cycle5,4,0,0,0,1,0,0,0,1,1
pair-05-case-478,etcd KV,revision-state-recode,cycle5,4,0,0,0,1,0,0,0,1,1
pair-05-case-479,etcd KV,revision-state-recode,cycle5,4,0,0,0,1,0,0,0,1,1
pair-05-case-480,etcd KV,revision-state-recode,cycle5,4,0,0,0,1,0,0,0,1,1
pair-05-case-481,etcd KV,revision-state-recode,cycle5,4,0,0,0,1,0,0,0,1,1
pair-05-case-482,etcd KV,revision-state-recode,cycle5,4,0,0,0,1,1,0,0,1,1
pair-05-case-483,etcd KV,revision-state-recode,cycle5,4,0,0,0,1,0,0,0,1,1
pair-05-case-484,etcd KV,revision-state-recode,cycle5,4,0,0,0,1,0,0,0,1,1
pair-05-case-485,etcd KV,revision-state-recode,cycle5,4,0,0,0,1,1,0,0,1,1
pair-05-case-486,etcd KV,revision-state-recode,cycle5,4,0,0,0,1,0,0,0,1,1
pair-05-case-487,etcd KV,revision-state-recode,cycle5,4,0,9,0,1,0,0,0,1,1
pair-05-case-488,etcd KV,revision-state-recode,cycle5,4,0,0,0,1,0,0,0,1,1
pair-05-case-489,etcd KV,revision-state-recode,cycle5,4,0,0,0,1,0,0,0,1,1
pair-05-case-490,etcd KV,revision-state-recode,cycle5,3,0,0,0,1,0,0,0,1,1
pair-05-case-491,etcd KV,revision-state-recode,cycle5,4,0,0,0,1,1,0,0,1,1
pair-05-case-492,etcd KV,revision-state-recode,cycle5,4,0,0,0,1,0,0,0,1,1
pair-05-case-493,etcd KV,revision-state-recode,cycle5,3,0,0,0,1,0,0,0,1,1
pair-05-case-494,etcd KV,revision-state-recode,cycle5,4,0,9,0,1,0,0,0,1,1
pair-05-case-495,etcd KV,revision-state-recode,cycle5,3,0,0,0,1,0,0,0,1,1
pair-05-case-496,etcd KV,revision-state-recode,cycle5,4,0,7,0,1,0,0,0,1,1
pair-05-case-497,etcd KV,revision-state-recode,cycle5,4,0,0,0,1,0,0,0,1,1
pair-05-case-498,etcd KV,revision-state-recode,cycle5,4,0,0,0,1,1,0,0,1,1
pair-05-case-499,etcd KV,revision-state-recode,cycle5,4,0,0,0,1,0,0,0,1,1
pair-06-case-000,etcd Lease,renewal-session-bridge,fanout4,0,1,81,8,0,1,1,1,1,1
pair-06-case-001,etcd Lease,renewal-session-bridge,fanout4,1,0,0,0,1,0,0,0,1,1
pair-06-case-002,etcd Lease,renewal-session-bridge,fanout4,1,0,27,0,1,0,0,1,1,1
pair-06-case-003,etcd Lease,renewal-session-bridge,fanout4,1,0,0,0,1,1,1,0,1,1
pair-06-case-004,etcd Lease,renewal-session-bridge,fanout4,1,0,0,0,1,1,1,0,1,1
pair-06-case-005,etcd Lease,renewal-session-bridge,fanout4,1,0,27,0,1,1,0,1,1,1
pair-06-case-006,etcd Lease,renewal-session-bridge,fanout4,1,0,0,0,1,0,0,0,1,1
pair-06-case-007,etcd Lease,renewal-session-bridge,fanout4,1,0,27,0,1,0,0,1,1,1
pair-06-case-008,etcd Lease,renewal-session-bridge,fanout4,1,0,27,0,1,1,1,0,1,1
pair-06-case-009,etcd Lease,renewal-session-bridge,fanout4,1,0,0,0,1,1,1,0,1,1
pair-06-case-010,etcd Lease,renewal-session-bridge,fanout4,1,0,0,0,1,1,1,0,1,1
pair-06-case-011,etcd Lease,renewal-session-bridge,fanout4,1,0,27,0,1,1,0,1,1,1
pair-06-case-012,etcd Lease,renewal-session-bridge,fanout4,1,0,0,0,1,0,0,0,1,1
pair-06-case-013,etcd Lease,renewal-session-bridge,fanout4,1,0,27,0,1,0,0,1,1,1
pair-06-case-014,etcd Lease,renewal-session-bridge,fanout4,1,0,27,0,1,1,1,0,1,1
pair-06-case-015,etcd Lease,renewal-session-bridge,fanout4,1,0,0,0,1,1,1,0,1,1
pair-06-case-016,etcd Lease,renewal-session-bridge,fanout4,1,0,0,0,1,1,1,0,1,1
pair-06-case-017,etcd Lease,renewal-session-bridge,fanout4,1,0,27,0,1,1,0,1,1,1
pair-06-case-018,etcd Lease,renewal-session-bridge,fanout4,1,0,0,0,1,0,0,0,1,1
pair-06-case-019,etcd Lease,renewal-session-bridge,fanout4,1,0,27,0,1,0,0,1,1,1
pair-06-case-020,etcd Lease,renewal-session-bridge,fanout4,1,0,27,0,1,1,1,0,1,1
pair-06-case-021,etcd Lease,renewal-session-bridge,fanout4,1,0,0,0,1,1,1,0,1,1
pair-06-case-022,etcd Lease,renewal-session-bridge,fanout4,1,0,0,0,1,1,1,0,1,1
pair-06-case-023,etcd Lease,renewal-session-bridge,fanout4,1,0,27,0,1,1,0,1,1,1
pair-06-case-024,etcd Lease,renewal-session-bridge,fanout4,1,1,63,8,0,1,0,1,1,1
pair-06-case-025,etcd Lease,renewal-session-bridge,fanout4,1,1,63,8,0,1,0,1,1,1
pair-06-case-026,etcd Lease,renewal-session-bridge,fanout4,1,1,63,8,0,1,0,1,1,1
pair-06-case-027,etcd Lease,renewal-session-bridge,fanout4,1,1,63,8,0,1,0,1,1,1
pair-06-case-028,etcd Lease,renewal-session-bridge,fanout4,1,1,63,8,0,1,0,1,1,1
pair-06-case-029,etcd Lease,renewal-session-bridge,fanout4,1,1,63,8,0,1,0,1,1,1
pair-06-case-030,etcd Lease,renewal-session-bridge,fanout4,1,1,63,8,0,1,0,1,1,1
pair-06-case-031,etcd Lease,renewal-session-bridge,fanout4,1,1,63,8,0,1,0,1,1,1
pair-06-case-032,etcd Lease,renewal-session-bridge,fanout4,4,1,25,8,0,1,0,1,1,1
pair-06-case-033,etcd Lease,renewal-session-bridge,fanout4,2,1,49,8,0,1,0,1,1,1
pair-06-case-034,etcd Lease,renewal-session-bridge,fanout4,4,1,31,8,0,1,0,1,1,1
pair-06-case-035,etcd Lease,renewal-session-bridge,fanout4,4,1,27,8,0,1,0,1,1,1
pair-06-case-036,etcd Lease,renewal-session-bridge,fanout4,4,1,31,8,0,1,0,1,1,1
pair-06-case-037,etcd Lease,renewal-session-bridge,fanout4,4,1,25,8,0,1,0,1,1,1
pair-06-case-038,etcd Lease,renewal-session-bridge,fanout4,4,1,37,8,0,1,0,1,1,1
pair-06-case-039,etcd Lease,renewal-session-bridge,fanout4,3,1,45,8,0,1,0,1,1,1
pair-06-case-040,etcd Lease,renewal-session-bridge,fanout4,2,1,51,8,0,1,0,1,1,1
pair-06-case-041,etcd Lease,renewal-session-bridge,fanout4,4,1,27,8,0,1,0,1,1,1
pair-06-case-042,etcd Lease,renewal-session-bridge,fanout4,2,1,45,8,0,1,0,1,1,1
pair-06-case-043,etcd Lease,renewal-session-bridge,fanout4,2,1,45,8,0,1,0,1,1,1
pair-06-case-044,etcd Lease,renewal-session-bridge,fanout4,4,1,23,8,0,1,0,1,1,1
pair-06-case-045,etcd Lease,renewal-session-bridge,fanout4,3,1,37,8,0,1,0,1,1,1
pair-06-case-046,etcd Lease,renewal-session-bridge,fanout4,4,1,25,8,0,1,0,1,1,1
pair-06-case-047,etcd Lease,renewal-session-bridge,fanout4,4,1,29,8,0,1,0,1,1,1
pair-06-case-048,etcd Lease,renewal-session-bridge,fanout4,4,1,31,8,0,1,0,1,1,1
pair-06-case-049,etcd Lease,renewal-session-bridge,fanout4,4,1,26,8,0,1,0,1,1,1
pair-06-case-050,etcd Lease,renewal-session-bridge,fanout4,4,1,27,8,0,1,0,1,1,1
pair-06-case-051,etcd Lease,renewal-session-bridge,fanout4,4,1,29,8,0,1,0,1,1,1
pair-06-case-052,etcd Lease,renewal-session-bridge,fanout4,4,1,27,8,0,1,0,1,1,1
pair-06-case-053,etcd Lease,renewal-session-bridge,fanout4,4,1,31,8,0,1,0,1,1,1
pair-06-case-054,etcd Lease,renewal-session-bridge,fanout4,4,1,26,8,0,1,0,1,1,1
pair-06-case-055,etcd Lease,renewal-session-bridge,fanout4,4,1,33,8,0,1,0,1,1,1
pair-06-case-056,etcd Lease,renewal-session-bridge,fanout4,4,1,31,8,0,1,0,1,1,1
pair-06-case-057,etcd Lease,renewal-session-bridge,fanout4,4,1,27,8,0,1,0,1,1,1
pair-06-case-058,etcd Lease,renewal-session-bridge,fanout4,4,1,37,8,0,1,0,1,1,1
pair-06-case-059,etcd Lease,renewal-session-bridge,fanout4,4,1,31,8,0,1,0,1,1,1
pair-06-case-060,etcd Lease,renewal-session-bridge,fanout4,3,1,33,8,0,1,0,1,1,1
pair-06-case-061,etcd Lease,renewal-session-bridge,fanout4,2,1,51,8,0,1,0,1,1,1
pair-06-case-062,etcd Lease,renewal-session-bridge,fanout4,2,1,51,8,0,1,0,1,1,1
pair-06-case-063,etcd Lease,renewal-session-bridge,fanout4,2,1,45,8,0,1,0,1,1,1
pair-06-case-064,etcd Lease,renewal-session-bridge,fanout4,3,1,37,8,0,1,0,1,1,1
pair-06-case-065,etcd Lease,renewal-session-bridge,fanout4,3,1,41,8,0,1,0,1,1,1
pair-06-case-066,etcd Lease,renewal-session-bridge,fanout4,3,1,43,8,0,1,0,1,1,1
pair-06-case-067,etcd Lease,renewal-session-bridge,fanout4,3,1,39,8,0,1,0,1,1,1
pair-06-case-068,etcd Lease,renewal-session-bridge,fanout4,4,1,29,8,0,1,0,1,1,1
pair-06-case-069,etcd Lease,renewal-session-bridge,fanout4,3,1,36,8,0,1,0,1,1,1
pair-06-case-070,etcd Lease,renewal-session-bridge,fanout4,4,1,35,8,0,1,0,1,1,1
pair-06-case-071,etcd Lease,renewal-session-bridge,fanout4,2,1,49,8,0,1,0,1,1,1
pair-06-case-072,etcd Lease,renewal-session-bridge,fanout4,4,1,23,8,0,1,0,1,1,1
pair-06-case-073,etcd Lease,renewal-session-bridge,fanout4,3,1,37,8,0,1,0,1,1,1
pair-06-case-074,etcd Lease,renewal-session-bridge,fanout4,4,1,26,8,0,1,0,1,1,1
pair-06-case-075,etcd Lease,renewal-session-bridge,fanout4,4,1,26,8,0,1,0,1,1,1
pair-06-case-076,etcd Lease,renewal-session-bridge,fanout4,3,1,33,8,0,1,0,1,1,1
pair-06-case-077,etcd Lease,renewal-session-bridge,fanout4,3,1,39,8,0,1,0,1,1,1
pair-06-case-078,etcd Lease,renewal-session-bridge,fanout4,4,1,23,8,0,1,0,1,1,1
pair-06-case-079,etcd Lease,renewal-session-bridge,fanout4,2,1,49,8,0,1,0,1,1,1
pair-06-case-080,etcd Lease,renewal-session-bridge,fanout4,3,1,31,8,0,1,0,1,1,1
pair-06-case-081,etcd Lease,renewal-session-bridge,fanout4,3,1,45,8,0,1,0,1,1,1
pair-06-case-082,etcd Lease,renewal-session-bridge,fanout4,4,1,31,8,0,1,0,1,1,1
pair-06-case-083,etcd Lease,renewal-session-bridge,fanout4,2,1,57,8,0,1,0,1,1,1
pair-06-case-084,etcd Lease,renewal-session-bridge,fanout4,3,1,36,8,0,1,0,1,1,1
pair-06-case-085,etcd Lease,renewal-session-bridge,fanout4,4,1,20,8,0,1,0,1,1,1
pair-06-case-086,etcd Lease,renewal-session-bridge,fanout4,4,1,25,8,0,1,0,1,1,1
pair-06-case-087,etcd Lease,renewal-session-bridge,fanout4,4,1,25,8,0,1,0,1,1,1
pair-06-case-088,etcd Lease,renewal-session-bridge,fanout4,2,1,45,8,0,1,0,1,1,1
pair-06-case-089,etcd Lease,renewal-session-bridge,fanout4,4,1,26,8,0,1,0,1,1,1
pair-06-case-090,etcd Lease,renewal-session-bridge,fanout4,4,1,33,8,0,1,0,1,1,1
pair-06-case-091,etcd Lease,renewal-session-bridge,fanout4,4,1,27,8,0,1,0,1,1,1
pair-06-case-092,etcd Lease,renewal-session-bridge,fanout4,3,1,31,8,0,1,0,1,1,1
pair-06-case-093,etcd Lease,renewal-session-bridge,fanout4,2,1,49,8,0,1,0,1,1,1
pair-06-case-094,etcd Lease,renewal-session-bridge,fanout4,2,1,51,8,0,1,0,1,1,1
pair-06-case-095,etcd Lease,renewal-session-bridge,fanout4,2,1,49,8,0,1,0,1,1,1
pair-06-case-096,etcd Lease,renewal-session-bridge,fanout4,4,1,27,8,0,1,0,1,1,1
pair-06-case-097,etcd Lease,renewal-session-bridge,fanout4,3,1,31,8,0,1,0,1,1,1
pair-06-case-098,etcd Lease,renewal-session-bridge,fanout4,3,1,39,8,0,1,0,1,1,1
pair-06-case-099,etcd Lease,renewal-session-bridge,fanout4,4,1,31,8,0,1,0,1,1,1
pair-06-case-100,etcd Lease,renewal-session-bridge,fanout4,4,1,26,8,0,1,0,1,1,1
pair-06-case-101,etcd Lease,renewal-session-bridge,fanout4,4,1,29,8,0,1,0,1,1,1
pair-06-case-102,etcd Lease,renewal-session-bridge,fanout4,3,1,37,8,0,1,0,1,1,1
pair-06-case-103,etcd Lease,renewal-session-bridge,fanout4,3,1,36,8,0,1,0,1,1,1
pair-06-case-104,etcd Lease,renewal-session-bridge,fanout4,4,1,27,8,0,1,0,1,1,1
pair-06-case-105,etcd Lease,renewal-session-bridge,fanout4,4,1,31,8,0,1,0,1,1,1
pair-06-case-106,etcd Lease,renewal-session-bridge,fanout4,3,1,34,8,0,1,0,1,1,1
pair-06-case-107,etcd Lease,renewal-session-bridge,fanout4,4,1,29,8,0,1,0,1,1,1
pair-06-case-108,etcd Lease,renewal-session-bridge,fanout4,4,1,29,8,0,1,0,1,1,1
pair-06-case-109,etcd Lease,renewal-session-bridge,fanout4,4,1,20,8,0,1,0,1,1,1
pair-06-case-110,etcd Lease,renewal-session-bridge,fanout4,4,1,23,8,0,1,0,1,1,1
pair-06-case-111,etcd Lease,renewal-session-bridge,fanout4,2,1,45,8,0,1,0,1,1,1
pair-06-case-112,etcd Lease,renewal-session-bridge,fanout4,3,1,35,8,0,1,0,1,1,1
pair-06-case-113,etcd Lease,renewal-session-bridge,fanout4,3,1,33,8,0,1,0,1,1,1
pair-06-case-114,etcd Lease,renewal-session-bridge,fanout4,3,1,31,8,0,1,0,1,1,1
pair-06-case-115,etcd Lease,renewal-session-bridge,fanout4,2,1,48,8,0,1,0,1,1,1
pair-06-case-116,etcd Lease,renewal-session-bridge,fanout4,2,1,57,8,0,1,0,1,1,1
pair-06-case-117,etcd Lease,renewal-session-bridge,fanout4,3,1,34,8,0,1,0,1,1,1
pair-06-case-118,etcd Lease,renewal-session-bridge,fanout4,3,1,33,8,0,1,0,1,1,1
pair-06-case-119,etcd Lease,renewal-session-bridge,fanout4,4,1,26,8,0,1,0,1,1,1
pair-06-case-120,etcd Lease,renewal-session-bridge,fanout4,3,1,41,8,0,1,0,1,1,1
pair-06-case-121,etcd Lease,renewal-session-bridge,fanout4,4,1,21,8,0,1,0,1,1,1
pair-06-case-122,etcd Lease,renewal-session-bridge,fanout4,4,1,27,8,0,1,0,1,1,1
pair-06-case-123,etcd Lease,renewal-session-bridge,fanout4,3,1,45,8,0,1,0,1,1,1
pair-06-case-124,etcd Lease,renewal-session-bridge,fanout4,3,1,35,8,0,1,0,1,1,1
pair-06-case-125,etcd Lease,renewal-session-bridge,fanout4,4,1,27,8,0,1,0,1,1,1
pair-06-case-126,etcd Lease,renewal-session-bridge,fanout4,3,1,39,8,0,1,0,1,1,1
pair-06-case-127,etcd Lease,renewal-session-bridge,fanout4,4,1,25,8,0,1,0,1,1,1
pair-06-case-128,etcd Lease,renewal-session-bridge,fanout4,4,0,0,0,1,0,0,0,1,1
pair-06-case-129,etcd Lease,renewal-session-bridge,fanout4,4,0,21,0,1,0,0,1,1,1
pair-06-case-130,etcd Lease,renewal-session-bridge,fanout4,4,0,0,0,1,1,0,0,1,1
pair-06-case-131,etcd Lease,renewal-session-bridge,fanout4,4,0,0,0,1,0,0,0,1,1
pair-06-case-132,etcd Lease,renewal-session-bridge,fanout4,4,0,0,0,1,0,0,0,1,1
pair-06-case-133,etcd Lease,renewal-session-bridge,fanout4,4,0,7,0,1,1,0,0,1,1
pair-06-case-134,etcd Lease,renewal-session-bridge,fanout4,4,0,0,0,1,0,0,0,1,1
pair-06-case-135,etcd Lease,renewal-session-bridge,fanout4,3,0,0,0,1,1,0,0,1,1
pair-06-case-136,etcd Lease,renewal-session-bridge,fanout4,4,0,0,0,1,1,0,0,1,1
pair-06-case-137,etcd Lease,renewal-session-bridge,fanout4,3,0,0,0,1,0,0,0,1,1
pair-06-case-138,etcd Lease,renewal-session-bridge,fanout4,4,0,0,0,1,0,0,0,1,1
pair-06-case-139,etcd Lease,renewal-session-bridge,fanout4,4,0,0,0,1,1,0,0,1,1
pair-06-case-140,etcd Lease,renewal-session-bridge,fanout4,4,0,0,0,1,0,0,0,1,1
pair-06-case-141,etcd Lease,renewal-session-bridge,fanout4,4,0,0,0,1,1,0,0,1,1
pair-06-case-142,etcd Lease,renewal-session-bridge,fanout4,4,0,1,0,1,0,0,0,1,1
pair-06-case-143,etcd Lease,renewal-session-bridge,fanout4,3,0,0,0,1,0,0,0,1,1
pair-06-case-144,etcd Lease,renewal-session-bridge,fanout4,4,0,0,0,1,0,0,0,1,1
pair-06-case-145,etcd Lease,renewal-session-bridge,fanout4,3,0,7,0,1,1,0,1,1,1
pair-06-case-146,etcd Lease,renewal-session-bridge,fanout4,4,0,0,0,1,1,0,0,1,1
pair-06-case-147,etcd Lease,renewal-session-bridge,fanout4,4,0,0,0,1,0,0,0,1,1
pair-06-case-148,etcd Lease,renewal-session-bridge,fanout4,4,0,0,0,1,1,0,0,1,1
pair-06-case-149,etcd Lease,renewal-session-bridge,fanout4,4,0,0,0,1,0,0,0,1,1
pair-06-case-150,etcd Lease,renewal-session-bridge,fanout4,4,0,0,0,1,1,0,0,1,1
pair-06-case-151,etcd Lease,renewal-session-bridge,fanout4,3,0,0,0,1,1,0,0,1,1
pair-06-case-152,etcd Lease,renewal-session-bridge,fanout4,4,0,14,0,1,0,0,1,1,1
pair-06-case-153,etcd Lease,renewal-session-bridge,fanout4,4,0,0,0,1,0,0,0,1,1
pair-06-case-154,etcd Lease,renewal-session-bridge,fanout4,4,0,0,0,1,0,0,0,1,1
pair-06-case-155,etcd Lease,renewal-session-bridge,fanout4,4,0,0,0,1,0,0,0,1,1
pair-06-case-156,etcd Lease,renewal-session-bridge,fanout4,4,0,0,0,1,0,0,0,1,1
pair-06-case-157,etcd Lease,renewal-session-bridge,fanout4,4,0,0,0,1,0,0,0,1,1
pair-06-case-158,etcd Lease,renewal-session-bridge,fanout4,4,0,0,0,1,0,0,0,1,1
pair-06-case-159,etcd Lease,renewal-session-bridge,fanout4,4,0,9,0,1,1,0,0,1,1
pair-06-case-160,etcd Lease,renewal-session-bridge,fanout4,3,0,0,0,1,1,1,0,1,1
pair-06-case-161,etcd Lease,renewal-session-bridge,fanout4,4,0,0,0,1,0,0,0,1,1
pair-06-case-162,etcd Lease,renewal-session-bridge,fanout4,4,0,0,0,1,0,0,0,1,1
pair-06-case-163,etcd Lease,renewal-session-bridge,fanout4,4,0,0,0,1,0,0,0,1,1
pair-06-case-164,etcd Lease,renewal-session-bridge,fanout4,4,0,0,0,1,1,0,0,1,1
pair-06-case-165,etcd Lease,renewal-session-bridge,fanout4,4,0,0,0,1,0,0,0,1,1
pair-06-case-166,etcd Lease,renewal-session-bridge,fanout4,4,0,0,0,1,0,0,0,1,1
pair-06-case-167,etcd Lease,renewal-session-bridge,fanout4,4,0,0,0,1,1,0,0,1,1
pair-06-case-168,etcd Lease,renewal-session-bridge,fanout4,3,0,0,0,1,0,0,0,1,1
pair-06-case-169,etcd Lease,renewal-session-bridge,fanout4,4,0,0,0,1,0,0,0,1,1
pair-06-case-170,etcd Lease,renewal-session-bridge,fanout4,4,0,0,0,1,0,0,0,1,1
pair-06-case-171,etcd Lease,renewal-session-bridge,fanout4,4,0,0,0,1,0,0,0,1,1
pair-06-case-172,etcd Lease,renewal-session-bridge,fanout4,4,0,0,0,1,0,0,0,1,1
pair-06-case-173,etcd Lease,renewal-session-bridge,fanout4,3,0,0,0,1,0,0,0,1,1
pair-06-case-174,etcd Lease,renewal-session-bridge,fanout4,3,0,0,0,1,0,0,0,1,1
pair-06-case-175,etcd Lease,renewal-session-bridge,fanout4,4,0,0,0,1,0,0,0,1,1
pair-06-case-176,etcd Lease,renewal-session-bridge,fanout4,4,0,0,0,1,1,0,0,1,1
pair-06-case-177,etcd Lease,renewal-session-bridge,fanout4,4,0,0,0,1,0,0,0,1,1
pair-06-case-178,etcd Lease,renewal-session-bridge,fanout4,4,0,0,0,1,1,0,0,1,1
pair-06-case-179,etcd Lease,renewal-session-bridge,fanout4,4,0,0,0,1,0,0,0,1,1
pair-06-case-180,etcd Lease,renewal-session-bridge,fanout4,4,0,0,0,1,0,0,0,1,1
pair-06-case-181,etcd Lease,renewal-session-bridge,fanout4,4,0,0,0,1,0,0,0,1,1
pair-06-case-182,etcd Lease,renewal-session-bridge,fanout4,4,0,0,0,1,0,0,0,1,1
pair-06-case-183,etcd Lease,renewal-session-bridge,fanout4,4,0,0,0,1,0,0,0,1,1
pair-06-case-184,etcd Lease,renewal-session-bridge,fanout4,3,0,0,0,1,1,0,0,1,1
pair-06-case-185,etcd Lease,renewal-session-bridge,fanout4,4,0,0,0,1,0,0,0,1,1
pair-06-case-186,etcd Lease,renewal-session-bridge,fanout4,4,0,0,0,1,0,0,0,1,1
pair-06-case-187,etcd Lease,renewal-session-bridge,fanout4,4,0,0,0,1,1,0,0,1,1
pair-06-case-188,etcd Lease,renewal-session-bridge,fanout4,4,0,0,0,1,0,0,0,1,1
pair-06-case-189,etcd Lease,renewal-session-bridge,fanout4,4,0,0,0,1,1,0,0,1,1
pair-06-case-190,etcd Lease,renewal-session-bridge,fanout4,4,0,0,0,1,0,0,0,1,1
pair-06-case-191,etcd Lease,renewal-session-bridge,fanout4,4,0,0,0,1,1,0,0,1,1
pair-06-case-192,etcd Lease,renewal-session-bridge,fanout4,4,0,0,0,1,1,0,0,1,1
pair-06-case-193,etcd Lease,renewal-session-bridge,fanout4,4,0,0,0,1,0,0,0,1,1
pair-06-case-194,etcd Lease,renewal-session-bridge,fanout4,4,0,0,0,1,0,0,0,1,1
pair-06-case-195,etcd Lease,renewal-session-bridge,fanout4,4,0,0,0,1,0,0,0,1,1
pair-06-case-196,etcd Lease,renewal-session-bridge,fanout4,4,0,0,0,1,0,0,0,1,1
pair-06-case-197,etcd Lease,renewal-session-bridge,fanout4,4,0,6,0,1,0,0,0,1,1
pair-06-case-198,etcd Lease,renewal-session-bridge,fanout4,4,0,0,0,1,0,0,0,1,1
pair-06-case-199,etcd Lease,renewal-session-bridge,fanout4,4,0,0,0,1,0,0,0,1,1
pair-06-case-200,etcd Lease,renewal-session-bridge,fanout4,4,0,1,0,1,1,0,0,1,1
pair-06-case-201,etcd Lease,renewal-session-bridge,fanout4,4,0,0,0,1,0,0,0,1,1
pair-06-case-202,etcd Lease,renewal-session-bridge,fanout4,4,0,0,0,1,0,0,0,1,1
pair-06-case-203,etcd Lease,renewal-session-bridge,fanout4,4,0,9,0,1,0,0,0,1,1
pair-06-case-204,etcd Lease,renewal-session-bridge,fanout4,4,0,0,0,1,0,0,0,1,1
pair-06-case-205,etcd Lease,renewal-session-bridge,fanout4,4,0,0,0,1,0,0,0,1,1
pair-06-case-206,etcd Lease,renewal-session-bridge,fanout4,4,0,0,0,1,0,0,0,1,1
pair-06-case-207,etcd Lease,renewal-session-bridge,fanout4,4,0,0,0,1,0,0,0,1,1
pair-06-case-208,etcd Lease,renewal-session-bridge,fanout4,4,0,0,0,1,0,0,0,1,1
pair-06-case-209,etcd Lease,renewal-session-bridge,fanout4,4,0,0,0,1,1,0,0,1,1
pair-06-case-210,etcd Lease,renewal-session-bridge,fanout4,4,0,0,0,1,1,0,0,1,1
pair-06-case-211,etcd Lease,renewal-session-bridge,fanout4,4,0,0,0,1,0,0,0,1,1
pair-06-case-212,etcd Lease,renewal-session-bridge,fanout4,4,0,0,0,1,1,0,0,1,1
pair-06-case-213,etcd Lease,renewal-session-bridge,fanout4,3,0,3,0,1,0,0,1,1,1
pair-06-case-214,etcd Lease,renewal-session-bridge,fanout4,4,0,0,0,1,0,0,0,1,1
pair-06-case-215,etcd Lease,renewal-session-bridge,fanout4,4,0,0,0,1,0,0,0,1,1
pair-06-case-216,etcd Lease,renewal-session-bridge,fanout4,4,0,0,0,1,1,1,0,1,1
pair-06-case-217,etcd Lease,renewal-session-bridge,fanout4,4,0,3,0,1,0,0,1,1,1
pair-06-case-218,etcd Lease,renewal-session-bridge,fanout4,4,0,0,0,1,0,0,0,1,1
pair-06-case-219,etcd Lease,renewal-session-bridge,fanout4,4,0,0,0,1,0,0,0,1,1
pair-06-case-220,etcd Lease,renewal-session-bridge,fanout4,4,0,0,0,1,0,0,0,1,1
pair-06-case-221,etcd Lease,renewal-session-bridge,fanout4,4,0,3,0,1,0,0,1,1,1
pair-06-case-222,etcd Lease,renewal-session-bridge,fanout4,4,0,0,0,1,1,0,0,1,1
pair-06-case-223,etcd Lease,renewal-session-bridge,fanout4,4,0,0,0,1,0,0,0,1,1
pair-06-case-224,etcd Lease,renewal-session-bridge,fanout4,4,0,0,0,1,0,0,0,1,1
pair-06-case-225,etcd Lease,renewal-session-bridge,fanout4,4,0,0,0,1,1,0,0,1,1
pair-06-case-226,etcd Lease,renewal-session-bridge,fanout4,4,0,0,0,1,0,0,0,1,1
pair-06-case-227,etcd Lease,renewal-session-bridge,fanout4,4,0,0,0,1,0,0,0,1,1
pair-06-case-228,etcd Lease,renewal-session-bridge,fanout4,4,0,0,0,1,0,0,0,1,1
pair-06-case-229,etcd Lease,renewal-session-bridge,fanout4,4,0,3,0,1,0,0,1,1,1
pair-06-case-230,etcd Lease,renewal-session-bridge,fanout4,4,0,21,0,1,0,0,0,1,1
pair-06-case-231,etcd Lease,renewal-session-bridge,fanout4,4,0,0,0,1,0,0,0,1,1
pair-06-case-232,etcd Lease,renewal-session-bridge,fanout4,4,0,0,0,1,0,0,0,1,1
pair-06-case-233,etcd Lease,renewal-session-bridge,fanout4,4,0,0,0,1,0,0,0,1,1
pair-06-case-234,etcd Lease,renewal-session-bridge,fanout4,4,0,0,0,1,1,0,0,1,1
pair-06-case-235,etcd Lease,renewal-session-bridge,fanout4,4,0,0,0,1,0,0,0,1,1
pair-06-case-236,etcd Lease,renewal-session-bridge,fanout4,4,0,0,0,1,0,0,0,1,1
pair-06-case-237,etcd Lease,renewal-session-bridge,fanout4,4,0,9,0,1,0,0,0,1,1
pair-06-case-238,etcd Lease,renewal-session-bridge,fanout4,4,0,0,0,1,0,0,0,1,1
pair-06-case-239,etcd Lease,renewal-session-bridge,fanout4,4,0,0,0,1,0,0,0,1,1
pair-06-case-240,etcd Lease,renewal-session-bridge,fanout4,4,0,0,0,1,1,0,0,1,1
pair-06-case-241,etcd Lease,renewal-session-bridge,fanout4,4,0,0,0,1,0,0,0,1,1
pair-06-case-242,etcd Lease,renewal-session-bridge,fanout4,4,0,0,0,1,0,0,0,1,1
pair-06-case-243,etcd Lease,renewal-session-bridge,fanout4,3,0,0,0,1,1,0,0,1,1
pair-06-case-244,etcd Lease,renewal-session-bridge,fanout4,4,0,0,0,1,0,0,0,1,1
pair-06-case-245,etcd Lease,renewal-session-bridge,fanout4,3,0,0,0,1,0,0,0,1,1
pair-06-case-246,etcd Lease,renewal-session-bridge,fanout4,4,0,0,0,1,1,0,0,1,1
pair-06-case-247,etcd Lease,renewal-session-bridge,fanout4,4,0,0,0,1,0,0,0,1,1
pair-06-case-248,etcd Lease,renewal-session-bridge,fanout4,4,0,0,0,1,0,0,0,1,1
pair-06-case-249,etcd Lease,renewal-session-bridge,fanout4,4,0,0,0,1,0,0,0,1,1
pair-06-case-250,etcd Lease,renewal-session-bridge,fanout4,4,0,0,0,1,0,0,0,1,1
pair-06-case-251,etcd Lease,renewal-session-bridge,fanout4,4,0,0,0,1,1,0,0,1,1
pair-06-case-252,etcd Lease,renewal-session-bridge,fanout4,4,0,0,0,1,0,0,0,1,1
pair-06-case-253,etcd Lease,renewal-session-bridge,fanout4,4,0,0,0,1,0,0,0,1,1
pair-06-case-254,etcd Lease,renewal-session-bridge,fanout4,4,0,0,0,1,1,0,0,1,1
pair-06-case-255,etcd Lease,renewal-session-bridge,fanout4,4,0,0,0,1,1,0,0,1,1
pair-06-case-256,etcd Lease,renewal-session-bridge,fanout4,3,0,0,0,1,1,0,0,1,1
pair-06-case-257,etcd Lease,renewal-session-bridge,fanout4,4,0,0,0,1,0,0,0,1,1
pair-06-case-258,etcd Lease,renewal-session-bridge,fanout4,4,0,3,0,1,0,0,0,1,1
pair-06-case-259,etcd Lease,renewal-session-bridge,fanout4,4,0,0,0,1,0,0,0,1,1
pair-06-case-260,etcd Lease,renewal-session-bridge,fanout4,4,0,0,0,1,0,0,0,1,1
pair-06-case-261,etcd Lease,renewal-session-bridge,fanout4,4,0,0,0,1,0,0,0,1,1
pair-06-case-262,etcd Lease,renewal-session-bridge,fanout4,4,0,0,0,1,1,0,0,1,1
pair-06-case-263,etcd Lease,renewal-session-bridge,fanout4,4,0,0,0,1,0,0,0,1,1
pair-06-case-264,etcd Lease,renewal-session-bridge,fanout4,4,0,3,0,1,0,0,0,1,1
pair-06-case-265,etcd Lease,renewal-session-bridge,fanout4,4,0,0,0,1,0,0,0,1,1
pair-06-case-266,etcd Lease,renewal-session-bridge,fanout4,4,0,0,0,1,0,0,0,1,1
pair-06-case-267,etcd Lease,renewal-session-bridge,fanout4,3,0,0,0,1,0,0,0,1,1
pair-06-case-268,etcd Lease,renewal-session-bridge,fanout4,4,0,0,0,1,0,0,0,1,1
pair-06-case-269,etcd Lease,renewal-session-bridge,fanout4,4,0,18,0,1,0,0,1,1,1
pair-06-case-270,etcd Lease,renewal-session-bridge,fanout4,4,0,0,0,1,0,0,0,1,1
pair-06-case-271,etcd Lease,renewal-session-bridge,fanout4,4,0,3,0,1,1,0,0,1,1
pair-06-case-272,etcd Lease,renewal-session-bridge,fanout4,3,0,0,0,1,0,0,0,1,1
pair-06-case-273,etcd Lease,renewal-session-bridge,fanout4,4,0,0,0,1,0,0,0,1,1
pair-06-case-274,etcd Lease,renewal-session-bridge,fanout4,4,0,0,0,1,1,0,0,1,1
pair-06-case-275,etcd Lease,renewal-session-bridge,fanout4,3,0,9,0,1,1,0,0,1,1
pair-06-case-276,etcd Lease,renewal-session-bridge,fanout4,4,0,0,0,1,0,0,0,1,1
pair-06-case-277,etcd Lease,renewal-session-bridge,fanout4,3,0,0,0,1,0,0,0,1,1
pair-06-case-278,etcd Lease,renewal-session-bridge,fanout4,4,0,0,0,1,1,0,0,1,1
pair-06-case-279,etcd Lease,renewal-session-bridge,fanout4,4,0,0,0,1,0,0,0,1,1
pair-06-case-280,etcd Lease,renewal-session-bridge,fanout4,4,0,9,0,1,1,0,0,1,1
pair-06-case-281,etcd Lease,renewal-session-bridge,fanout4,4,0,0,0,1,1,0,0,1,1
pair-06-case-282,etcd Lease,renewal-session-bridge,fanout4,4,0,0,0,1,0,0,0,1,1
pair-06-case-283,etcd Lease,renewal-session-bridge,fanout4,3,0,0,0,1,0,0,0,1,1
pair-06-case-284,etcd Lease,renewal-session-bridge,fanout4,2,0,0,0,1,0,0,0,1,1
pair-06-case-285,etcd Lease,renewal-session-bridge,fanout4,4,0,0,0,1,0,0,0,1,1
pair-06-case-286,etcd Lease,renewal-session-bridge,fanout4,4,0,0,0,1,1,0,0,1,1
pair-06-case-287,etcd Lease,renewal-session-bridge,fanout4,4,0,0,0,1,0,0,0,1,1
pair-06-case-288,etcd Lease,renewal-session-bridge,fanout4,4,0,0,0,1,0,0,0,1,1
pair-06-case-289,etcd Lease,renewal-session-bridge,fanout4,4,0,9,0,1,0,0,1,1,1
pair-06-case-290,etcd Lease,renewal-session-bridge,fanout4,4,0,0,0,1,0,0,0,1,1
pair-06-case-291,etcd Lease,renewal-session-bridge,fanout4,4,0,0,0,1,0,0,0,1,1
pair-06-case-292,etcd Lease,renewal-session-bridge,fanout4,4,0,0,0,1,1,0,0,1,1
pair-06-case-293,etcd Lease,renewal-session-bridge,fanout4,4,0,0,0,1,0,0,0,1,1
pair-06-case-294,etcd Lease,renewal-session-bridge,fanout4,4,0,3,0,1,0,0,0,1,1
pair-06-case-295,etcd Lease,renewal-session-bridge,fanout4,4,0,0,0,1,0,0,0,1,1
pair-06-case-296,etcd Lease,renewal-session-bridge,fanout4,4,0,0,0,1,1,0,0,1,1
pair-06-case-297,etcd Lease,renewal-session-bridge,fanout4,4,0,0,0,1,0,0,0,1,1
pair-06-case-298,etcd Lease,renewal-session-bridge,fanout4,4,0,0,0,1,1,0,0,1,1
pair-06-case-299,etcd Lease,renewal-session-bridge,fanout4,4,0,0,0,1,0,0,0,1,1
pair-06-case-300,etcd Lease,renewal-session-bridge,fanout4,4,0,0,0,1,1,0,0,1,1
pair-06-case-301,etcd Lease,renewal-session-bridge,fanout4,4,0,0,0,1,1,0,0,1,1
pair-06-case-302,etcd Lease,renewal-session-bridge,fanout4,4,0,0,0,1,0,0,0,1,1
pair-06-case-303,etcd Lease,renewal-session-bridge,fanout4,4,0,0,0,1,0,0,0,1,1
pair-06-case-304,etcd Lease,renewal-session-bridge,fanout4,4,0,6,0,1,0,0,0,1,1
pair-06-case-305,etcd Lease,renewal-session-bridge,fanout4,4,0,9,0,1,0,0,1,1,1
pair-06-case-306,etcd Lease,renewal-session-bridge,fanout4,4,0,0,0,1,1,0,0,1,1
pair-06-case-307,etcd Lease,renewal-session-bridge,fanout4,4,0,9,0,1,1,0,0,1,1
pair-06-case-308,etcd Lease,renewal-session-bridge,fanout4,4,0,0,0,1,1,0,0,1,1
pair-06-case-309,etcd Lease,renewal-session-bridge,fanout4,4,0,0,0,1,0,0,0,1,1
pair-06-case-310,etcd Lease,renewal-session-bridge,fanout4,4,0,0,0,1,1,0,0,1,1
pair-06-case-311,etcd Lease,renewal-session-bridge,fanout4,4,0,0,0,1,0,0,0,1,1
pair-06-case-312,etcd Lease,renewal-session-bridge,fanout4,4,0,0,0,1,0,0,0,1,1
pair-06-case-313,etcd Lease,renewal-session-bridge,fanout4,4,0,0,0,1,1,0,0,1,1
pair-06-case-314,etcd Lease,renewal-session-bridge,fanout4,4,0,0,0,1,0,0,0,1,1
pair-06-case-315,etcd Lease,renewal-session-bridge,fanout4,4,0,0,0,1,1,0,0,1,1
pair-06-case-316,etcd Lease,renewal-session-bridge,fanout4,4,0,0,0,1,0,0,0,1,1
pair-06-case-317,etcd Lease,renewal-session-bridge,fanout4,4,0,0,0,1,0,0,0,1,1
pair-06-case-318,etcd Lease,renewal-session-bridge,fanout4,3,0,0,0,1,0,0,0,1,1
pair-06-case-319,etcd Lease,renewal-session-bridge,fanout4,4,0,0,0,1,0,0,0,1,1
pair-06-case-320,etcd Lease,renewal-session-bridge,fanout4,4,0,1,0,1,0,0,0,1,1
pair-06-case-321,etcd Lease,renewal-session-bridge,fanout4,4,0,3,0,1,0,0,1,1,1
pair-06-case-322,etcd Lease,renewal-session-bridge,fanout4,4,0,0,0,1,0,0,0,1,1
pair-06-case-323,etcd Lease,renewal-session-bridge,fanout4,3,0,9,0,1,0,0,0,1,1
pair-06-case-324,etcd Lease,renewal-session-bridge,fanout4,4,0,0,0,1,0,0,0,1,1
pair-06-case-325,etcd Lease,renewal-session-bridge,fanout4,4,0,0,0,1,0,0,0,1,1
pair-06-case-326,etcd Lease,renewal-session-bridge,fanout4,4,0,0,0,1,0,0,0,1,1
pair-06-case-327,etcd Lease,renewal-session-bridge,fanout4,3,0,21,0,1,1,0,1,1,1
pair-06-case-328,etcd Lease,renewal-session-bridge,fanout4,4,0,0,0,1,1,0,0,1,1
pair-06-case-329,etcd Lease,renewal-session-bridge,fanout4,4,0,0,0,1,0,0,0,1,1
pair-06-case-330,etcd Lease,renewal-session-bridge,fanout4,4,0,0,0,1,0,0,0,1,1
pair-06-case-331,etcd Lease,renewal-session-bridge,fanout4,4,0,7,0,1,0,0,0,1,1
pair-06-case-332,etcd Lease,renewal-session-bridge,fanout4,4,0,0,0,1,0,0,0,1,1
pair-06-case-333,etcd Lease,renewal-session-bridge,fanout4,4,0,9,0,1,1,0,0,1,1
pair-06-case-334,etcd Lease,renewal-session-bridge,fanout4,4,0,0,0,1,0,0,0,1,1
pair-06-case-335,etcd Lease,renewal-session-bridge,fanout4,3,0,0,0,1,0,0,0,1,1
pair-06-case-336,etcd Lease,renewal-session-bridge,fanout4,4,0,0,0,1,0,0,0,1,1
pair-06-case-337,etcd Lease,renewal-session-bridge,fanout4,4,0,0,0,1,0,0,0,1,1
pair-06-case-338,etcd Lease,renewal-session-bridge,fanout4,4,0,0,0,1,0,0,0,1,1
pair-06-case-339,etcd Lease,renewal-session-bridge,fanout4,4,0,0,0,1,1,0,0,1,1
pair-06-case-340,etcd Lease,renewal-session-bridge,fanout4,4,0,0,0,1,1,0,0,1,1
pair-06-case-341,etcd Lease,renewal-session-bridge,fanout4,4,0,0,0,1,0,0,0,1,1
pair-06-case-342,etcd Lease,renewal-session-bridge,fanout4,4,0,0,0,1,0,0,0,1,1
pair-06-case-343,etcd Lease,renewal-session-bridge,fanout4,3,0,0,0,1,0,0,0,1,1
pair-06-case-344,etcd Lease,renewal-session-bridge,fanout4,4,0,18,0,1,0,0,1,1,1
pair-06-case-345,etcd Lease,renewal-session-bridge,fanout4,4,0,0,0,1,0,0,0,1,1
pair-06-case-346,etcd Lease,renewal-session-bridge,fanout4,4,0,0,0,1,0,0,0,1,1
pair-06-case-347,etcd Lease,renewal-session-bridge,fanout4,4,0,0,0,1,1,1,0,1,1
pair-06-case-348,etcd Lease,renewal-session-bridge,fanout4,4,0,0,0,1,1,0,0,1,1
pair-06-case-349,etcd Lease,renewal-session-bridge,fanout4,4,0,0,0,1,0,0,0,1,1
pair-06-case-350,etcd Lease,renewal-session-bridge,fanout4,3,0,0,0,1,0,0,0,1,1
pair-06-case-351,etcd Lease,renewal-session-bridge,fanout4,4,0,0,0,1,0,0,0,1,1
pair-06-case-352,etcd Lease,renewal-session-bridge,fanout4,4,0,0,0,1,0,0,0,1,1
pair-06-case-353,etcd Lease,renewal-session-bridge,fanout4,4,0,0,0,1,1,0,0,1,1
pair-06-case-354,etcd Lease,renewal-session-bridge,fanout4,3,0,0,0,1,1,0,0,1,1
pair-06-case-355,etcd Lease,renewal-session-bridge,fanout4,4,0,0,0,1,1,0,0,1,1
pair-06-case-356,etcd Lease,renewal-session-bridge,fanout4,4,0,0,0,1,0,0,0,1,1
pair-06-case-357,etcd Lease,renewal-session-bridge,fanout4,4,0,9,0,1,0,0,1,1,1
pair-06-case-358,etcd Lease,renewal-session-bridge,fanout4,3,0,0,0,1,1,0,0,1,1
pair-06-case-359,etcd Lease,renewal-session-bridge,fanout4,4,0,0,0,1,0,0,0,1,1
pair-06-case-360,etcd Lease,renewal-session-bridge,fanout4,4,0,0,0,1,0,0,0,1,1
pair-06-case-361,etcd Lease,renewal-session-bridge,fanout4,4,0,0,0,1,0,0,0,1,1
pair-06-case-362,etcd Lease,renewal-session-bridge,fanout4,4,0,0,0,1,0,0,0,1,1
pair-06-case-363,etcd Lease,renewal-session-bridge,fanout4,3,0,0,0,1,0,0,0,1,1
pair-06-case-364,etcd Lease,renewal-session-bridge,fanout4,4,0,0,0,1,0,0,0,1,1
pair-06-case-365,etcd Lease,renewal-session-bridge,fanout4,4,0,0,0,1,0,0,0,1,1
pair-06-case-366,etcd Lease,renewal-session-bridge,fanout4,4,0,0,0,1,0,0,0,1,1
pair-06-case-367,etcd Lease,renewal-session-bridge,fanout4,4,0,0,0,1,1,0,0,1,1
pair-06-case-368,etcd Lease,renewal-session-bridge,fanout4,4,0,0,0,1,0,0,0,1,1
pair-06-case-369,etcd Lease,renewal-session-bridge,fanout4,4,0,0,0,1,0,0,0,1,1
pair-06-case-370,etcd Lease,renewal-session-bridge,fanout4,4,0,0,0,1,0,0,0,1,1
pair-06-case-371,etcd Lease,renewal-session-bridge,fanout4,4,0,3,0,1,0,0,0,1,1
pair-06-case-372,etcd Lease,renewal-session-bridge,fanout4,4,0,0,0,1,0,0,0,1,1
pair-06-case-373,etcd Lease,renewal-session-bridge,fanout4,4,0,0,0,1,0,0,0,1,1
pair-06-case-374,etcd Lease,renewal-session-bridge,fanout4,4,0,0,0,1,1,0,0,1,1
pair-06-case-375,etcd Lease,renewal-session-bridge,fanout4,4,0,0,0,1,1,0,0,1,1
pair-06-case-376,etcd Lease,renewal-session-bridge,fanout4,4,0,0,0,1,0,0,0,1,1
pair-06-case-377,etcd Lease,renewal-session-bridge,fanout4,4,0,0,0,1,0,0,0,1,1
pair-06-case-378,etcd Lease,renewal-session-bridge,fanout4,4,0,0,0,1,0,0,0,1,1
pair-06-case-379,etcd Lease,renewal-session-bridge,fanout4,4,0,0,0,1,0,0,0,1,1
pair-06-case-380,etcd Lease,renewal-session-bridge,fanout4,4,0,0,0,1,0,0,0,1,1
pair-06-case-381,etcd Lease,renewal-session-bridge,fanout4,4,0,0,0,1,1,0,0,1,1
pair-06-case-382,etcd Lease,renewal-session-bridge,fanout4,4,0,9,0,1,0,0,1,1,1
pair-06-case-383,etcd Lease,renewal-session-bridge,fanout4,4,0,0,0,1,1,0,0,1,1
pair-06-case-384,etcd Lease,renewal-session-bridge,fanout4,4,0,0,0,1,0,0,0,1,1
pair-06-case-385,etcd Lease,renewal-session-bridge,fanout4,4,0,0,0,1,0,0,0,1,1
pair-06-case-386,etcd Lease,renewal-session-bridge,fanout4,4,0,0,0,1,0,0,0,1,1
pair-06-case-387,etcd Lease,renewal-session-bridge,fanout4,4,0,0,0,1,0,0,0,1,1
pair-06-case-388,etcd Lease,renewal-session-bridge,fanout4,3,0,0,0,1,0,0,0,1,1
pair-06-case-389,etcd Lease,renewal-session-bridge,fanout4,4,0,0,0,1,1,0,0,1,1
pair-06-case-390,etcd Lease,renewal-session-bridge,fanout4,4,0,0,0,1,0,0,0,1,1
pair-06-case-391,etcd Lease,renewal-session-bridge,fanout4,4,0,0,0,1,1,0,0,1,1
pair-06-case-392,etcd Lease,renewal-session-bridge,fanout4,4,0,0,0,1,0,0,0,1,1
pair-06-case-393,etcd Lease,renewal-session-bridge,fanout4,3,0,0,0,1,1,0,0,1,1
pair-06-case-394,etcd Lease,renewal-session-bridge,fanout4,4,0,0,0,1,0,0,0,1,1
pair-06-case-395,etcd Lease,renewal-session-bridge,fanout4,3,0,0,0,1,0,0,0,1,1
pair-06-case-396,etcd Lease,renewal-session-bridge,fanout4,4,0,6,0,1,0,0,1,1,1
pair-06-case-397,etcd Lease,renewal-session-bridge,fanout4,4,0,0,0,1,0,0,0,1,1
pair-06-case-398,etcd Lease,renewal-session-bridge,fanout4,4,0,7,0,1,0,0,1,1,1
pair-06-case-399,etcd Lease,renewal-session-bridge,fanout4,4,0,0,0,1,0,0,0,1,1
pair-06-case-400,etcd Lease,renewal-session-bridge,fanout4,4,0,0,0,1,0,0,0,1,1
pair-06-case-401,etcd Lease,renewal-session-bridge,fanout4,4,0,0,0,1,1,0,0,1,1
pair-06-case-402,etcd Lease,renewal-session-bridge,fanout4,4,0,0,0,1,0,0,0,1,1
pair-06-case-403,etcd Lease,renewal-session-bridge,fanout4,3,0,0,0,1,1,1,0,1,1
pair-06-case-404,etcd Lease,renewal-session-bridge,fanout4,4,0,0,0,1,0,0,0,1,1
pair-06-case-405,etcd Lease,renewal-session-bridge,fanout4,3,0,0,0,1,0,0,0,1,1
pair-06-case-406,etcd Lease,renewal-session-bridge,fanout4,4,0,3,0,1,1,0,0,1,1
pair-06-case-407,etcd Lease,renewal-session-bridge,fanout4,4,0,0,0,1,0,0,0,1,1
pair-06-case-408,etcd Lease,renewal-session-bridge,fanout4,4,0,0,0,1,1,0,0,1,1
pair-06-case-409,etcd Lease,renewal-session-bridge,fanout4,4,0,0,0,1,1,0,0,1,1
pair-06-case-410,etcd Lease,renewal-session-bridge,fanout4,4,0,0,0,1,1,0,0,1,1
pair-06-case-411,etcd Lease,renewal-session-bridge,fanout4,4,0,0,0,1,0,0,0,1,1
pair-06-case-412,etcd Lease,renewal-session-bridge,fanout4,4,0,7,0,1,1,0,0,1,1
pair-06-case-413,etcd Lease,renewal-session-bridge,fanout4,4,0,0,0,1,1,0,0,1,1
pair-06-case-414,etcd Lease,renewal-session-bridge,fanout4,4,0,0,0,1,0,0,0,1,1
pair-06-case-415,etcd Lease,renewal-session-bridge,fanout4,4,0,9,0,1,0,0,0,1,1
pair-06-case-416,etcd Lease,renewal-session-bridge,fanout4,4,0,0,0,1,0,0,0,1,1
pair-06-case-417,etcd Lease,renewal-session-bridge,fanout4,4,0,9,0,1,0,0,0,1,1
pair-06-case-418,etcd Lease,renewal-session-bridge,fanout4,4,0,0,0,1,1,0,0,1,1
pair-06-case-419,etcd Lease,renewal-session-bridge,fanout4,4,0,0,0,1,0,0,0,1,1
pair-06-case-420,etcd Lease,renewal-session-bridge,fanout4,4,0,0,0,1,0,0,0,1,1
pair-06-case-421,etcd Lease,renewal-session-bridge,fanout4,3,0,0,0,1,1,0,0,1,1
pair-06-case-422,etcd Lease,renewal-session-bridge,fanout4,4,0,0,0,1,0,0,0,1,1
pair-06-case-423,etcd Lease,renewal-session-bridge,fanout4,4,0,0,0,1,0,0,0,1,1
pair-06-case-424,etcd Lease,renewal-session-bridge,fanout4,3,0,0,0,1,0,0,0,1,1
pair-06-case-425,etcd Lease,renewal-session-bridge,fanout4,4,0,0,0,1,0,0,0,1,1
pair-06-case-426,etcd Lease,renewal-session-bridge,fanout4,4,0,0,0,1,0,0,0,1,1
pair-06-case-427,etcd Lease,renewal-session-bridge,fanout4,4,0,0,0,1,0,0,0,1,1
pair-06-case-428,etcd Lease,renewal-session-bridge,fanout4,4,0,0,0,1,0,0,0,1,1
pair-06-case-429,etcd Lease,renewal-session-bridge,fanout4,4,0,5,0,1,1,0,0,1,1
pair-06-case-430,etcd Lease,renewal-session-bridge,fanout4,4,0,0,0,1,0,0,0,1,1
pair-06-case-431,etcd Lease,renewal-session-bridge,fanout4,4,0,0,0,1,1,0,0,1,1
pair-06-case-432,etcd Lease,renewal-session-bridge,fanout4,4,0,3,0,1,0,0,1,1,1
pair-06-case-433,etcd Lease,renewal-session-bridge,fanout4,4,0,7,0,1,1,0,0,1,1
pair-06-case-434,etcd Lease,renewal-session-bridge,fanout4,3,0,0,0,1,0,0,0,1,1
pair-06-case-435,etcd Lease,renewal-session-bridge,fanout4,4,0,7,0,1,1,0,1,1,1
pair-06-case-436,etcd Lease,renewal-session-bridge,fanout4,4,0,0,0,1,0,0,0,1,1
pair-06-case-437,etcd Lease,renewal-session-bridge,fanout4,4,0,0,0,1,0,0,0,1,1
pair-06-case-438,etcd Lease,renewal-session-bridge,fanout4,4,0,0,0,1,1,0,0,1,1
pair-06-case-439,etcd Lease,renewal-session-bridge,fanout4,4,0,3,0,1,0,0,1,1,1
pair-06-case-440,etcd Lease,renewal-session-bridge,fanout4,4,0,0,0,1,0,0,0,1,1
pair-06-case-441,etcd Lease,renewal-session-bridge,fanout4,4,0,7,0,1,1,0,0,1,1
pair-06-case-442,etcd Lease,renewal-session-bridge,fanout4,4,0,0,0,1,0,0,0,1,1
pair-06-case-443,etcd Lease,renewal-session-bridge,fanout4,4,0,0,0,1,0,0,0,1,1
pair-06-case-444,etcd Lease,renewal-session-bridge,fanout4,4,0,0,0,1,0,0,0,1,1
pair-06-case-445,etcd Lease,renewal-session-bridge,fanout4,3,0,0,0,1,1,0,0,1,1
pair-06-case-446,etcd Lease,renewal-session-bridge,fanout4,4,0,0,0,1,1,0,0,1,1
pair-06-case-447,etcd Lease,renewal-session-bridge,fanout4,4,0,0,0,1,0,0,0,1,1
pair-06-case-448,etcd Lease,renewal-session-bridge,fanout4,4,0,0,0,1,0,0,0,1,1
pair-06-case-449,etcd Lease,renewal-session-bridge,fanout4,4,0,3,0,1,1,0,0,1,1
pair-06-case-450,etcd Lease,renewal-session-bridge,fanout4,4,0,0,0,1,0,0,0,1,1
pair-06-case-451,etcd Lease,renewal-session-bridge,fanout4,3,0,21,0,1,0,0,1,1,1
pair-06-case-452,etcd Lease,renewal-session-bridge,fanout4,3,0,0,0,1,1,0,0,1,1
pair-06-case-453,etcd Lease,renewal-session-bridge,fanout4,4,0,0,0,1,0,0,0,1,1
pair-06-case-454,etcd Lease,renewal-session-bridge,fanout4,4,0,0,0,1,0,0,0,1,1
pair-06-case-455,etcd Lease,renewal-session-bridge,fanout4,4,0,0,0,1,1,1,0,1,1
pair-06-case-456,etcd Lease,renewal-session-bridge,fanout4,4,0,0,0,1,1,0,0,1,1
pair-06-case-457,etcd Lease,renewal-session-bridge,fanout4,4,0,0,0,1,0,0,0,1,1
pair-06-case-458,etcd Lease,renewal-session-bridge,fanout4,4,0,0,0,1,0,0,0,1,1
pair-06-case-459,etcd Lease,renewal-session-bridge,fanout4,4,0,0,0,1,0,0,0,1,1
pair-06-case-460,etcd Lease,renewal-session-bridge,fanout4,4,0,9,0,1,1,0,0,1,1
pair-06-case-461,etcd Lease,renewal-session-bridge,fanout4,4,0,0,0,1,0,0,0,1,1
pair-06-case-462,etcd Lease,renewal-session-bridge,fanout4,4,0,0,0,1,0,0,0,1,1
pair-06-case-463,etcd Lease,renewal-session-bridge,fanout4,4,0,0,0,1,0,0,0,1,1
pair-06-case-464,etcd Lease,renewal-session-bridge,fanout4,4,0,0,0,1,0,0,0,1,1
pair-06-case-465,etcd Lease,renewal-session-bridge,fanout4,4,0,0,0,1,0,0,0,1,1
pair-06-case-466,etcd Lease,renewal-session-bridge,fanout4,4,0,0,0,1,0,0,0,1,1
pair-06-case-467,etcd Lease,renewal-session-bridge,fanout4,4,0,0,0,1,0,0,0,1,1
pair-06-case-468,etcd Lease,renewal-session-bridge,fanout4,4,0,0,0,1,1,0,0,1,1
pair-06-case-469,etcd Lease,renewal-session-bridge,fanout4,4,0,21,0,1,1,0,0,1,1
pair-06-case-470,etcd Lease,renewal-session-bridge,fanout4,4,0,9,0,1,0,0,0,1,1
pair-06-case-471,etcd Lease,renewal-session-bridge,fanout4,4,0,0,0,1,0,0,0,1,1
pair-06-case-472,etcd Lease,renewal-session-bridge,fanout4,4,0,0,0,1,0,0,0,1,1
pair-06-case-473,etcd Lease,renewal-session-bridge,fanout4,4,0,0,0,1,0,0,0,1,1
pair-06-case-474,etcd Lease,renewal-session-bridge,fanout4,3,0,0,0,1,1,0,0,1,1
pair-06-case-475,etcd Lease,renewal-session-bridge,fanout4,4,0,0,0,1,1,0,0,1,1
pair-06-case-476,etcd Lease,renewal-session-bridge,fanout4,4,0,0,0,1,0,0,0,1,1
pair-06-case-477,etcd Lease,renewal-session-bridge,fanout4,4,0,0,0,1,0,0,0,1,1
pair-06-case-478,etcd Lease,renewal-session-bridge,fanout4,4,0,0,0,1,0,0,0,1,1
pair-06-case-479,etcd Lease,renewal-session-bridge,fanout4,4,0,0,0,1,0,0,0,1,1
pair-06-case-480,etcd Lease,renewal-session-bridge,fanout4,4,0,0,0,1,0,0,0,1,1
pair-06-case-481,etcd Lease,renewal-session-bridge,fanout4,4,0,6,0,1,1,0,0,1,1
pair-06-case-482,etcd Lease,renewal-session-bridge,fanout4,3,0,0,0,1,0,0,0,1,1
pair-06-case-483,etcd Lease,renewal-session-bridge,fanout4,4,0,0,0,1,0,0,0,1,1
pair-06-case-484,etcd Lease,renewal-session-bridge,fanout4,3,0,0,0,1,0,0,0,1,1
pair-06-case-485,etcd Lease,renewal-session-bridge,fanout4,4,0,0,0,1,0,0,0,1,1
pair-06-case-486,etcd Lease,renewal-session-bridge,fanout4,2,0,0,0,1,0,0,0,1,1
pair-06-case-487,etcd Lease,renewal-session-bridge,fanout4,4,0,9,0,1,0,0,0,1,1
pair-06-case-488,etcd Lease,renewal-session-bridge,fanout4,4,0,0,0,1,0,0,0,1,1
pair-06-case-489,etcd Lease,renewal-session-bridge,fanout4,4,0,0,0,1,0,0,0,1,1
pair-06-case-490,etcd Lease,renewal-session-bridge,fanout4,4,0,3,0,1,0,0,1,1,1
pair-06-case-491,etcd Lease,renewal-session-bridge,fanout4,3,0,15,0,1,1,0,1,1,1
pair-06-case-492,etcd Lease,renewal-session-bridge,fanout4,4,0,0,0,1,0,0,0,1,1
pair-06-case-493,etcd Lease,renewal-session-bridge,fanout4,4,0,0,0,1,0,0,0,1,1
pair-06-case-494,etcd Lease,renewal-session-bridge,fanout4,4,0,0,0,1,0,0,0,1,1
pair-06-case-495,etcd Lease,renewal-session-bridge,fanout4,4,0,0,0,1,0,0,0,1,1
pair-06-case-496,etcd Lease,renewal-session-bridge,fanout4,4,0,0,0,1,0,0,0,1,1
pair-06-case-497,etcd Lease,renewal-session-bridge,fanout4,4,0,0,0,1,0,0,0,1,1
pair-06-case-498,etcd Lease,renewal-session-bridge,fanout4,4,0,0,0,1,1,0,0,1,1
pair-06-case-499,etcd Lease,renewal-session-bridge,fanout4,4,0,2,0,1,0,0,0,1,1
pair-07-case-000,etcd Lease,revoke-replay-break,cycle5,1,0,0,0,1,1,1,0,1,1
pair-07-case-001,etcd Lease,revoke-replay-break,cycle5,0,1,243,10,0,1,1,1,1,1
pair-07-case-002,etcd Lease,revoke-replay-break,cycle5,1,0,0,0,1,0,0,0,1,1
pair-07-case-003,etcd Lease,revoke-replay-break,cycle5,1,0,81,0,1,0,0,1,1,1
pair-07-case-004,etcd Lease,revoke-replay-break,cycle5,1,0,0,0,1,1,1,0,1,1
pair-07-case-005,etcd Lease,revoke-replay-break,cycle5,1,0,0,0,1,1,1,0,1,1
pair-07-case-006,etcd Lease,revoke-replay-break,cycle5,1,0,81,0,1,1,0,1,1,1
pair-07-case-007,etcd Lease,revoke-replay-break,cycle5,1,0,0,0,1,0,0,0,1,1
pair-07-case-008,etcd Lease,revoke-replay-break,cycle5,1,0,81,0,1,0,0,1,1,1
pair-07-case-009,etcd Lease,revoke-replay-break,cycle5,1,0,81,0,1,1,1,0,1,1
pair-07-case-010,etcd Lease,revoke-replay-break,cycle5,1,0,0,0,1,1,1,0,1,1
pair-07-case-011,etcd Lease,revoke-replay-break,cycle5,1,0,0,0,1,1,1,0,1,1
pair-07-case-012,etcd Lease,revoke-replay-break,cycle5,1,0,81,0,1,1,0,1,1,1
pair-07-case-013,etcd Lease,revoke-replay-break,cycle5,1,0,0,0,1,0,0,0,1,1
pair-07-case-014,etcd Lease,revoke-replay-break,cycle5,1,0,81,0,1,0,0,1,1,1
pair-07-case-015,etcd Lease,revoke-replay-break,cycle5,1,0,81,0,1,1,1,0,1,1
pair-07-case-016,etcd Lease,revoke-replay-break,cycle5,1,0,0,0,1,1,1,0,1,1
pair-07-case-017,etcd Lease,revoke-replay-break,cycle5,1,0,81,0,1,1,0,1,1,1
pair-07-case-018,etcd Lease,revoke-replay-break,cycle5,1,0,0,0,1,0,0,0,1,1
pair-07-case-019,etcd Lease,revoke-replay-break,cycle5,1,0,81,0,1,0,0,1,1,1
pair-07-case-020,etcd Lease,revoke-replay-break,cycle5,1,0,81,0,1,1,1,0,1,1
pair-07-case-021,etcd Lease,revoke-replay-break,cycle5,1,0,0,0,1,1,1,0,1,1
pair-07-case-022,etcd Lease,revoke-replay-break,cycle5,1,0,0,0,1,1,1,0,1,1
pair-07-case-023,etcd Lease,revoke-replay-break,cycle5,1,0,81,0,1,1,0,1,1,1
pair-07-case-024,etcd Lease,revoke-replay-break,cycle5,1,0,0,0,1,0,0,0,1,1
pair-07-case-025,etcd Lease,revoke-replay-break,cycle5,1,0,81,0,1,0,0,1,1,1
pair-07-case-026,etcd Lease,revoke-replay-break,cycle5,1,0,81,0,1,1,1,0,1,1
pair-07-case-027,etcd Lease,revoke-replay-break,cycle5,1,0,0,0,1,1,1,0,1,1
pair-07-case-028,etcd Lease,revoke-replay-break,cycle5,1,0,0,0,1,1,1,0,1,1
pair-07-case-029,etcd Lease,revoke-replay-break,cycle5,1,0,81,0,1,1,0,1,1,1
pair-07-case-030,etcd Lease,revoke-replay-break,cycle5,1,1,189,10,0,1,0,1,1,1
pair-07-case-031,etcd Lease,revoke-replay-break,cycle5,1,1,189,10,0,1,0,1,1,1
pair-07-case-032,etcd Lease,revoke-replay-break,cycle5,1,1,189,10,0,1,0,1,1,1
pair-07-case-033,etcd Lease,revoke-replay-break,cycle5,1,1,189,10,0,1,0,1,1,1
pair-07-case-034,etcd Lease,revoke-replay-break,cycle5,1,1,189,10,0,1,0,1,1,1
pair-07-case-035,etcd Lease,revoke-replay-break,cycle5,1,1,189,10,0,1,0,1,1,1
pair-07-case-036,etcd Lease,revoke-replay-break,cycle5,1,1,189,10,0,1,0,1,1,1
pair-07-case-037,etcd Lease,revoke-replay-break,cycle5,1,1,189,10,0,1,0,1,1,1
pair-07-case-038,etcd Lease,revoke-replay-break,cycle5,1,1,189,10,0,1,0,1,1,1
pair-07-case-039,etcd Lease,revoke-replay-break,cycle5,1,1,189,10,0,1,0,1,1,1
pair-07-case-040,etcd Lease,revoke-replay-break,cycle5,1,1,189,10,0,1,0,1,1,1
pair-07-case-041,etcd Lease,revoke-replay-break,cycle5,1,1,189,10,0,1,0,1,1,1
pair-07-case-042,etcd Lease,revoke-replay-break,cycle5,4,1,87,10,0,1,0,1,1,1
pair-07-case-043,etcd Lease,revoke-replay-break,cycle5,3,1,111,10,0,1,0,1,1,1
pair-07-case-044,etcd Lease,revoke-replay-break,cycle5,4,1,85,10,0,1,0,1,1,1
pair-07-case-045,etcd Lease,revoke-replay-break,cycle5,4,1,81,10,0,1,0,1,1,1
pair-07-case-046,etcd Lease,revoke-replay-break,cycle5,4,1,69,10,0,1,0,1,1,1
pair-07-case-047,etcd Lease,revoke-replay-break,cycle5,4,1,99,10,0,1,0,1,1,1
pair-07-case-048,etcd Lease,revoke-replay-break,cycle5,3,1,119,10,0,1,0,1,1,1
pair-07-case-049,etcd Lease,revoke-replay-break,cycle5,4,1,99,10,0,1,0,1,1,1
pair-07-case-050,etcd Lease,revoke-replay-break,cycle5,4,1,105,10,0,1,0,1,1,1
pair-07-case-051,etcd Lease,revoke-replay-break,cycle5,4,1,69,10,0,1,0,1,1,1
pair-07-case-052,etcd Lease,revoke-replay-break,cycle5,4,1,77,10,0,1,0,1,1,1
pair-07-case-053,etcd Lease,revoke-replay-break,cycle5,3,1,123,10,0,1,0,1,1,1
pair-07-case-054,etcd Lease,revoke-replay-break,cycle5,3,1,105,10,0,1,0,1,1,1
pair-07-case-055,etcd Lease,revoke-replay-break,cycle5,4,1,93,10,0,1,0,1,1,1
pair-07-case-056,etcd Lease,revoke-replay-break,cycle5,4,1,81,10,0,1,0,1,1,1
pair-07-case-057,etcd Lease,revoke-replay-break,cycle5,4,1,69,10,0,1,0,1,1,1
pair-07-case-058,etcd Lease,revoke-replay-break,cycle5,4,1,72,10,0,1,0,1,1,1
pair-07-case-059,etcd Lease,revoke-replay-break,cycle5,4,1,81,10,0,1,0,1,1,1
pair-07-case-060,etcd Lease,revoke-replay-break,cycle5,4,1,88,10,0,1,0,1,1,1
pair-07-case-061,etcd Lease,revoke-replay-break,cycle5,3,1,108,10,0,1,0,1,1,1
pair-07-case-062,etcd Lease,revoke-replay-break,cycle5,4,1,95,10,0,1,0,1,1,1
pair-07-case-063,etcd Lease,revoke-replay-break,cycle5,4,1,69,10,0,1,0,1,1,1
pair-07-case-064,etcd Lease,revoke-replay-break,cycle5,4,1,81,10,0,1,0,1,1,1
pair-07-case-065,etcd Lease,revoke-replay-break,cycle5,4,1,83,10,0,1,0,1,1,1
pair-07-case-066,etcd Lease,revoke-replay-break,cycle5,2,1,147,10,0,1,0,1,1,1
pair-07-case-067,etcd Lease,revoke-replay-break,cycle5,4,1,69,10,0,1,0,1,1,1
pair-07-case-068,etcd Lease,revoke-replay-break,cycle5,3,1,105,10,0,1,0,1,1,1
pair-07-case-069,etcd Lease,revoke-replay-break,cycle5,3,1,105,10,0,1,0,1,1,1
pair-07-case-070,etcd Lease,revoke-replay-break,cycle5,4,1,84,10,0,1,0,1,1,1
pair-07-case-071,etcd Lease,revoke-replay-break,cycle5,4,1,77,10,0,1,0,1,1,1
pair-07-case-072,etcd Lease,revoke-replay-break,cycle5,3,1,93,10,0,1,0,1,1,1
pair-07-case-073,etcd Lease,revoke-replay-break,cycle5,3,1,117,10,0,1,0,1,1,1
pair-07-case-074,etcd Lease,revoke-replay-break,cycle5,3,1,111,10,0,1,0,1,1,1
pair-07-case-075,etcd Lease,revoke-replay-break,cycle5,3,1,111,10,0,1,0,1,1,1
pair-07-case-076,etcd Lease,revoke-replay-break,cycle5,3,1,123,10,0,1,0,1,1,1
pair-07-case-077,etcd Lease,revoke-replay-break,cycle5,4,1,93,10,0,1,0,1,1,1
pair-07-case-078,etcd Lease,revoke-replay-break,cycle5,4,1,69,10,0,1,0,1,1,1
pair-07-case-079,etcd Lease,revoke-replay-break,cycle5,4,1,95,10,0,1,0,1,1,1
pair-07-case-080,etcd Lease,revoke-replay-break,cycle5,3,1,112,10,0,1,0,1,1,1
pair-07-case-081,etcd Lease,revoke-replay-break,cycle5,4,1,81,10,0,1,0,1,1,1
pair-07-case-082,etcd Lease,revoke-replay-break,cycle5,4,1,107,10,0,1,0,1,1,1
pair-07-case-083,etcd Lease,revoke-replay-break,cycle5,4,1,72,10,0,1,0,1,1,1
pair-07-case-084,etcd Lease,revoke-replay-break,cycle5,2,1,153,10,0,1,0,1,1,1
pair-07-case-085,etcd Lease,revoke-replay-break,cycle5,4,1,84,10,0,1,0,1,1,1
pair-07-case-086,etcd Lease,revoke-replay-break,cycle5,4,1,69,10,0,1,0,1,1,1
pair-07-case-087,etcd Lease,revoke-replay-break,cycle5,4,1,91,10,0,1,0,1,1,1
pair-07-case-088,etcd Lease,revoke-replay-break,cycle5,3,1,105,10,0,1,0,1,1,1
pair-07-case-089,etcd Lease,revoke-replay-break,cycle5,3,1,105,10,0,1,0,1,1,1
pair-07-case-090,etcd Lease,revoke-replay-break,cycle5,4,1,84,10,0,1,0,1,1,1
pair-07-case-091,etcd Lease,revoke-replay-break,cycle5,4,1,99,10,0,1,0,1,1,1
pair-07-case-092,etcd Lease,revoke-replay-break,cycle5,3,1,111,10,0,1,0,1,1,1
pair-07-case-093,etcd Lease,revoke-replay-break,cycle5,4,1,89,10,0,1,0,1,1,1
pair-07-case-094,etcd Lease,revoke-replay-break,cycle5,4,1,111,10,0,1,0,1,1,1
pair-07-case-095,etcd Lease,revoke-replay-break,cycle5,4,1,93,10,0,1,0,1,1,1
pair-07-case-096,etcd Lease,revoke-replay-break,cycle5,2,1,135,10,0,1,0,1,1,1
pair-07-case-097,etcd Lease,revoke-replay-break,cycle5,2,1,135,10,0,1,0,1,1,1
pair-07-case-098,etcd Lease,revoke-replay-break,cycle5,4,1,91,10,0,1,0,1,1,1
pair-07-case-099,etcd Lease,revoke-replay-break,cycle5,4,1,81,10,0,1,0,1,1,1
pair-07-case-100,etcd Lease,revoke-replay-break,cycle5,4,1,103,10,0,1,0,1,1,1
pair-07-case-101,etcd Lease,revoke-replay-break,cycle5,2,1,144,10,0,1,0,1,1,1
pair-07-case-102,etcd Lease,revoke-replay-break,cycle5,3,1,111,10,0,1,0,1,1,1
pair-07-case-103,etcd Lease,revoke-replay-break,cycle5,4,0,72,0,3,1,0,1,1,1
pair-07-case-104,etcd Lease,revoke-replay-break,cycle5,4,1,81,10,0,1,0,1,1,1
pair-07-case-105,etcd Lease,revoke-replay-break,cycle5,3,1,93,10,0,1,0,1,1,1
pair-07-case-106,etcd Lease,revoke-replay-break,cycle5,4,1,87,10,0,1,0,1,1,1
pair-07-case-107,etcd Lease,revoke-replay-break,cycle5,3,1,105,10,0,1,0,1,1,1
pair-07-case-108,etcd Lease,revoke-replay-break,cycle5,4,1,84,10,0,1,0,1,1,1
pair-07-case-109,etcd Lease,revoke-replay-break,cycle5,4,1,91,10,0,1,0,1,1,1
pair-07-case-110,etcd Lease,revoke-replay-break,cycle5,4,1,85,10,0,1,0,1,1,1
pair-07-case-111,etcd Lease,revoke-replay-break,cycle5,3,1,105,10,0,1,0,1,1,1
pair-07-case-112,etcd Lease,revoke-replay-break,cycle5,3,1,105,10,0,1,0,1,1,1
pair-07-case-113,etcd Lease,revoke-replay-break,cycle5,4,1,78,10,0,1,0,1,1,1
pair-07-case-114,etcd Lease,revoke-replay-break,cycle5,4,1,75,10,0,1,0,1,1,1
pair-07-case-115,etcd Lease,revoke-replay-break,cycle5,4,1,85,10,0,1,0,1,1,1
pair-07-case-116,etcd Lease,revoke-replay-break,cycle5,4,1,91,10,0,1,0,1,1,1
pair-07-case-117,etcd Lease,revoke-replay-break,cycle5,2,1,147,10,0,1,0,1,1,1
pair-07-case-118,etcd Lease,revoke-replay-break,cycle5,2,1,147,10,0,1,0,1,1,1
pair-07-case-119,etcd Lease,revoke-replay-break,cycle5,4,1,81,10,0,1,0,1,1,1
pair-07-case-120,etcd Lease,revoke-replay-break,cycle5,3,1,99,10,0,1,0,1,1,1
pair-07-case-121,etcd Lease,revoke-replay-break,cycle5,4,1,69,10,0,1,0,1,1,1
pair-07-case-122,etcd Lease,revoke-replay-break,cycle5,4,1,91,10,0,1,0,1,1,1
pair-07-case-123,etcd Lease,revoke-replay-break,cycle5,4,1,84,10,0,1,0,1,1,1
pair-07-case-124,etcd Lease,revoke-replay-break,cycle5,4,1,75,10,0,1,0,1,1,1
pair-07-case-125,etcd Lease,revoke-replay-break,cycle5,4,1,91,10,0,1,0,1,1,1
pair-07-case-126,etcd Lease,revoke-replay-break,cycle5,4,1,70,10,0,1,0,1,1,1
pair-07-case-127,etcd Lease,revoke-replay-break,cycle5,4,1,85,10,0,1,0,1,1,1
pair-07-case-128,etcd Lease,revoke-replay-break,cycle5,2,1,135,10,0,1,0,1,1,1
pair-07-case-129,etcd Lease,revoke-replay-break,cycle5,3,1,119,10,0,1,0,1,1,1
pair-07-case-130,etcd Lease,revoke-replay-break,cycle5,4,1,77,10,0,1,0,1,1,1
pair-07-case-131,etcd Lease,revoke-replay-break,cycle5,4,1,81,10,0,1,0,1,1,1
pair-07-case-132,etcd Lease,revoke-replay-break,cycle5,4,1,81,10,0,1,0,1,1,1
pair-07-case-133,etcd Lease,revoke-replay-break,cycle5,4,1,81,10,0,1,0,1,1,1
pair-07-case-134,etcd Lease,revoke-replay-break,cycle5,4,1,69,10,0,1,0,1,1,1
pair-07-case-135,etcd Lease,revoke-replay-break,cycle5,4,1,85,10,0,1,0,1,1,1
pair-07-case-136,etcd Lease,revoke-replay-break,cycle5,2,1,153,10,0,1,0,1,1,1
pair-07-case-137,etcd Lease,revoke-replay-break,cycle5,4,1,74,10,0,1,0,1,1,1
pair-07-case-138,etcd Lease,revoke-replay-break,cycle5,4,0,0,0,1,0,0,0,1,1
pair-07-case-139,etcd Lease,revoke-replay-break,cycle5,4,0,0,0,1,1,0,0,1,1
pair-07-case-140,etcd Lease,revoke-replay-break,cycle5,3,0,0,0,1,1,0,0,1,1
pair-07-case-141,etcd Lease,revoke-replay-break,cycle5,4,0,0,0,1,0,0,0,1,1
pair-07-case-142,etcd Lease,revoke-replay-break,cycle5,4,0,0,0,1,0,0,0,1,1
pair-07-case-143,etcd Lease,revoke-replay-break,cycle5,2,0,63,0,1,0,0,1,1,1
pair-07-case-144,etcd Lease,revoke-replay-break,cycle5,4,0,0,0,1,0,0,0,1,1
pair-07-case-145,etcd Lease,revoke-replay-break,cycle5,4,0,9,0,1,0,0,1,1,1
pair-07-case-146,etcd Lease,revoke-replay-break,cycle5,4,0,0,0,1,0,0,0,1,1
pair-07-case-147,etcd Lease,revoke-replay-break,cycle5,4,0,0,0,1,0,0,0,1,1
pair-07-case-148,etcd Lease,revoke-replay-break,cycle5,3,0,0,0,1,1,0,0,1,1
pair-07-case-149,etcd Lease,revoke-replay-break,cycle5,4,0,0,0,1,0,0,0,1,1
pair-07-case-150,etcd Lease,revoke-replay-break,cycle5,4,0,0,0,1,0,0,0,1,1
pair-07-case-151,etcd Lease,revoke-replay-break,cycle5,4,0,0,0,1,0,0,0,1,1
pair-07-case-152,etcd Lease,revoke-replay-break,cycle5,4,0,18,0,1,1,0,1,1,1
pair-07-case-153,etcd Lease,revoke-replay-break,cycle5,3,0,0,0,1,0,0,0,1,1
pair-07-case-154,etcd Lease,revoke-replay-break,cycle5,4,0,0,0,1,1,0,0,1,1
pair-07-case-155,etcd Lease,revoke-replay-break,cycle5,4,0,0,0,1,1,0,0,1,1
pair-07-case-156,etcd Lease,revoke-replay-break,cycle5,4,0,0,0,1,0,0,0,1,1
pair-07-case-157,etcd Lease,revoke-replay-break,cycle5,4,0,0,0,1,1,0,0,1,1
pair-07-case-158,etcd Lease,revoke-replay-break,cycle5,4,0,0,0,1,0,0,0,1,1
pair-07-case-159,etcd Lease,revoke-replay-break,cycle5,4,0,9,0,1,1,0,1,1,1
pair-07-case-160,etcd Lease,revoke-replay-break,cycle5,4,0,0,0,1,1,0,0,1,1
pair-07-case-161,etcd Lease,revoke-replay-break,cycle5,3,0,0,0,1,0,0,0,1,1
pair-07-case-162,etcd Lease,revoke-replay-break,cycle5,4,0,0,0,1,1,0,0,1,1
pair-07-case-163,etcd Lease,revoke-replay-break,cycle5,4,0,18,0,1,0,0,0,1,1
pair-07-case-164,etcd Lease,revoke-replay-break,cycle5,4,0,27,0,1,0,0,0,1,1
pair-07-case-165,etcd Lease,revoke-replay-break,cycle5,4,0,37,0,1,1,0,0,1,1
pair-07-case-166,etcd Lease,revoke-replay-break,cycle5,4,0,0,0,1,0,0,0,1,1
pair-07-case-167,etcd Lease,revoke-replay-break,cycle5,4,0,0,0,1,0,0,0,1,1
pair-07-case-168,etcd Lease,revoke-replay-break,cycle5,4,0,0,0,1,1,0,0,1,1
pair-07-case-169,etcd Lease,revoke-replay-break,cycle5,4,0,0,0,1,0,0,0,1,1
pair-07-case-170,etcd Lease,revoke-replay-break,cycle5,4,0,0,0,1,0,0,0,1,1
pair-07-case-171,etcd Lease,revoke-replay-break,cycle5,4,0,0,0,1,0,0,0,1,1
pair-07-case-172,etcd Lease,revoke-replay-break,cycle5,4,0,0,0,1,1,0,0,1,1
pair-07-case-173,etcd Lease,revoke-replay-break,cycle5,4,0,9,0,1,0,0,0,1,1
pair-07-case-174,etcd Lease,revoke-replay-break,cycle5,4,0,0,0,1,0,0,0,1,1
pair-07-case-175,etcd Lease,revoke-replay-break,cycle5,4,0,9,0,1,0,0,1,1,1
pair-07-case-176,etcd Lease,revoke-replay-break,cycle5,3,0,0,0,1,0,0,0,1,1
pair-07-case-177,etcd Lease,revoke-replay-break,cycle5,4,0,0,0,1,0,0,0,1,1
pair-07-case-178,etcd Lease,revoke-replay-break,cycle5,4,0,0,0,1,0,0,0,1,1
pair-07-case-179,etcd Lease,revoke-replay-break,cycle5,3,0,0,0,1,0,0,0,1,1
pair-07-case-180,etcd Lease,revoke-replay-break,cycle5,4,0,0,0,1,1,0,0,1,1
pair-07-case-181,etcd Lease,revoke-replay-break,cycle5,4,0,42,0,1,1,0,1,1,1
pair-07-case-182,etcd Lease,revoke-replay-break,cycle5,4,0,0,0,1,0,0,0,1,1
pair-07-case-183,etcd Lease,revoke-replay-break,cycle5,4,0,0,0,1,1,0,0,1,1
pair-07-case-184,etcd Lease,revoke-replay-break,cycle5,4,0,0,0,1,1,0,0,1,1
pair-07-case-185,etcd Lease,revoke-replay-break,cycle5,4,0,0,0,1,0,0,0,1,1
pair-07-case-186,etcd Lease,revoke-replay-break,cycle5,3,0,0,0,1,0,0,0,1,1
pair-07-case-187,etcd Lease,revoke-replay-break,cycle5,4,0,0,0,1,0,0,0,1,1
pair-07-case-188,etcd Lease,revoke-replay-break,cycle5,4,0,0,0,1,0,0,0,1,1
pair-07-case-189,etcd Lease,revoke-replay-break,cycle5,3,0,0,0,1,0,0,0,1,1
pair-07-case-190,etcd Lease,revoke-replay-break,cycle5,4,0,0,0,1,1,0,0,1,1
pair-07-case-191,etcd Lease,revoke-replay-break,cycle5,4,0,0,0,1,1,0,0,1,1
pair-07-case-192,etcd Lease,revoke-replay-break,cycle5,4,0,0,0,1,1,0,0,1,1
pair-07-case-193,etcd Lease,revoke-replay-break,cycle5,4,0,0,0,1,0,0,0,1,1
pair-07-case-194,etcd Lease,revoke-replay-break,cycle5,3,0,0,0,1,0,0,0,1,1
pair-07-case-195,etcd Lease,revoke-replay-break,cycle5,4,0,0,0,1,0,0,0,1,1
pair-07-case-196,etcd Lease,revoke-replay-break,cycle5,4,0,0,0,1,1,0,0,1,1
pair-07-case-197,etcd Lease,revoke-replay-break,cycle5,4,0,0,0,1,0,0,0,1,1
pair-07-case-198,etcd Lease,revoke-replay-break,cycle5,3,0,0,0,1,1,0,0,1,1
pair-07-case-199,etcd Lease,revoke-replay-break,cycle5,4,0,0,0,1,0,0,0,1,1
pair-07-case-200,etcd Lease,revoke-replay-break,cycle5,4,0,0,0,1,0,0,0,1,1
pair-07-case-201,etcd Lease,revoke-replay-break,cycle5,4,0,0,0,1,0,0,0,1,1
pair-07-case-202,etcd Lease,revoke-replay-break,cycle5,4,0,0,0,1,0,0,0,1,1
pair-07-case-203,etcd Lease,revoke-replay-break,cycle5,4,0,0,0,1,1,0,0,1,1
pair-07-case-204,etcd Lease,revoke-replay-break,cycle5,4,0,0,0,1,1,0,0,1,1
pair-07-case-205,etcd Lease,revoke-replay-break,cycle5,4,0,27,0,1,0,0,0,1,1
pair-07-case-206,etcd Lease,revoke-replay-break,cycle5,4,0,0,0,1,0,0,0,1,1
pair-07-case-207,etcd Lease,revoke-replay-break,cycle5,3,0,0,0,1,0,0,0,1,1
pair-07-case-208,etcd Lease,revoke-replay-break,cycle5,4,0,0,0,1,0,0,0,1,1
pair-07-case-209,etcd Lease,revoke-replay-break,cycle5,4,0,0,0,1,0,0,0,1,1
pair-07-case-210,etcd Lease,revoke-replay-break,cycle5,4,0,0,0,1,0,0,0,1,1
pair-07-case-211,etcd Lease,revoke-replay-break,cycle5,4,0,0,0,1,0,0,0,1,1
pair-07-case-212,etcd Lease,revoke-replay-break,cycle5,4,0,27,0,1,0,0,1,1,1
pair-07-case-213,etcd Lease,revoke-replay-break,cycle5,4,0,0,0,1,0,0,0,1,1
pair-07-case-214,etcd Lease,revoke-replay-break,cycle5,3,0,0,0,1,0,0,0,1,1
pair-07-case-215,etcd Lease,revoke-replay-break,cycle5,4,0,0,0,1,0,0,0,1,1
pair-07-case-216,etcd Lease,revoke-replay-break,cycle5,4,0,0,0,1,0,0,0,1,1
pair-07-case-217,etcd Lease,revoke-replay-break,cycle5,4,0,0,0,1,0,0,0,1,1
pair-07-case-218,etcd Lease,revoke-replay-break,cycle5,4,0,0,0,1,0,0,0,1,1
pair-07-case-219,etcd Lease,revoke-replay-break,cycle5,4,0,39,0,1,0,0,1,1,1
pair-07-case-220,etcd Lease,revoke-replay-break,cycle5,4,0,21,0,1,1,0,0,1,1
pair-07-case-221,etcd Lease,revoke-replay-break,cycle5,4,0,0,0,1,0,0,0,1,1
pair-07-case-222,etcd Lease,revoke-replay-break,cycle5,4,0,18,0,1,0,0,0,1,1
pair-07-case-223,etcd Lease,revoke-replay-break,cycle5,4,0,0,0,1,0,0,0,1,1
pair-07-case-224,etcd Lease,revoke-replay-break,cycle5,3,0,0,0,1,0,0,0,1,1
pair-07-case-225,etcd Lease,revoke-replay-break,cycle5,4,0,0,0,1,0,0,0,1,1
pair-07-case-226,etcd Lease,revoke-replay-break,cycle5,4,0,0,0,1,0,0,0,1,1
pair-07-case-227,etcd Lease,revoke-replay-break,cycle5,4,0,3,0,1,0,0,1,1,1
pair-07-case-228,etcd Lease,revoke-replay-break,cycle5,4,0,0,0,1,0,0,0,1,1
pair-07-case-229,etcd Lease,revoke-replay-break,cycle5,4,0,0,0,1,0,0,0,1,1
pair-07-case-230,etcd Lease,revoke-replay-break,cycle5,4,0,27,0,1,0,0,0,1,1
pair-07-case-231,etcd Lease,revoke-replay-break,cycle5,4,0,0,0,1,1,0,0,1,1
pair-07-case-232,etcd Lease,revoke-replay-break,cycle5,4,0,0,0,1,0,0,0,1,1
pair-07-case-233,etcd Lease,revoke-replay-break,cycle5,4,0,0,0,1,1,0,0,1,1
pair-07-case-234,etcd Lease,revoke-replay-break,cycle5,3,0,0,0,1,1,0,0,1,1
pair-07-case-235,etcd Lease,revoke-replay-break,cycle5,3,0,0,0,1,0,0,0,1,1
pair-07-case-236,etcd Lease,revoke-replay-break,cycle5,4,0,0,0,1,1,0,0,1,1
pair-07-case-237,etcd Lease,revoke-replay-break,cycle5,4,0,0,0,1,1,0,0,1,1
pair-07-case-238,etcd Lease,revoke-replay-break,cycle5,4,0,14,0,1,1,0,0,1,1
pair-07-case-239,etcd Lease,revoke-replay-break,cycle5,4,0,0,0,1,1,0,0,1,1
pair-07-case-240,etcd Lease,revoke-replay-break,cycle5,4,0,0,0,1,0,0,0,1,1
pair-07-case-241,etcd Lease,revoke-replay-break,cycle5,4,0,0,0,1,0,0,0,1,1
pair-07-case-242,etcd Lease,revoke-replay-break,cycle5,3,0,0,0,1,0,0,0,1,1
pair-07-case-243,etcd Lease,revoke-replay-break,cycle5,3,0,0,0,1,1,0,0,1,1
pair-07-case-244,etcd Lease,revoke-replay-break,cycle5,4,0,0,0,1,0,0,0,1,1
pair-07-case-245,etcd Lease,revoke-replay-break,cycle5,4,0,0,0,1,0,0,0,1,1
pair-07-case-246,etcd Lease,revoke-replay-break,cycle5,4,0,0,0,1,0,0,0,1,1
pair-07-case-247,etcd Lease,revoke-replay-break,cycle5,4,0,0,0,1,0,0,0,1,1
pair-07-case-248,etcd Lease,revoke-replay-break,cycle5,4,0,0,0,1,0,0,0,1,1
pair-07-case-249,etcd Lease,revoke-replay-break,cycle5,4,0,0,0,1,0,0,0,1,1
pair-07-case-250,etcd Lease,revoke-replay-break,cycle5,4,0,0,0,1,0,0,0,1,1
pair-07-case-251,etcd Lease,revoke-replay-break,cycle5,4,0,0,0,1,1,0,0,1,1
pair-07-case-252,etcd Lease,revoke-replay-break,cycle5,3,0,0,0,1,0,0,0,1,1
pair-07-case-253,etcd Lease,revoke-replay-break,cycle5,4,0,0,0,1,0,0,0,1,1
pair-07-case-254,etcd Lease,revoke-replay-break,cycle5,3,0,0,0,1,1,0,0,1,1
pair-07-case-255,etcd Lease,revoke-replay-break,cycle5,4,0,0,0,1,0,0,0,1,1
pair-07-case-256,etcd Lease,revoke-replay-break,cycle5,4,0,0,0,1,0,0,0,1,1
pair-07-case-257,etcd Lease,revoke-replay-break,cycle5,4,0,0,0,1,0,0,0,1,1
pair-07-case-258,etcd Lease,revoke-replay-break,cycle5,4,0,0,0,1,0,0,0,1,1
pair-07-case-259,etcd Lease,revoke-replay-break,cycle5,4,0,0,0,1,0,0,0,1,1
pair-07-case-260,etcd Lease,revoke-replay-break,cycle5,3,0,0,0,1,1,0,0,1,1
pair-07-case-261,etcd Lease,revoke-replay-break,cycle5,4,0,0,0,1,0,0,0,1,1
pair-07-case-262,etcd Lease,revoke-replay-break,cycle5,4,0,0,0,1,1,0,0,1,1
pair-07-case-263,etcd Lease,revoke-replay-break,cycle5,3,0,0,0,1,1,0,0,1,1
pair-07-case-264,etcd Lease,revoke-replay-break,cycle5,4,0,0,0,1,0,0,0,1,1
pair-07-case-265,etcd Lease,revoke-replay-break,cycle5,4,0,0,0,1,1,0,0,1,1
pair-07-case-266,etcd Lease,revoke-replay-break,cycle5,4,0,21,0,1,1,0,0,1,1
pair-07-case-267,etcd Lease,revoke-replay-break,cycle5,4,0,0,0,1,0,0,0,1,1
pair-07-case-268,etcd Lease,revoke-replay-break,cycle5,3,0,0,0,1,1,0,0,1,1
pair-07-case-269,etcd Lease,revoke-replay-break,cycle5,4,0,0,0,1,1,0,0,1,1
pair-07-case-270,etcd Lease,revoke-replay-break,cycle5,4,0,0,0,1,1,0,0,1,1
pair-07-case-271,etcd Lease,revoke-replay-break,cycle5,4,1,69,10,0,1,0,1,1,1
pair-07-case-272,etcd Lease,revoke-replay-break,cycle5,4,0,18,0,1,1,0,0,1,1
pair-07-case-273,etcd Lease,revoke-replay-break,cycle5,4,0,0,0,1,0,0,0,1,1
pair-07-case-274,etcd Lease,revoke-replay-break,cycle5,4,0,0,0,1,0,0,0,1,1
pair-07-case-275,etcd Lease,revoke-replay-break,cycle5,3,0,63,0,1,1,0,1,1,1
pair-07-case-276,etcd Lease,revoke-replay-break,cycle5,4,0,14,0,1,1,0,1,1,1
pair-07-case-277,etcd Lease,revoke-replay-break,cycle5,4,0,0,0,1,1,0,0,1,1
pair-07-case-278,etcd Lease,revoke-replay-break,cycle5,4,0,0,0,1,0,0,0,1,1
pair-07-case-279,etcd Lease,revoke-replay-break,cycle5,4,0,0,0,1,1,0,0,1,1
pair-07-case-280,etcd Lease,revoke-replay-break,cycle5,4,0,0,0,1,1,0,0,1,1
pair-07-case-281,etcd Lease,revoke-replay-break,cycle5,4,0,0,0,1,1,0,0,1,1
pair-07-case-282,etcd Lease,revoke-replay-break,cycle5,4,0,27,0,1,0,0,0,1,1
pair-07-case-283,etcd Lease,revoke-replay-break,cycle5,4,0,0,0,1,1,1,0,1,1
pair-07-case-284,etcd Lease,revoke-replay-break,cycle5,4,0,0,0,1,0,0,0,1,1
pair-07-case-285,etcd Lease,revoke-replay-break,cycle5,4,0,0,0,1,1,0,0,1,1
pair-07-case-286,etcd Lease,revoke-replay-break,cycle5,4,0,0,0,1,0,0,0,1,1
pair-07-case-287,etcd Lease,revoke-replay-break,cycle5,4,0,0,0,1,0,0,0,1,1
pair-07-case-288,etcd Lease,revoke-replay-break,cycle5,3,0,0,0,1,1,0,0,1,1
pair-07-case-289,etcd Lease,revoke-replay-break,cycle5,4,0,0,0,1,0,0,0,1,1
pair-07-case-290,etcd Lease,revoke-replay-break,cycle5,4,0,0,0,1,0,0,0,1,1
pair-07-case-291,etcd Lease,revoke-replay-break,cycle5,4,0,0,0,1,0,0,0,1,1
pair-07-case-292,etcd Lease,revoke-replay-break,cycle5,4,0,0,0,1,0,0,0,1,1
pair-07-case-293,etcd Lease,revoke-replay-break,cycle5,4,0,3,0,1,0,0,0,1,1
pair-07-case-294,etcd Lease,revoke-replay-break,cycle5,4,0,0,0,1,0,0,0,1,1
pair-07-case-295,etcd Lease,revoke-replay-break,cycle5,4,0,0,0,1,0,0,0,1,1
pair-07-case-296,etcd Lease,revoke-replay-break,cycle5,4,0,0,0,1,0,0,0,1,1
pair-07-case-297,etcd Lease,revoke-replay-break,cycle5,4,0,0,0,1,0,0,0,1,1
pair-07-case-298,etcd Lease,revoke-replay-break,cycle5,4,0,0,0,1,0,0,0,1,1
pair-07-case-299,etcd Lease,revoke-replay-break,cycle5,4,0,0,0,1,0,0,0,1,1
pair-07-case-300,etcd Lease,revoke-replay-break,cycle5,4,0,0,0,1,1,0,0,1,1
pair-07-case-301,etcd Lease,revoke-replay-break,cycle5,4,0,0,0,1,0,0,0,1,1
pair-07-case-302,etcd Lease,revoke-replay-break,cycle5,4,0,0,0,1,0,0,0,1,1
pair-07-case-303,etcd Lease,revoke-replay-break,cycle5,4,0,0,0,1,1,0,0,1,1
pair-07-case-304,etcd Lease,revoke-replay-break,cycle5,4,0,0,0,1,1,0,0,1,1
pair-07-case-305,etcd Lease,revoke-replay-break,cycle5,4,0,0,0,1,0,0,0,1,1
pair-07-case-306,etcd Lease,revoke-replay-break,cycle5,4,0,0,0,1,0,0,0,1,1
pair-07-case-307,etcd Lease,revoke-replay-break,cycle5,4,0,0,0,1,1,0,0,1,1
pair-07-case-308,etcd Lease,revoke-replay-break,cycle5,4,1,65,10,0,1,0,1,1,1
pair-07-case-309,etcd Lease,revoke-replay-break,cycle5,4,0,0,0,1,0,0,0,1,1
pair-07-case-310,etcd Lease,revoke-replay-break,cycle5,4,0,0,0,1,1,0,0,1,1
pair-07-case-311,etcd Lease,revoke-replay-break,cycle5,4,0,0,0,1,0,0,0,1,1
pair-07-case-312,etcd Lease,revoke-replay-break,cycle5,2,0,0,0,1,1,1,0,1,1
pair-07-case-313,etcd Lease,revoke-replay-break,cycle5,4,0,0,0,1,1,0,0,1,1
pair-07-case-314,etcd Lease,revoke-replay-break,cycle5,4,0,0,0,1,1,0,0,1,1
pair-07-case-315,etcd Lease,revoke-replay-break,cycle5,4,0,0,0,1,0,0,0,1,1
pair-07-case-316,etcd Lease,revoke-replay-break,cycle5,4,0,0,0,1,0,0,0,1,1
pair-07-case-317,etcd Lease,revoke-replay-break,cycle5,4,0,0,0,1,0,0,0,1,1
pair-07-case-318,etcd Lease,revoke-replay-break,cycle5,4,0,9,0,1,1,0,0,1,1
pair-07-case-319,etcd Lease,revoke-replay-break,cycle5,4,0,0,0,1,1,1,0,1,1
pair-07-case-320,etcd Lease,revoke-replay-break,cycle5,4,0,0,0,1,0,0,0,1,1
pair-07-case-321,etcd Lease,revoke-replay-break,cycle5,4,0,0,0,1,0,0,0,1,1
pair-07-case-322,etcd Lease,revoke-replay-break,cycle5,4,0,0,0,1,1,1,0,1,1
pair-07-case-323,etcd Lease,revoke-replay-break,cycle5,4,0,0,0,1,0,0,0,1,1
pair-07-case-324,etcd Lease,revoke-replay-break,cycle5,4,0,0,0,1,0,0,0,1,1
pair-07-case-325,etcd Lease,revoke-replay-break,cycle5,4,0,0,0,1,0,0,0,1,1
pair-07-case-326,etcd Lease,revoke-replay-break,cycle5,4,0,0,0,1,0,0,0,1,1
pair-07-case-327,etcd Lease,revoke-replay-break,cycle5,4,0,0,0,1,0,0,0,1,1
pair-07-case-328,etcd Lease,revoke-replay-break,cycle5,4,0,0,0,1,0,0,0,1,1
pair-07-case-329,etcd Lease,revoke-replay-break,cycle5,4,0,0,0,1,0,0,0,1,1
pair-07-case-330,etcd Lease,revoke-replay-break,cycle5,4,0,0,0,1,0,0,0,1,1
pair-07-case-331,etcd Lease,revoke-replay-break,cycle5,4,0,0,0,1,0,0,0,1,1
pair-07-case-332,etcd Lease,revoke-replay-break,cycle5,4,0,0,0,1,1,0,0,1,1
pair-07-case-333,etcd Lease,revoke-replay-break,cycle5,4,0,0,0,1,0,0,0,1,1
pair-07-case-334,etcd Lease,revoke-replay-break,cycle5,3,0,0,0,1,1,0,0,1,1
pair-07-case-335,etcd Lease,revoke-replay-break,cycle5,4,0,0,0,1,0,0,0,1,1
pair-07-case-336,etcd Lease,revoke-replay-break,cycle5,3,0,0,0,1,1,1,0,1,1
pair-07-case-337,etcd Lease,revoke-replay-break,cycle5,4,0,0,0,1,0,0,0,1,1
pair-07-case-338,etcd Lease,revoke-replay-break,cycle5,4,0,0,0,1,0,0,0,1,1
pair-07-case-339,etcd Lease,revoke-replay-break,cycle5,4,0,0,0,1,0,0,0,1,1
pair-07-case-340,etcd Lease,revoke-replay-break,cycle5,4,0,0,0,1,0,0,0,1,1
pair-07-case-341,etcd Lease,revoke-replay-break,cycle5,4,1,63,10,0,1,0,1,1,1
pair-07-case-342,etcd Lease,revoke-replay-break,cycle5,4,0,0,0,1,1,0,0,1,1
pair-07-case-343,etcd Lease,revoke-replay-break,cycle5,4,0,3,0,1,0,0,0,1,1
pair-07-case-344,etcd Lease,revoke-replay-break,cycle5,4,0,9,0,1,0,0,1,1,1
pair-07-case-345,etcd Lease,revoke-replay-break,cycle5,4,0,0,0,1,1,0,0,1,1
pair-07-case-346,etcd Lease,revoke-replay-break,cycle5,4,0,0,0,1,1,0,0,1,1
pair-07-case-347,etcd Lease,revoke-replay-break,cycle5,4,0,0,0,1,0,0,0,1,1
pair-07-case-348,etcd Lease,revoke-replay-break,cycle5,3,0,21,0,1,1,0,1,1,1
pair-07-case-349,etcd Lease,revoke-replay-break,cycle5,4,0,0,0,1,0,0,0,1,1
pair-07-case-350,etcd Lease,revoke-replay-break,cycle5,4,0,0,0,1,0,0,0,1,1
pair-07-case-351,etcd Lease,revoke-replay-break,cycle5,2,0,0,0,1,1,1,0,1,1
pair-07-case-352,etcd Lease,revoke-replay-break,cycle5,4,0,0,0,1,1,0,0,1,1
pair-07-case-353,etcd Lease,revoke-replay-break,cycle5,4,0,9,0,1,0,0,1,1,1
pair-07-case-354,etcd Lease,revoke-replay-break,cycle5,4,0,0,0,1,0,0,0,1,1
pair-07-case-355,etcd Lease,revoke-replay-break,cycle5,4,0,0,0,1,0,0,0,1,1
pair-07-case-356,etcd Lease,revoke-replay-break,cycle5,4,0,0,0,1,0,0,0,1,1
pair-07-case-357,etcd Lease,revoke-replay-break,cycle5,4,0,0,0,1,0,0,0,1,1
pair-07-case-358,etcd Lease,revoke-replay-break,cycle5,4,0,0,0,1,0,0,0,1,1
pair-07-case-359,etcd Lease,revoke-replay-break,cycle5,4,0,0,0,1,0,0,0,1,1
pair-07-case-360,etcd Lease,revoke-replay-break,cycle5,4,0,0,0,1,1,0,0,1,1
pair-07-case-361,etcd Lease,revoke-replay-break,cycle5,4,0,0,0,1,1,0,0,1,1
pair-07-case-362,etcd Lease,revoke-replay-break,cycle5,4,0,0,0,1,0,0,0,1,1
pair-07-case-363,etcd Lease,revoke-replay-break,cycle5,4,0,0,0,1,0,0,0,1,1
pair-07-case-364,etcd Lease,revoke-replay-break,cycle5,4,0,0,0,1,1,0,0,1,1
pair-07-case-365,etcd Lease,revoke-replay-break,cycle5,4,0,0,0,1,0,0,0,1,1
pair-07-case-366,etcd Lease,revoke-replay-break,cycle5,4,0,0,0,1,0,0,0,1,1
pair-07-case-367,etcd Lease,revoke-replay-break,cycle5,4,0,0,0,1,0,0,0,1,1
pair-07-case-368,etcd Lease,revoke-replay-break,cycle5,4,0,0,0,1,0,0,0,1,1
pair-07-case-369,etcd Lease,revoke-replay-break,cycle5,4,0,0,0,1,0,0,0,1,1
pair-07-case-370,etcd Lease,revoke-replay-break,cycle5,4,0,0,0,1,1,0,0,1,1
pair-07-case-371,etcd Lease,revoke-replay-break,cycle5,4,0,0,0,1,1,0,0,1,1
pair-07-case-372,etcd Lease,revoke-replay-break,cycle5,4,0,0,0,1,0,0,0,1,1
pair-07-case-373,etcd Lease,revoke-replay-break,cycle5,4,0,0,0,1,1,0,0,1,1
pair-07-case-374,etcd Lease,revoke-replay-break,cycle5,4,0,0,0,1,0,0,0,1,1
pair-07-case-375,etcd Lease,revoke-replay-break,cycle5,4,0,0,0,1,1,0,0,1,1
pair-07-case-376,etcd Lease,revoke-replay-break,cycle5,4,0,0,0,1,0,0,0,1,1
pair-07-case-377,etcd Lease,revoke-replay-break,cycle5,4,0,0,0,1,0,0,0,1,1
pair-07-case-378,etcd Lease,revoke-replay-break,cycle5,4,0,0,0,1,0,0,0,1,1
pair-07-case-379,etcd Lease,revoke-replay-break,cycle5,4,0,0,0,1,0,0,0,1,1
pair-07-case-380,etcd Lease,revoke-replay-break,cycle5,4,0,0,0,1,1,0,0,1,1
pair-07-case-381,etcd Lease,revoke-replay-break,cycle5,3,0,0,0,1,0,0,0,1,1
pair-07-case-382,etcd Lease,revoke-replay-break,cycle5,4,0,0,0,1,0,0,0,1,1
pair-07-case-383,etcd Lease,revoke-replay-break,cycle5,4,0,0,0,1,1,0,0,1,1
pair-07-case-384,etcd Lease,revoke-replay-break,cycle5,4,0,0,0,1,0,0,0,1,1
pair-07-case-385,etcd Lease,revoke-replay-break,cycle5,4,0,0,0,1,0,0,0,1,1
pair-07-case-386,etcd Lease,revoke-replay-break,cycle5,4,0,0,0,1,1,0,0,1,1
pair-07-case-387,etcd Lease,revoke-replay-break,cycle5,4,0,3,0,1,1,0,0,1,1
pair-07-case-388,etcd Lease,revoke-replay-break,cycle5,4,0,0,0,1,0,0,0,1,1
pair-07-case-389,etcd Lease,revoke-replay-break,cycle5,4,0,0,0,1,0,0,0,1,1
pair-07-case-390,etcd Lease,revoke-replay-break,cycle5,4,0,0,0,1,0,0,0,1,1
pair-07-case-391,etcd Lease,revoke-replay-break,cycle5,4,0,0,0,1,0,0,0,1,1
pair-07-case-392,etcd Lease,revoke-replay-break,cycle5,4,0,0,0,1,1,0,0,1,1
pair-07-case-393,etcd Lease,revoke-replay-break,cycle5,4,0,0,0,1,1,0,0,1,1
pair-07-case-394,etcd Lease,revoke-replay-break,cycle5,4,0,0,0,1,1,0,0,1,1
pair-07-case-395,etcd Lease,revoke-replay-break,cycle5,4,0,0,0,1,1,0,0,1,1
pair-07-case-396,etcd Lease,revoke-replay-break,cycle5,3,0,0,0,1,1,0,0,1,1
pair-07-case-397,etcd Lease,revoke-replay-break,cycle5,4,0,0,0,1,0,0,0,1,1
pair-07-case-398,etcd Lease,revoke-replay-break,cycle5,4,0,0,0,1,1,0,0,1,1
pair-07-case-399,etcd Lease,revoke-replay-break,cycle5,4,0,0,0,1,1,0,0,1,1
pair-07-case-400,etcd Lease,revoke-replay-break,cycle5,4,0,0,0,1,0,0,0,1,1
pair-07-case-401,etcd Lease,revoke-replay-break,cycle5,4,0,0,0,1,0,0,0,1,1
pair-07-case-402,etcd Lease,revoke-replay-break,cycle5,4,0,0,0,1,0,0,0,1,1
pair-07-case-403,etcd Lease,revoke-replay-break,cycle5,4,0,0,0,1,0,0,0,1,1
pair-07-case-404,etcd Lease,revoke-replay-break,cycle5,4,0,0,0,1,1,0,0,1,1
pair-07-case-405,etcd Lease,revoke-replay-break,cycle5,4,0,0,0,1,1,0,0,1,1
pair-07-case-406,etcd Lease,revoke-replay-break,cycle5,4,0,0,0,1,0,0,0,1,1
pair-07-case-407,etcd Lease,revoke-replay-break,cycle5,4,0,0,0,1,0,0,0,1,1
pair-07-case-408,etcd Lease,revoke-replay-break,cycle5,4,0,0,0,1,1,0,0,1,1
pair-07-case-409,etcd Lease,revoke-replay-break,cycle5,4,0,15,0,1,1,0,1,1,1
pair-07-case-410,etcd Lease,revoke-replay-break,cycle5,4,0,0,0,1,0,0,0,1,1
pair-07-case-411,etcd Lease,revoke-replay-break,cycle5,4,0,0,0,1,1,0,0,1,1
pair-07-case-412,etcd Lease,revoke-replay-break,cycle5,4,0,0,0,1,1,0,0,1,1
pair-07-case-413,etcd Lease,revoke-replay-break,cycle5,4,0,0,0,1,0,0,0,1,1
pair-07-case-414,etcd Lease,revoke-replay-break,cycle5,4,0,18,0,1,0,0,1,1,1
pair-07-case-415,etcd Lease,revoke-replay-break,cycle5,4,0,9,0,1,0,0,0,1,1
pair-07-case-416,etcd Lease,revoke-replay-break,cycle5,4,0,0,0,1,0,0,0,1,1
pair-07-case-417,etcd Lease,revoke-replay-break,cycle5,4,0,0,0,1,0,0,0,1,1
pair-07-case-418,etcd Lease,revoke-replay-break,cycle5,4,0,0,0,1,0,0,0,1,1
pair-07-case-419,etcd Lease,revoke-replay-break,cycle5,4,0,0,0,1,0,0,0,1,1
pair-07-case-420,etcd Lease,revoke-replay-break,cycle5,4,0,0,0,1,0,0,0,1,1
pair-07-case-421,etcd Lease,revoke-replay-break,cycle5,4,0,21,0,1,0,0,1,1,1
pair-07-case-422,etcd Lease,revoke-replay-break,cycle5,4,0,9,0,1,0,0,0,1,1
pair-07-case-423,etcd Lease,revoke-replay-break,cycle5,3,0,0,0,1,0,0,0,1,1
pair-07-case-424,etcd Lease,revoke-replay-break,cycle5,4,0,0,0,1,0,0,0,1,1
pair-07-case-425,etcd Lease,revoke-replay-break,cycle5,4,0,0,0,1,0,0,0,1,1
pair-07-case-426,etcd Lease,revoke-replay-break,cycle5,4,0,0,0,1,0,0,0,1,1
pair-07-case-427,etcd Lease,revoke-replay-break,cycle5,4,0,0,0,1,0,0,0,1,1
pair-07-case-428,etcd Lease,revoke-replay-break,cycle5,3,0,18,0,1,1,0,1,1,1
pair-07-case-429,etcd Lease,revoke-replay-break,cycle5,4,0,0,0,1,0,0,0,1,1
pair-07-case-430,etcd Lease,revoke-replay-break,cycle5,4,0,0,0,1,0,0,0,1,1
pair-07-case-431,etcd Lease,revoke-replay-break,cycle5,4,0,0,0,1,0,0,0,1,1
pair-07-case-432,etcd Lease,revoke-replay-break,cycle5,4,0,0,0,1,0,0,0,1,1
pair-07-case-433,etcd Lease,revoke-replay-break,cycle5,3,0,0,0,1,0,0,0,1,1
pair-07-case-434,etcd Lease,revoke-replay-break,cycle5,4,0,0,0,1,0,0,0,1,1
pair-07-case-435,etcd Lease,revoke-replay-break,cycle5,4,0,0,0,1,0,0,0,1,1
pair-07-case-436,etcd Lease,revoke-replay-break,cycle5,4,0,0,0,1,1,0,0,1,1
pair-07-case-437,etcd Lease,revoke-replay-break,cycle5,4,0,0,0,1,0,0,0,1,1
pair-07-case-438,etcd Lease,revoke-replay-break,cycle5,4,0,0,0,1,0,0,0,1,1
pair-07-case-439,etcd Lease,revoke-replay-break,cycle5,4,0,0,0,1,0,0,0,1,1
pair-07-case-440,etcd Lease,revoke-replay-break,cycle5,4,0,0,0,1,0,0,0,1,1
pair-07-case-441,etcd Lease,revoke-replay-break,cycle5,4,0,0,0,1,0,0,0,1,1
pair-07-case-442,etcd Lease,revoke-replay-break,cycle5,3,0,0,0,1,0,0,0,1,1
pair-07-case-443,etcd Lease,revoke-replay-break,cycle5,4,0,0,0,1,0,0,0,1,1
pair-07-case-444,etcd Lease,revoke-replay-break,cycle5,4,0,0,0,1,0,0,0,1,1
pair-07-case-445,etcd Lease,revoke-replay-break,cycle5,3,0,54,0,1,0,0,1,1,1
pair-07-case-446,etcd Lease,revoke-replay-break,cycle5,4,0,0,0,1,1,0,0,1,1
pair-07-case-447,etcd Lease,revoke-replay-break,cycle5,4,0,0,0,1,0,0,0,1,1
pair-07-case-448,etcd Lease,revoke-replay-break,cycle5,4,0,0,0,1,0,0,0,1,1
pair-07-case-449,etcd Lease,revoke-replay-break,cycle5,4,0,0,0,1,1,0,0,1,1
pair-07-case-450,etcd Lease,revoke-replay-break,cycle5,4,0,0,0,1,0,0,0,1,1
pair-07-case-451,etcd Lease,revoke-replay-break,cycle5,4,0,0,0,1,0,0,0,1,1
pair-07-case-452,etcd Lease,revoke-replay-break,cycle5,4,0,0,0,1,0,0,0,1,1
pair-07-case-453,etcd Lease,revoke-replay-break,cycle5,4,0,0,0,1,0,0,0,1,1
pair-07-case-454,etcd Lease,revoke-replay-break,cycle5,4,0,21,0,1,0,0,1,1,1
pair-07-case-455,etcd Lease,revoke-replay-break,cycle5,4,0,0,0,1,0,0,0,1,1
pair-07-case-456,etcd Lease,revoke-replay-break,cycle5,4,0,0,0,1,0,0,0,1,1
pair-07-case-457,etcd Lease,revoke-replay-break,cycle5,4,0,0,0,1,1,0,0,1,1
pair-07-case-458,etcd Lease,revoke-replay-break,cycle5,4,0,0,0,1,0,0,0,1,1
pair-07-case-459,etcd Lease,revoke-replay-break,cycle5,4,0,0,0,1,1,0,0,1,1
pair-07-case-460,etcd Lease,revoke-replay-break,cycle5,4,0,0,0,1,1,0,0,1,1
pair-07-case-461,etcd Lease,revoke-replay-break,cycle5,4,0,0,0,1,0,0,0,1,1
pair-07-case-462,etcd Lease,revoke-replay-break,cycle5,3,0,0,0,1,1,0,0,1,1
pair-07-case-463,etcd Lease,revoke-replay-break,cycle5,4,0,0,0,1,0,0,0,1,1
pair-07-case-464,etcd Lease,revoke-replay-break,cycle5,4,0,0,0,1,1,0,0,1,1
pair-07-case-465,etcd Lease,revoke-replay-break,cycle5,4,0,9,0,1,1,0,1,1,1
pair-07-case-466,etcd Lease,revoke-replay-break,cycle5,4,0,27,0,1,1,0,0,1,1
pair-07-case-467,etcd Lease,revoke-replay-break,cycle5,4,0,0,0,1,0,0,0,1,1
pair-07-case-468,etcd Lease,revoke-replay-break,cycle5,4,0,0,0,1,0,0,0,1,1
pair-07-case-469,etcd Lease,revoke-replay-break,cycle5,3,0,81,0,1,0,0,0,1,1
pair-07-case-470,etcd Lease,revoke-replay-break,cycle5,4,0,0,0,1,0,0,0,1,1
pair-07-case-471,etcd Lease,revoke-replay-break,cycle5,4,0,0,0,1,0,0,0,1,1
pair-07-case-472,etcd Lease,revoke-replay-break,cycle5,4,1,77,10,0,1,0,1,1,1
pair-07-case-473,etcd Lease,revoke-replay-break,cycle5,4,0,0,0,1,0,0,0,1,1
pair-07-case-474,etcd Lease,revoke-replay-break,cycle5,4,0,0,0,1,0,0,0,1,1
pair-07-case-475,etcd Lease,revoke-replay-break,cycle5,4,0,0,0,1,0,0,0,1,1
pair-07-case-476,etcd Lease,revoke-replay-break,cycle5,4,0,0,0,1,0,0,0,1,1
pair-07-case-477,etcd Lease,revoke-replay-break,cycle5,4,0,21,0,1,0,0,0,1,1
pair-07-case-478,etcd Lease,revoke-replay-break,cycle5,4,0,15,0,1,1,0,0,1,1
pair-07-case-479,etcd Lease,revoke-replay-break,cycle5,3,0,0,0,1,0,0,0,1,1
pair-07-case-480,etcd Lease,revoke-replay-break,cycle5,4,0,0,0,1,1,0,0,1,1
pair-07-case-481,etcd Lease,revoke-replay-break,cycle5,4,0,0,0,1,0,0,0,1,1
pair-07-case-482,etcd Lease,revoke-replay-break,cycle5,4,0,0,0,1,1,0,0,1,1
pair-07-case-483,etcd Lease,revoke-replay-break,cycle5,4,0,0,0,1,0,0,0,1,1
pair-07-case-484,etcd Lease,revoke-replay-break,cycle5,4,0,0,0,1,0,0,0,1,1
pair-07-case-485,etcd Lease,revoke-replay-break,cycle5,3,0,27,0,1,0,0,1,1,1
pair-07-case-486,etcd Lease,revoke-replay-break,cycle5,4,0,0,0,1,0,0,0,1,1
pair-07-case-487,etcd Lease,revoke-replay-break,cycle5,4,0,0,0,1,0,0,0,1,1
pair-07-case-488,etcd Lease,revoke-replay-break,cycle5,4,0,0,0,1,0,0,0,1,1
pair-07-case-489,etcd Lease,revoke-replay-break,cycle5,4,0,0,0,1,1,0,0,1,1
pair-07-case-490,etcd Lease,revoke-replay-break,cycle5,3,0,0,0,1,1,0,0,1,1
pair-07-case-491,etcd Lease,revoke-replay-break,cycle5,4,0,9,0,1,1,0,0,1,1
pair-07-case-492,etcd Lease,revoke-replay-break,cycle5,4,0,0,0,1,0,0,0,1,1
pair-07-case-493,etcd Lease,revoke-replay-break,cycle5,4,0,9,0,1,0,0,1,1,1
pair-07-case-494,etcd Lease,revoke-replay-break,cycle5,4,0,18,0,1,1,0,1,1,1
pair-07-case-495,etcd Lease,revoke-replay-break,cycle5,4,0,27,0,1,0,0,1,1,1
pair-07-case-496,etcd Lease,revoke-replay-break,cycle5,4,0,0,0,1,0,0,0,1,1
pair-07-case-497,etcd Lease,revoke-replay-break,cycle5,4,0,9,0,1,0,0,0,1,1
pair-07-case-498,etcd Lease,revoke-replay-break,cycle5,3,0,0,0,1,0,0,0,1,1
pair-07-case-499,etcd Lease,revoke-replay-break,cycle5,4,0,0,0,1,0,0,0,1,1
pair-08-case-000,etcd Lease,ttl-additive,chain3,0,1,27,6,0,1,1,1,1,1
pair-08-case-001,etcd Lease,ttl-additive,chain3,1,0,0,0,1,0,0,0,1,1
pair-08-case-002,etcd Lease,ttl-additive,chain3,1,0,9,0,1,0,0,1,1,1
pair-08-case-003,etcd Lease,ttl-additive,chain3,1,0,0,0,1,1,1,0,1,1
pair-08-case-004,etcd Lease,ttl-additive,chain3,1,0,0,0,1,1,1,0,1,1
pair-08-case-005,etcd Lease,ttl-additive,chain3,1,0,9,0,1,1,0,1,1,1
pair-08-case-006,etcd Lease,ttl-additive,chain3,1,0,0,0,1,0,0,0,1,1
pair-08-case-007,etcd Lease,ttl-additive,chain3,1,0,9,0,1,0,0,1,1,1
pair-08-case-008,etcd Lease,ttl-additive,chain3,1,0,9,0,1,1,1,0,1,1
pair-08-case-009,etcd Lease,ttl-additive,chain3,1,0,0,0,1,1,1,0,1,1
pair-08-case-010,etcd Lease,ttl-additive,chain3,1,0,0,0,1,1,1,0,1,1
pair-08-case-011,etcd Lease,ttl-additive,chain3,1,0,9,0,1,1,0,1,1,1
pair-08-case-012,etcd Lease,ttl-additive,chain3,1,0,0,0,1,0,0,0,1,1
pair-08-case-013,etcd Lease,ttl-additive,chain3,1,0,9,0,1,0,0,1,1,1
pair-08-case-014,etcd Lease,ttl-additive,chain3,1,0,9,0,1,1,1,0,1,1
pair-08-case-015,etcd Lease,ttl-additive,chain3,1,0,0,0,1,1,1,0,1,1
pair-08-case-016,etcd Lease,ttl-additive,chain3,1,0,0,0,1,1,1,0,1,1
pair-08-case-017,etcd Lease,ttl-additive,chain3,1,0,9,0,1,1,0,1,1,1
pair-08-case-018,etcd Lease,ttl-additive,chain3,1,1,21,6,0,1,0,1,1,1
pair-08-case-019,etcd Lease,ttl-additive,chain3,1,1,21,6,0,1,0,1,1,1
pair-08-case-020,etcd Lease,ttl-additive,chain3,1,1,21,6,0,1,0,1,1,1
pair-08-case-021,etcd Lease,ttl-additive,chain3,1,1,21,6,0,1,0,1,1,1
pair-08-case-022,etcd Lease,ttl-additive,chain3,2,1,15,6,0,1,0,1,1,1
pair-08-case-023,etcd Lease,ttl-additive,chain3,2,1,17,6,0,1,0,1,1,1
pair-08-case-024,etcd Lease,ttl-additive,chain3,2,1,15,6,0,1,0,1,1,1
pair-08-case-025,etcd Lease,ttl-additive,chain3,2,1,15,6,0,1,0,1,1,1
pair-08-case-026,etcd Lease,ttl-additive,chain3,4,1,7,6,0,1,0,1,1,1
pair-08-case-027,etcd Lease,ttl-additive,chain3,3,1,11,6,0,1,0,1,1,1
pair-08-case-028,etcd Lease,ttl-additive,chain3,3,1,11,6,0,1,0,1,1,1
pair-08-case-029,etcd Lease,ttl-additive,chain3,2,1,15,6,0,1,0,1,1,1
pair-08-case-030,etcd Lease,ttl-additive,chain3,3,1,11,6,0,1,0,1,1,1
pair-08-case-031,etcd Lease,ttl-additive,chain3,3,1,11,6,0,1,0,1,1,1
pair-08-case-032,etcd Lease,ttl-additive,chain3,2,1,17,6,0,1,0,1,1,1
pair-08-case-033,etcd Lease,ttl-additive,chain3,4,0,0,0,1,1,0,0,1,1
pair-08-case-034,etcd Lease,ttl-additive,chain3,4,0,0,0,1,0,0,0,1,1
pair-08-case-035,etcd Lease,ttl-additive,chain3,4,0,0,0,1,0,0,0,1,1
pair-08-case-036,etcd Lease,ttl-additive,chain3,4,0,2,0,1,0,0,1,1,1
pair-08-case-037,etcd Lease,ttl-additive,chain3,4,0,0,0,1,0,0,0,1,1
pair-08-case-038,etcd Lease,ttl-additive,chain3,4,0,0,0,1,0,0,0,1,1
pair-08-case-039,etcd Lease,ttl-additive,chain3,4,0,0,0,1,1,0,0,1,1
pair-08-case-040,etcd Lease,ttl-additive,chain3,4,0,0,0,1,1,0,0,1,1
pair-08-case-041,etcd Lease,ttl-additive,chain3,4,0,0,0,1,0,0,0,1,1
pair-08-case-042,etcd Lease,ttl-additive,chain3,4,0,0,0,1,0,0,0,1,1
pair-08-case-043,etcd Lease,ttl-additive,chain3,4,0,0,0,1,0,0,0,1,1
pair-08-case-044,etcd Lease,ttl-additive,chain3,4,0,0,0,1,0,0,0,1,1
pair-08-case-045,etcd Lease,ttl-additive,chain3,4,0,6,0,1,1,0,0,1,1
pair-08-case-046,etcd Lease,ttl-additive,chain3,4,0,2,0,1,0,0,1,1,1
pair-08-case-047,etcd Lease,ttl-additive,chain3,4,0,0,0,1,0,0,0,1,1
pair-08-case-048,etcd Lease,ttl-additive,chain3,3,0,0,0,1,1,0,0,1,1
pair-08-case-049,etcd Lease,ttl-additive,chain3,4,0,0,0,1,0,0,0,1,1
pair-08-case-050,etcd Lease,ttl-additive,chain3,4,0,0,0,1,1,0,0,1,1
pair-08-case-051,etcd Lease,ttl-additive,chain3,4,0,1,0,1,1,0,0,1,1
pair-08-case-052,etcd Lease,ttl-additive,chain3,4,0,0,0,1,0,0,0,1,1
pair-08-case-053,etcd Lease,ttl-additive,chain3,4,0,0,0,1,0,0,0,1,1
pair-08-case-054,etcd Lease,ttl-additive,chain3,4,0,0,0,1,0,0,0,1,1
pair-08-case-055,etcd Lease,ttl-additive,chain3,4,0,0,0,1,0,0,0,1,1
pair-08-case-056,etcd Lease,ttl-additive,chain3,3,0,0,0,1,0,0,0,1,1
pair-08-case-057,etcd Lease,ttl-additive,chain3,4,0,0,0,1,1,0,0,1,1
pair-08-case-058,etcd Lease,ttl-additive,chain3,4,0,0,0,1,0,0,0,1,1
pair-08-case-059,etcd Lease,ttl-additive,chain3,4,0,0,0,1,0,0,0,1,1
pair-08-case-060,etcd Lease,ttl-additive,chain3,4,0,0,0,1,0,0,0,1,1
pair-08-case-061,etcd Lease,ttl-additive,chain3,4,0,0,0,1,0,0,0,1,1
pair-08-case-062,etcd Lease,ttl-additive,chain3,4,0,0,0,1,0,0,0,1,1
pair-08-case-063,etcd Lease,ttl-additive,chain3,4,0,0,0,1,0,0,0,1,1
pair-08-case-064,etcd Lease,ttl-additive,chain3,3,0,0,0,1,1,1,0,1,1
pair-08-case-065,etcd Lease,ttl-additive,chain3,4,0,0,0,1,0,0,0,1,1
pair-08-case-066,etcd Lease,ttl-additive,chain3,4,0,0,0,1,0,0,0,1,1
pair-08-case-067,etcd Lease,ttl-additive,chain3,4,0,0,0,1,1,0,0,1,1
pair-08-case-068,etcd Lease,ttl-additive,chain3,4,0,0,0,1,1,0,0,1,1
pair-08-case-069,etcd Lease,ttl-additive,chain3,4,0,0,0,1,0,0,0,1,1
pair-08-case-070,etcd Lease,ttl-additive,chain3,4,0,0,0,1,1,0,0,1,1
pair-08-case-071,etcd Lease,ttl-additive,chain3,4,0,0,0,1,1,0,0,1,1
pair-08-case-072,etcd Lease,ttl-additive,chain3,3,0,3,0,1,1,0,0,1,1
pair-08-case-073,etcd Lease,ttl-additive,chain3,4,0,0,0,1,0,0,0,1,1
pair-08-case-074,etcd Lease,ttl-additive,chain3,4,0,0,0,1,0,0,0,1,1
pair-08-case-075,etcd Lease,ttl-additive,chain3,4,0,0,0,1,1,0,0,1,1
pair-08-case-076,etcd Lease,ttl-additive,chain3,4,0,0,0,1,0,0,0,1,1
pair-08-case-077,etcd Lease,ttl-additive,chain3,4,0,0,0,1,1,0,0,1,1
pair-08-case-078,etcd Lease,ttl-additive,chain3,4,0,0,0,1,0,0,0,1,1
pair-08-case-079,etcd Lease,ttl-additive,chain3,4,0,0,0,1,0,0,0,1,1
pair-08-case-080,etcd Lease,ttl-additive,chain3,4,0,0,0,1,1,0,0,1,1
pair-08-case-081,etcd Lease,ttl-additive,chain3,4,0,0,0,1,0,0,0,1,1
pair-08-case-082,etcd Lease,ttl-additive,chain3,4,0,0,0,1,0,0,0,1,1
pair-08-case-083,etcd Lease,ttl-additive,chain3,3,0,0,0,1,0,0,0,1,1
pair-08-case-084,etcd Lease,ttl-additive,chain3,4,0,0,0,1,0,0,0,1,1
pair-08-case-085,etcd Lease,ttl-additive,chain3,4,0,0,0,1,0,0,0,1,1
pair-08-case-086,etcd Lease,ttl-additive,chain3,4,0,0,0,1,1,0,0,1,1
pair-08-case-087,etcd Lease,ttl-additive,chain3,4,0,0,0,1,0,0,0,1,1
pair-08-case-088,etcd Lease,ttl-additive,chain3,4,0,0,0,1,0,0,0,1,1
pair-08-case-089,etcd Lease,ttl-additive,chain3,4,0,0,0,1,0,0,0,1,1
pair-08-case-090,etcd Lease,ttl-additive,chain3,4,0,0,0,1,0,0,0,1,1
pair-08-case-091,etcd Lease,ttl-additive,chain3,4,0,0,0,1,1,0,0,1,1
pair-08-case-092,etcd Lease,ttl-additive,chain3,4,0,0,0,1,0,0,0,1,1
pair-08-case-093,etcd Lease,ttl-additive,chain3,4,0,0,0,1,0,0,0,1,1
pair-08-case-094,etcd Lease,ttl-additive,chain3,4,0,0,0,1,0,0,0,1,1
pair-08-case-095,etcd Lease,ttl-additive,chain3,4,0,0,0,1,0,0,0,1,1
pair-08-case-096,etcd Lease,ttl-additive,chain3,4,0,0,0,1,1,0,0,1,1
pair-08-case-097,etcd Lease,ttl-additive,chain3,4,0,0,0,1,1,0,0,1,1
pair-08-case-098,etcd Lease,ttl-additive,chain3,3,0,0,0,1,0,0,0,1,1
pair-08-case-099,etcd Lease,ttl-additive,chain3,4,0,0,0,1,0,0,0,1,1
pair-08-case-100,etcd Lease,ttl-additive,chain3,4,0,0,0,1,1,0,0,1,1
pair-08-case-101,etcd Lease,ttl-additive,chain3,4,0,0,0,1,0,0,0,1,1
pair-08-case-102,etcd Lease,ttl-additive,chain3,4,0,0,0,1,1,0,0,1,1
pair-08-case-103,etcd Lease,ttl-additive,chain3,4,0,0,0,1,0,0,0,1,1
pair-08-case-104,etcd Lease,ttl-additive,chain3,4,0,1,0,1,0,0,1,1,1
pair-08-case-105,etcd Lease,ttl-additive,chain3,4,0,0,0,1,0,0,0,1,1
pair-08-case-106,etcd Lease,ttl-additive,chain3,2,0,0,0,1,0,0,0,1,1
pair-08-case-107,etcd Lease,ttl-additive,chain3,4,0,0,0,1,1,0,0,1,1
pair-08-case-108,etcd Lease,ttl-additive,chain3,3,0,3,0,1,0,0,1,1,1
pair-08-case-109,etcd Lease,ttl-additive,chain3,3,0,0,0,1,1,0,0,1,1
pair-08-case-110,etcd Lease,ttl-additive,chain3,4,0,0,0,1,0,0,0,1,1
pair-08-case-111,etcd Lease,ttl-additive,chain3,4,0,0,0,1,0,0,0,1,1
pair-08-case-112,etcd Lease,ttl-additive,chain3,4,0,0,0,1,1,1,0,1,1
pair-08-case-113,etcd Lease,ttl-additive,chain3,3,0,0,0,1,0,0,0,1,1
pair-08-case-114,etcd Lease,ttl-additive,chain3,4,0,0,0,1,1,0,0,1,1
pair-08-case-115,etcd Lease,ttl-additive,chain3,4,0,0,0,1,0,0,0,1,1
pair-08-case-116,etcd Lease,ttl-additive,chain3,4,0,0,0,1,0,0,0,1,1
pair-08-case-117,etcd Lease,ttl-additive,chain3,4,0,0,0,1,1,0,0,1,1
pair-08-case-118,etcd Lease,ttl-additive,chain3,4,0,0,0,1,0,0,0,1,1
pair-08-case-119,etcd Lease,ttl-additive,chain3,4,0,0,0,1,0,0,0,1,1
pair-08-case-120,etcd Lease,ttl-additive,chain3,4,0,0,0,1,0,0,0,1,1
pair-08-case-121,etcd Lease,ttl-additive,chain3,4,0,0,0,1,0,0,0,1,1
pair-08-case-122,etcd Lease,ttl-additive,chain3,4,0,0,0,1,0,0,0,1,1
pair-08-case-123,etcd Lease,ttl-additive,chain3,4,0,0,0,1,0,0,0,1,1
pair-08-case-124,etcd Lease,ttl-additive,chain3,4,0,0,0,1,0,0,0,1,1
pair-08-case-125,etcd Lease,ttl-additive,chain3,4,0,1,0,1,0,0,1,1,1
pair-08-case-126,etcd Lease,ttl-additive,chain3,4,0,0,0,1,0,0,0,1,1
pair-08-case-127,etcd Lease,ttl-additive,chain3,4,0,0,0,1,0,0,0,1,1
pair-08-case-128,etcd Lease,ttl-additive,chain3,3,0,0,0,1,0,0,0,1,1
pair-08-case-129,etcd Lease,ttl-additive,chain3,3,0,3,0,1,1,0,1,1,1
pair-08-case-130,etcd Lease,ttl-additive,chain3,4,0,0,0,1,1,0,0,1,1
pair-08-case-131,etcd Lease,ttl-additive,chain3,4,0,0,0,1,0,0,0,1,1
pair-08-case-132,etcd Lease,ttl-additive,chain3,4,0,0,0,1,0,0,0,1,1
pair-08-case-133,etcd Lease,ttl-additive,chain3,4,0,0,0,1,0,0,0,1,1
pair-08-case-134,etcd Lease,ttl-additive,chain3,4,0,0,0,1,0,0,0,1,1
pair-08-case-135,etcd Lease,ttl-additive,chain3,4,0,0,0,1,0,0,0,1,1
pair-08-case-136,etcd Lease,ttl-additive,chain3,4,0,0,0,1,0,0,0,1,1
pair-08-case-137,etcd Lease,ttl-additive,chain3,4,0,0,0,1,1,0,0,1,1
pair-08-case-138,etcd Lease,ttl-additive,chain3,4,0,0,0,1,1,0,0,1,1
pair-08-case-139,etcd Lease,ttl-additive,chain3,4,0,0,0,1,0,0,0,1,1
pair-08-case-140,etcd Lease,ttl-additive,chain3,4,0,0,0,1,1,0,0,1,1
pair-08-case-141,etcd Lease,ttl-additive,chain3,4,0,0,0,1,0,0,0,1,1
pair-08-case-142,etcd Lease,ttl-additive,chain3,4,0,0,0,1,1,0,0,1,1
pair-08-case-143,etcd Lease,ttl-additive,chain3,4,0,0,0,1,0,0,0,1,1
pair-08-case-144,etcd Lease,ttl-additive,chain3,3,0,0,0,1,0,0,0,1,1
pair-08-case-145,etcd Lease,ttl-additive,chain3,4,0,0,0,1,1,0,0,1,1
pair-08-case-146,etcd Lease,ttl-additive,chain3,4,0,0,0,1,0,0,0,1,1
pair-08-case-147,etcd Lease,ttl-additive,chain3,4,0,0,0,1,1,0,0,1,1
pair-08-case-148,etcd Lease,ttl-additive,chain3,3,0,3,0,1,0,0,0,1,1
pair-08-case-149,etcd Lease,ttl-additive,chain3,4,0,0,0,1,1,0,0,1,1
pair-08-case-150,etcd Lease,ttl-additive,chain3,4,0,0,0,1,0,0,0,1,1
pair-08-case-151,etcd Lease,ttl-additive,chain3,4,0,0,0,1,0,0,0,1,1
pair-08-case-152,etcd Lease,ttl-additive,chain3,4,0,0,0,1,0,0,0,1,1
pair-08-case-153,etcd Lease,ttl-additive,chain3,4,0,0,0,1,0,0,0,1,1
pair-08-case-154,etcd Lease,ttl-additive,chain3,4,0,0,0,1,0,0,0,1,1
pair-08-case-155,etcd Lease,ttl-additive,chain3,4,0,0,0,1,1,0,0,1,1
pair-08-case-156,etcd Lease,ttl-additive,chain3,4,0,3,0,1,1,0,1,1,1
pair-08-case-157,etcd Lease,ttl-additive,chain3,4,0,0,0,1,0,0,0,1,1
pair-08-case-158,etcd Lease,ttl-additive,chain3,4,0,0,0,1,0,0,0,1,1
pair-08-case-159,etcd Lease,ttl-additive,chain3,4,0,0,0,1,0,0,0,1,1
pair-08-case-160,etcd Lease,ttl-additive,chain3,4,0,0,0,1,0,0,0,1,1
pair-08-case-161,etcd Lease,ttl-additive,chain3,4,0,0,0,1,0,0,0,1,1
pair-08-case-162,etcd Lease,ttl-additive,chain3,3,0,0,0,1,1,0,0,1,1
pair-08-case-163,etcd Lease,ttl-additive,chain3,3,0,0,0,1,0,0,0,1,1
pair-08-case-164,etcd Lease,ttl-additive,chain3,4,0,0,0,1,0,0,0,1,1
pair-08-case-165,etcd Lease,ttl-additive,chain3,4,0,0,0,1,1,1,0,1,1
pair-08-case-166,etcd Lease,ttl-additive,chain3,4,0,0,0,1,0,0,0,1,1
pair-08-case-167,etcd Lease,ttl-additive,chain3,4,0,0,0,1,0,0,0,1,1
pair-08-case-168,etcd Lease,ttl-additive,chain3,4,0,0,0,1,1,0,0,1,1
pair-08-case-169,etcd Lease,ttl-additive,chain3,4,0,0,0,1,0,0,0,1,1
pair-08-case-170,etcd Lease,ttl-additive,chain3,4,0,3,0,1,0,0,0,1,1
pair-08-case-171,etcd Lease,ttl-additive,chain3,4,0,0,0,1,0,0,0,1,1
pair-08-case-172,etcd Lease,ttl-additive,chain3,4,0,0,0,1,1,0,0,1,1
pair-08-case-173,etcd Lease,ttl-additive,chain3,4,0,0,0,1,1,0,0,1,1
pair-08-case-174,etcd Lease,ttl-additive,chain3,2,0,0,0,1,0,0,0,1,1
pair-08-case-175,etcd Lease,ttl-additive,chain3,4,0,0,0,1,0,0,0,1,1
pair-08-case-176,etcd Lease,ttl-additive,chain3,3,0,0,0,1,1,0,0,1,1
pair-08-case-177,etcd Lease,ttl-additive,chain3,4,0,0,0,1,0,0,0,1,1
pair-08-case-178,etcd Lease,ttl-additive,chain3,3,0,0,0,1,0,0,0,1,1
pair-08-case-179,etcd Lease,ttl-additive,chain3,3,0,3,0,1,0,0,1,1,1
pair-08-case-180,etcd Lease,ttl-additive,chain3,3,0,0,0,1,0,0,0,1,1
pair-08-case-181,etcd Lease,ttl-additive,chain3,4,0,0,0,1,0,0,0,1,1
pair-08-case-182,etcd Lease,ttl-additive,chain3,4,0,0,0,1,0,0,0,1,1
pair-08-case-183,etcd Lease,ttl-additive,chain3,4,0,0,0,1,0,0,0,1,1
pair-08-case-184,etcd Lease,ttl-additive,chain3,4,0,0,0,1,1,0,0,1,1
pair-08-case-185,etcd Lease,ttl-additive,chain3,4,0,0,0,1,1,0,0,1,1
pair-08-case-186,etcd Lease,ttl-additive,chain3,4,0,0,0,1,0,0,0,1,1
pair-08-case-187,etcd Lease,ttl-additive,chain3,4,0,0,0,1,0,0,0,1,1
pair-08-case-188,etcd Lease,ttl-additive,chain3,4,0,0,0,1,1,0,0,1,1
pair-08-case-189,etcd Lease,ttl-additive,chain3,4,0,0,0,1,0,0,0,1,1
pair-08-case-190,etcd Lease,ttl-additive,chain3,4,0,0,0,1,0,0,0,1,1
pair-08-case-191,etcd Lease,ttl-additive,chain3,4,0,0,0,1,0,0,0,1,1
pair-08-case-192,etcd Lease,ttl-additive,chain3,4,0,0,0,1,0,0,0,1,1
pair-08-case-193,etcd Lease,ttl-additive,chain3,3,0,0,0,1,0,0,0,1,1
pair-08-case-194,etcd Lease,ttl-additive,chain3,4,0,0,0,1,0,0,0,1,1
pair-08-case-195,etcd Lease,ttl-additive,chain3,3,0,0,0,1,0,0,0,1,1
pair-08-case-196,etcd Lease,ttl-additive,chain3,3,0,0,0,1,0,0,0,1,1
pair-08-case-197,etcd Lease,ttl-additive,chain3,4,0,1,0,1,1,0,1,1,1
pair-08-case-198,etcd Lease,ttl-additive,chain3,4,0,0,0,1,0,0,0,1,1
pair-08-case-199,etcd Lease,ttl-additive,chain3,4,0,0,0,1,0,0,0,1,1
pair-08-case-200,etcd Lease,ttl-additive,chain3,4,0,0,0,1,0,0,0,1,1
pair-08-case-201,etcd Lease,ttl-additive,chain3,4,0,0,0,1,1,0,0,1,1
pair-08-case-202,etcd Lease,ttl-additive,chain3,4,0,0,0,1,0,0,0,1,1
pair-08-case-203,etcd Lease,ttl-additive,chain3,4,0,0,0,1,1,0,0,1,1
pair-08-case-204,etcd Lease,ttl-additive,chain3,4,0,0,0,1,0,0,0,1,1
pair-08-case-205,etcd Lease,ttl-additive,chain3,4,0,0,0,1,0,0,0,1,1
pair-08-case-206,etcd Lease,ttl-additive,chain3,4,0,0,0,1,0,0,0,1,1
pair-08-case-207,etcd Lease,ttl-additive,chain3,4,0,0,0,1,1,0,0,1,1
pair-08-case-208,etcd Lease,ttl-additive,chain3,4,0,0,0,1,0,0,0,1,1
pair-08-case-209,etcd Lease,ttl-additive,chain3,4,0,0,0,1,0,0,0,1,1
pair-08-case-210,etcd Lease,ttl-additive,chain3,4,0,0,0,1,0,0,0,1,1
pair-08-case-211,etcd Lease,ttl-additive,chain3,4,0,0,0,1,0,0,0,1,1
pair-08-case-212,etcd Lease,ttl-additive,chain3,4,0,0,0,1,1,0,0,1,1
pair-08-case-213,etcd Lease,ttl-additive,chain3,4,0,0,0,1,0,0,0,1,1
pair-08-case-214,etcd Lease,ttl-additive,chain3,4,0,0,0,1,0,0,0,1,1
pair-08-case-215,etcd Lease,ttl-additive,chain3,4,0,3,0,1,0,0,1,1,1
pair-08-case-216,etcd Lease,ttl-additive,chain3,4,0,0,0,1,1,0,0,1,1
pair-08-case-217,etcd Lease,ttl-additive,chain3,4,0,1,0,1,1,0,0,1,1
pair-08-case-218,etcd Lease,ttl-additive,chain3,4,0,0,0,1,0,0,0,1,1
pair-08-case-219,etcd Lease,ttl-additive,chain3,4,0,0,0,1,0,0,0,1,1
pair-08-case-220,etcd Lease,ttl-additive,chain3,4,0,0,0,1,1,0,0,1,1
pair-08-case-221,etcd Lease,ttl-additive,chain3,2,0,0,0,1,0,0,0,1,1
pair-08-case-222,etcd Lease,ttl-additive,chain3,4,0,0,0,1,0,0,0,1,1
pair-08-case-223,etcd Lease,ttl-additive,chain3,4,0,0,0,1,0,0,0,1,1
pair-08-case-224,etcd Lease,ttl-additive,chain3,4,0,0,0,1,0,0,0,1,1
pair-08-case-225,etcd Lease,ttl-additive,chain3,4,0,0,0,1,1,0,0,1,1
pair-08-case-226,etcd Lease,ttl-additive,chain3,4,0,0,0,1,0,0,0,1,1
pair-08-case-227,etcd Lease,ttl-additive,chain3,4,0,3,0,1,0,0,0,1,1
pair-08-case-228,etcd Lease,ttl-additive,chain3,4,0,0,0,1,0,0,0,1,1
pair-08-case-229,etcd Lease,ttl-additive,chain3,3,0,0,0,1,1,0,0,1,1
pair-08-case-230,etcd Lease,ttl-additive,chain3,4,0,0,0,1,1,0,0,1,1
pair-08-case-231,etcd Lease,ttl-additive,chain3,4,0,0,0,1,1,0,0,1,1
pair-08-case-232,etcd Lease,ttl-additive,chain3,4,0,0,0,1,0,0,0,1,1
pair-08-case-233,etcd Lease,ttl-additive,chain3,4,0,0,0,1,1,0,0,1,1
pair-08-case-234,etcd Lease,ttl-additive,chain3,4,0,0,0,1,0,0,0,1,1
pair-08-case-235,etcd Lease,ttl-additive,chain3,4,0,0,0,1,0,0,0,1,1
pair-08-case-236,etcd Lease,ttl-additive,chain3,4,0,0,0,1,0,0,0,1,1
pair-08-case-237,etcd Lease,ttl-additive,chain3,4,0,0,0,1,0,0,0,1,1
pair-08-case-238,etcd Lease,ttl-additive,chain3,4,0,0,0,1,0,0,0,1,1
pair-08-case-239,etcd Lease,ttl-additive,chain3,3,0,0,0,1,1,0,0,1,1
pair-08-case-240,etcd Lease,ttl-additive,chain3,4,0,0,0,1,0,0,0,1,1
pair-08-case-241,etcd Lease,ttl-additive,chain3,4,0,0,0,1,0,0,0,1,1
pair-08-case-242,etcd Lease,ttl-additive,chain3,4,0,0,0,1,1,0,0,1,1
pair-08-case-243,etcd Lease,ttl-additive,chain3,4,0,0,0,1,0,0,0,1,1
pair-08-case-244,etcd Lease,ttl-additive,chain3,4,0,0,0,1,0,0,0,1,1
pair-08-case-245,etcd Lease,ttl-additive,chain3,4,0,0,0,1,1,0,0,1,1
pair-08-case-246,etcd Lease,ttl-additive,chain3,3,0,0,0,1,0,0,0,1,1
pair-08-case-247,etcd Lease,ttl-additive,chain3,4,0,0,0,1,0,0,0,1,1
pair-08-case-248,etcd Lease,ttl-additive,chain3,4,0,0,0,1,0,0,0,1,1
pair-08-case-249,etcd Lease,ttl-additive,chain3,4,0,3,0,1,0,0,1,1,1
pair-08-case-250,etcd Lease,ttl-additive,chain3,3,0,0,0,1,0,0,0,1,1
pair-08-case-251,etcd Lease,ttl-additive,chain3,4,0,0,0,1,0,0,0,1,1
pair-08-case-252,etcd Lease,ttl-additive,chain3,3,0,0,0,1,0,0,0,1,1
pair-08-case-253,etcd Lease,ttl-additive,chain3,3,0,0,0,1,0,0,0,1,1
pair-08-case-254,etcd Lease,ttl-additive,chain3,4,0,0,0,1,0,0,0,1,1
pair-08-case-255,etcd Lease,ttl-additive,chain3,4,0,0,0,1,0,0,0,1,1
pair-08-case-256,etcd Lease,ttl-additive,chain3,3,0,3,0,1,1,0,0,1,1
pair-08-case-257,etcd Lease,ttl-additive,chain3,4,0,0,0,1,0,0,0,1,1
pair-08-case-258,etcd Lease,ttl-additive,chain3,4,0,0,0,1,1,1,0,1,1
pair-08-case-259,etcd Lease,ttl-additive,chain3,4,0,0,0,1,0,0,0,1,1
pair-08-case-260,etcd Lease,ttl-additive,chain3,4,0,0,0,1,1,0,0,1,1
pair-08-case-261,etcd Lease,ttl-additive,chain3,4,0,0,0,1,0,0,0,1,1
pair-08-case-262,etcd Lease,ttl-additive,chain3,3,0,0,0,1,1,0,0,1,1
pair-08-case-263,etcd Lease,ttl-additive,chain3,4,0,0,0,1,1,0,0,1,1
pair-08-case-264,etcd Lease,ttl-additive,chain3,4,0,3,0,1,0,0,0,1,1
pair-08-case-265,etcd Lease,ttl-additive,chain3,4,0,0,0,1,0,0,0,1,1
pair-08-case-266,etcd Lease,ttl-additive,chain3,4,0,0,0,1,0,0,0,1,1
pair-08-case-267,etcd Lease,ttl-additive,chain3,4,0,0,0,1,0,0,0,1,1
pair-08-case-268,etcd Lease,ttl-additive,chain3,4,0,0,0,1,0,0,0,1,1
pair-08-case-269,etcd Lease,ttl-additive,chain3,4,0,0,0,1,0,0,0,1,1
pair-08-case-270,etcd Lease,ttl-additive,chain3,4,0,0,0,1,1,0,0,1,1
pair-08-case-271,etcd Lease,ttl-additive,chain3,4,0,0,0,1,0,0,0,1,1
pair-08-case-272,etcd Lease,ttl-additive,chain3,3,0,0,0,1,1,0,0,1,1
pair-08-case-273,etcd Lease,ttl-additive,chain3,4,0,0,0,1,1,0,0,1,1
pair-08-case-274,etcd Lease,ttl-additive,chain3,4,0,0,0,1,0,0,0,1,1
pair-08-case-275,etcd Lease,ttl-additive,chain3,3,0,0,0,1,0,0,0,1,1
pair-08-case-276,etcd Lease,ttl-additive,chain3,4,0,0,0,1,0,0,0,1,1
pair-08-case-277,etcd Lease,ttl-additive,chain3,4,0,0,0,1,0,0,0,1,1
pair-08-case-278,etcd Lease,ttl-additive,chain3,4,0,0,0,1,0,0,0,1,1
pair-08-case-279,etcd Lease,ttl-additive,chain3,4,0,5,0,1,0,0,1,1,1
pair-08-case-280,etcd Lease,ttl-additive,chain3,4,0,0,0,1,1,0,0,1,1
pair-08-case-281,etcd Lease,ttl-additive,chain3,4,0,0,0,1,0,0,0,1,1
pair-08-case-282,etcd Lease,ttl-additive,chain3,4,0,0,0,1,0,0,0,1,1
pair-08-case-283,etcd Lease,ttl-additive,chain3,3,0,3,0,1,0,0,1,1,1
pair-08-case-284,etcd Lease,ttl-additive,chain3,3,0,0,0,1,0,0,0,1,1
pair-08-case-285,etcd Lease,ttl-additive,chain3,4,0,0,0,1,1,0,0,1,1
pair-08-case-286,etcd Lease,ttl-additive,chain3,4,0,0,0,1,0,0,0,1,1
pair-08-case-287,etcd Lease,ttl-additive,chain3,4,0,1,0,1,1,0,0,1,1
pair-08-case-288,etcd Lease,ttl-additive,chain3,4,0,0,0,1,0,0,0,1,1
pair-08-case-289,etcd Lease,ttl-additive,chain3,4,0,0,0,1,0,0,0,1,1
pair-08-case-290,etcd Lease,ttl-additive,chain3,4,0,0,0,1,0,0,0,1,1
pair-08-case-291,etcd Lease,ttl-additive,chain3,4,0,0,0,1,1,0,0,1,1
pair-08-case-292,etcd Lease,ttl-additive,chain3,4,0,0,0,1,0,0,0,1,1
pair-08-case-293,etcd Lease,ttl-additive,chain3,3,0,0,0,1,0,0,0,1,1
pair-08-case-294,etcd Lease,ttl-additive,chain3,3,0,0,0,1,0,0,0,1,1
pair-08-case-295,etcd Lease,ttl-additive,chain3,2,0,9,0,1,1,0,0,1,1
pair-08-case-296,etcd Lease,ttl-additive,chain3,4,0,0,0,1,0,0,0,1,1
pair-08-case-297,etcd Lease,ttl-additive,chain3,3,0,0,0,1,0,0,0,1,1
pair-08-case-298,etcd Lease,ttl-additive,chain3,4,0,0,0,1,1,0,0,1,1
pair-08-case-299,etcd Lease,ttl-additive,chain3,4,0,0,0,1,0,0,0,1,1
pair-08-case-300,etcd Lease,ttl-additive,chain3,3,0,0,0,1,0,0,0,1,1
pair-08-case-301,etcd Lease,ttl-additive,chain3,4,0,0,0,1,1,0,0,1,1
pair-08-case-302,etcd Lease,ttl-additive,chain3,4,0,0,0,1,0,0,0,1,1
pair-08-case-303,etcd Lease,ttl-additive,chain3,4,0,0,0,1,0,0,0,1,1
pair-08-case-304,etcd Lease,ttl-additive,chain3,4,0,0,0,1,0,0,0,1,1
pair-08-case-305,etcd Lease,ttl-additive,chain3,3,0,0,0,1,0,0,0,1,1
pair-08-case-306,etcd Lease,ttl-additive,chain3,4,0,0,0,1,0,0,0,1,1
pair-08-case-307,etcd Lease,ttl-additive,chain3,4,0,0,0,1,0,0,0,1,1
pair-08-case-308,etcd Lease,ttl-additive,chain3,4,0,0,0,1,1,0,0,1,1
pair-08-case-309,etcd Lease,ttl-additive,chain3,4,0,0,0,1,0,0,0,1,1
pair-08-case-310,etcd Lease,ttl-additive,chain3,4,0,0,0,1,1,0,0,1,1
pair-08-case-311,etcd Lease,ttl-additive,chain3,3,0,0,0,1,1,0,0,1,1
pair-08-case-312,etcd Lease,ttl-additive,chain3,4,0,0,0,1,0,0,0,1,1
pair-08-case-313,etcd Lease,ttl-additive,chain3,3,0,0,0,1,1,0,0,1,1
pair-08-case-314,etcd Lease,ttl-additive,chain3,4,0,0,0,1,0,0,0,1,1
pair-08-case-315,etcd Lease,ttl-additive,chain3,4,0,0,0,1,1,1,0,1,1
pair-08-case-316,etcd Lease,ttl-additive,chain3,4,0,0,0,1,0,0,0,1,1
pair-08-case-317,etcd Lease,ttl-additive,chain3,4,0,0,0,1,1,0,0,1,1
pair-08-case-318,etcd Lease,ttl-additive,chain3,4,0,0,0,1,0,0,0,1,1
pair-08-case-319,etcd Lease,ttl-additive,chain3,4,0,0,0,1,0,0,0,1,1
pair-08-case-320,etcd Lease,ttl-additive,chain3,4,0,0,0,1,0,0,0,1,1
pair-08-case-321,etcd Lease,ttl-additive,chain3,4,0,0,0,1,0,0,0,1,1
pair-08-case-322,etcd Lease,ttl-additive,chain3,4,0,0,0,1,0,0,0,1,1
pair-08-case-323,etcd Lease,ttl-additive,chain3,4,0,0,0,1,0,0,0,1,1
pair-08-case-324,etcd Lease,ttl-additive,chain3,4,0,0,0,1,0,0,0,1,1
pair-08-case-325,etcd Lease,ttl-additive,chain3,4,0,0,0,1,0,0,0,1,1
pair-08-case-326,etcd Lease,ttl-additive,chain3,4,0,0,0,1,1,0,0,1,1
pair-08-case-327,etcd Lease,ttl-additive,chain3,4,0,0,0,1,0,0,0,1,1
pair-08-case-328,etcd Lease,ttl-additive,chain3,4,0,0,0,1,0,0,0,1,1
pair-08-case-329,etcd Lease,ttl-additive,chain3,4,0,0,0,1,0,0,0,1,1
pair-08-case-330,etcd Lease,ttl-additive,chain3,3,0,0,0,1,0,0,0,1,1
pair-08-case-331,etcd Lease,ttl-additive,chain3,3,0,0,0,1,0,0,0,1,1
pair-08-case-332,etcd Lease,ttl-additive,chain3,4,0,0,0,1,0,0,0,1,1
pair-08-case-333,etcd Lease,ttl-additive,chain3,4,0,0,0,1,0,0,0,1,1
pair-08-case-334,etcd Lease,ttl-additive,chain3,4,0,0,0,1,0,0,0,1,1
pair-08-case-335,etcd Lease,ttl-additive,chain3,4,0,0,0,1,0,0,0,1,1
pair-08-case-336,etcd Lease,ttl-additive,chain3,4,0,0,0,1,0,0,0,1,1
pair-08-case-337,etcd Lease,ttl-additive,chain3,4,0,0,0,1,0,0,0,1,1
pair-08-case-338,etcd Lease,ttl-additive,chain3,2,0,0,0,1,1,1,0,1,1
pair-08-case-339,etcd Lease,ttl-additive,chain3,3,0,0,0,1,1,0,0,1,1
pair-08-case-340,etcd Lease,ttl-additive,chain3,4,0,0,0,1,0,0,0,1,1
pair-08-case-341,etcd Lease,ttl-additive,chain3,4,0,0,0,1,0,0,0,1,1
pair-08-case-342,etcd Lease,ttl-additive,chain3,4,0,0,0,1,0,0,0,1,1
pair-08-case-343,etcd Lease,ttl-additive,chain3,4,0,1,0,1,0,0,0,1,1
pair-08-case-344,etcd Lease,ttl-additive,chain3,4,0,0,0,1,0,0,0,1,1
pair-08-case-345,etcd Lease,ttl-additive,chain3,4,0,0,0,1,0,0,0,1,1
pair-08-case-346,etcd Lease,ttl-additive,chain3,4,0,0,0,1,0,0,0,1,1
pair-08-case-347,etcd Lease,ttl-additive,chain3,4,0,0,0,1,1,0,0,1,1
pair-08-case-348,etcd Lease,ttl-additive,chain3,4,0,0,0,1,0,0,0,1,1
pair-08-case-349,etcd Lease,ttl-additive,chain3,4,0,0,0,1,0,0,0,1,1
pair-08-case-350,etcd Lease,ttl-additive,chain3,3,0,0,0,1,0,0,0,1,1
pair-08-case-351,etcd Lease,ttl-additive,chain3,4,0,0,0,1,0,0,0,1,1
pair-08-case-352,etcd Lease,ttl-additive,chain3,4,0,0,0,1,0,0,0,1,1
pair-08-case-353,etcd Lease,ttl-additive,chain3,4,0,0,0,1,0,0,0,1,1
pair-08-case-354,etcd Lease,ttl-additive,chain3,4,0,0,0,1,0,0,0,1,1
pair-08-case-355,etcd Lease,ttl-additive,chain3,4,0,0,0,1,0,0,0,1,1
pair-08-case-356,etcd Lease,ttl-additive,chain3,4,0,0,0,1,0,0,0,1,1
pair-08-case-357,etcd Lease,ttl-additive,chain3,4,0,0,0,1,0,0,0,1,1
pair-08-case-358,etcd Lease,ttl-additive,chain3,4,0,0,0,1,1,0,0,1,1
pair-08-case-359,etcd Lease,ttl-additive,chain3,3,0,3,0,1,1,0,0,1,1
pair-08-case-360,etcd Lease,ttl-additive,chain3,4,0,0,0,1,0,0,0,1,1
pair-08-case-361,etcd Lease,ttl-additive,chain3,4,0,0,0,1,0,0,0,1,1
pair-08-case-362,etcd Lease,ttl-additive,chain3,4,0,0,0,1,1,0,0,1,1
pair-08-case-363,etcd Lease,ttl-additive,chain3,3,0,0,0,1,0,0,0,1,1
pair-08-case-364,etcd Lease,ttl-additive,chain3,3,0,0,0,1,1,0,0,1,1
pair-08-case-365,etcd Lease,ttl-additive,chain3,4,0,0,0,1,0,0,0,1,1
pair-08-case-366,etcd Lease,ttl-additive,chain3,3,0,0,0,1,1,0,0,1,1
pair-08-case-367,etcd Lease,ttl-additive,chain3,4,0,0,0,1,1,0,0,1,1
pair-08-case-368,etcd Lease,ttl-additive,chain3,4,0,0,0,1,0,0,0,1,1
pair-08-case-369,etcd Lease,ttl-additive,chain3,4,0,0,0,1,0,0,0,1,1
pair-08-case-370,etcd Lease,ttl-additive,chain3,4,0,0,0,1,0,0,0,1,1
pair-08-case-371,etcd Lease,ttl-additive,chain3,4,0,0,0,1,0,0,0,1,1
pair-08-case-372,etcd Lease,ttl-additive,chain3,4,0,1,0,1,1,0,1,1,1
pair-08-case-373,etcd Lease,ttl-additive,chain3,4,0,0,0,1,0,0,0,1,1
pair-08-case-374,etcd Lease,ttl-additive,chain3,4,0,0,0,1,0,0,0,1,1
pair-08-case-375,etcd Lease,ttl-additive,chain3,4,0,0,0,1,0,0,0,1,1
pair-08-case-376,etcd Lease,ttl-additive,chain3,4,0,0,0,1,0,0,0,1,1
pair-08-case-377,etcd Lease,ttl-additive,chain3,4,0,0,0,1,0,0,0,1,1
pair-08-case-378,etcd Lease,ttl-additive,chain3,4,0,0,0,1,0,0,0,1,1
pair-08-case-379,etcd Lease,ttl-additive,chain3,4,0,0,0,1,1,0,0,1,1
pair-08-case-380,etcd Lease,ttl-additive,chain3,4,0,0,0,1,0,0,0,1,1
pair-08-case-381,etcd Lease,ttl-additive,chain3,4,0,0,0,1,0,0,0,1,1
pair-08-case-382,etcd Lease,ttl-additive,chain3,4,0,0,0,1,0,0,0,1,1
pair-08-case-383,etcd Lease,ttl-additive,chain3,4,0,0,0,1,0,0,0,1,1
pair-08-case-384,etcd Lease,ttl-additive,chain3,4,0,0,0,1,0,0,0,1,1
pair-08-case-385,etcd Lease,ttl-additive,chain3,2,0,0,0,1,1,0,0,1,1
pair-08-case-386,etcd Lease,ttl-additive,chain3,4,0,0,0,1,0,0,0,1,1
pair-08-case-387,etcd Lease,ttl-additive,chain3,4,0,0,0,1,0,0,0,1,1
pair-08-case-388,etcd Lease,ttl-additive,chain3,2,0,0,0,1,0,0,0,1,1
pair-08-case-389,etcd Lease,ttl-additive,chain3,4,0,2,0,1,0,0,1,1,1
pair-08-case-390,etcd Lease,ttl-additive,chain3,4,0,0,0,1,0,0,0,1,1
pair-08-case-391,etcd Lease,ttl-additive,chain3,3,0,0,0,1,0,0,0,1,1
pair-08-case-392,etcd Lease,ttl-additive,chain3,4,0,3,0,1,0,0,1,1,1
pair-08-case-393,etcd Lease,ttl-additive,chain3,3,0,3,0,1,0,0,1,1,1
pair-08-case-394,etcd Lease,ttl-additive,chain3,4,0,0,0,1,0,0,0,1,1
pair-08-case-395,etcd Lease,ttl-additive,chain3,4,0,0,0,1,0,0,0,1,1
pair-08-case-396,etcd Lease,ttl-additive,chain3,4,0,0,0,1,1,1,0,1,1
pair-08-case-397,etcd Lease,ttl-additive,chain3,4,0,0,0,1,0,0,0,1,1
pair-08-case-398,etcd Lease,ttl-additive,chain3,4,0,2,0,1,1,0,0,1,1
pair-08-case-399,etcd Lease,ttl-additive,chain3,4,0,1,0,1,0,0,0,1,1
pair-08-case-400,etcd Lease,ttl-additive,chain3,4,0,0,0,1,0,0,0,1,1
pair-08-case-401,etcd Lease,ttl-additive,chain3,4,0,0,0,1,1,0,0,1,1
pair-08-case-402,etcd Lease,ttl-additive,chain3,4,0,0,0,1,0,0,0,1,1
pair-08-case-403,etcd Lease,ttl-additive,chain3,4,0,0,0,1,1,0,0,1,1
pair-08-case-404,etcd Lease,ttl-additive,chain3,4,0,0,0,1,0,0,0,1,1
pair-08-case-405,etcd Lease,ttl-additive,chain3,3,0,0,0,1,1,0,0,1,1
pair-08-case-406,etcd Lease,ttl-additive,chain3,4,0,0,0,1,0,0,0,1,1
pair-08-case-407,etcd Lease,ttl-additive,chain3,4,0,0,0,1,0,0,0,1,1
pair-08-case-408,etcd Lease,ttl-additive,chain3,4,0,0,0,1,0,0,0,1,1
pair-08-case-409,etcd Lease,ttl-additive,chain3,4,0,0,0,1,0,0,0,1,1
pair-08-case-410,etcd Lease,ttl-additive,chain3,4,0,0,0,1,0,0,0,1,1
pair-08-case-411,etcd Lease,ttl-additive,chain3,4,0,0,0,1,0,0,0,1,1
pair-08-case-412,etcd Lease,ttl-additive,chain3,4,0,0,0,1,0,0,0,1,1
pair-08-case-413,etcd Lease,ttl-additive,chain3,3,0,0,0,1,1,0,0,1,1
pair-08-case-414,etcd Lease,ttl-additive,chain3,4,0,0,0,1,0,0,0,1,1
pair-08-case-415,etcd Lease,ttl-additive,chain3,4,0,0,0,1,0,0,0,1,1
pair-08-case-416,etcd Lease,ttl-additive,chain3,4,0,0,0,1,0,0,0,1,1
pair-08-case-417,etcd Lease,ttl-additive,chain3,4,0,0,0,1,0,0,0,1,1
pair-08-case-418,etcd Lease,ttl-additive,chain3,4,0,0,0,1,1,0,0,1,1
pair-08-case-419,etcd Lease,ttl-additive,chain3,4,0,0,0,1,0,0,0,1,1
pair-08-case-420,etcd Lease,ttl-additive,chain3,4,0,0,0,1,0,0,0,1,1
pair-08-case-421,etcd Lease,ttl-additive,chain3,4,0,0,0,1,1,0,0,1,1
pair-08-case-422,etcd Lease,ttl-additive,chain3,4,0,0,0,1,1,1,0,1,1
pair-08-case-423,etcd Lease,ttl-additive,chain3,4,0,0,0,1,0,0,0,1,1
pair-08-case-424,etcd Lease,ttl-additive,chain3,4,0,0,0,1,0,0,0,1,1
pair-08-case-425,etcd Lease,ttl-additive,chain3,4,0,0,0,1,0,0,0,1,1
pair-08-case-426,etcd Lease,ttl-additive,chain3,4,0,0,0,1,0,0,0,1,1
pair-08-case-427,etcd Lease,ttl-additive,chain3,4,0,0,0,1,0,0,0,1,1
pair-08-case-428,etcd Lease,ttl-additive,chain3,4,0,0,0,1,0,0,0,1,1
pair-08-case-429,etcd Lease,ttl-additive,chain3,3,0,9,0,1,0,0,1,1,1
pair-08-case-430,etcd Lease,ttl-additive,chain3,4,0,0,0,1,0,0,0,1,1
pair-08-case-431,etcd Lease,ttl-additive,chain3,3,0,1,0,1,0,0,1,1,1
pair-08-case-432,etcd Lease,ttl-additive,chain3,4,0,1,0,1,0,0,1,1,1
pair-08-case-433,etcd Lease,ttl-additive,chain3,4,0,0,0,1,0,0,0,1,1
pair-08-case-434,etcd Lease,ttl-additive,chain3,4,0,0,0,1,0,0,0,1,1
pair-08-case-435,etcd Lease,ttl-additive,chain3,4,0,0,0,1,0,0,0,1,1
pair-08-case-436,etcd Lease,ttl-additive,chain3,4,0,0,0,1,0,0,0,1,1
pair-08-case-437,etcd Lease,ttl-additive,chain3,4,0,0,0,1,0,0,0,1,1
pair-08-case-438,etcd Lease,ttl-additive,chain3,4,0,0,0,1,0,0,0,1,1
pair-08-case-439,etcd Lease,ttl-additive,chain3,3,0,3,0,1,1,0,0,1,1
pair-08-case-440,etcd Lease,ttl-additive,chain3,4,0,0,0,1,0,0,0,1,1
pair-08-case-441,etcd Lease,ttl-additive,chain3,4,0,0,0,1,0,0,0,1,1
pair-08-case-442,etcd Lease,ttl-additive,chain3,2,0,3,0,1,0,0,0,1,1
pair-08-case-443,etcd Lease,ttl-additive,chain3,4,0,0,0,1,1,0,0,1,1
pair-08-case-444,etcd Lease,ttl-additive,chain3,3,0,0,0,1,0,0,0,1,1
pair-08-case-445,etcd Lease,ttl-additive,chain3,4,0,0,0,1,0,0,0,1,1
pair-08-case-446,etcd Lease,ttl-additive,chain3,4,0,0,0,1,0,0,0,1,1
pair-08-case-447,etcd Lease,ttl-additive,chain3,4,0,0,0,1,0,0,0,1,1
pair-08-case-448,etcd Lease,ttl-additive,chain3,2,0,6,0,1,0,0,1,1,1
pair-08-case-449,etcd Lease,ttl-additive,chain3,3,0,2,0,1,0,0,1,1,1
pair-08-case-450,etcd Lease,ttl-additive,chain3,3,0,3,0,1,1,0,1,1,1
pair-08-case-451,etcd Lease,ttl-additive,chain3,4,0,0,0,1,0,0,0,1,1
pair-08-case-452,etcd Lease,ttl-additive,chain3,4,0,0,0,1,0,0,0,1,1
pair-08-case-453,etcd Lease,ttl-additive,chain3,4,0,0,0,1,0,0,0,1,1
pair-08-case-454,etcd Lease,ttl-additive,chain3,4,0,0,0,1,0,0,0,1,1
pair-08-case-455,etcd Lease,ttl-additive,chain3,4,0,0,0,1,0,0,0,1,1
pair-08-case-456,etcd Lease,ttl-additive,chain3,3,0,0,0,1,0,0,0,1,1
pair-08-case-457,etcd Lease,ttl-additive,chain3,4,0,0,0,1,0,0,0,1,1
pair-08-case-458,etcd Lease,ttl-additive,chain3,4,0,0,0,1,1,0,0,1,1
pair-08-case-459,etcd Lease,ttl-additive,chain3,3,0,0,0,1,0,0,0,1,1
pair-08-case-460,etcd Lease,ttl-additive,chain3,4,0,0,0,1,1,0,0,1,1
pair-08-case-461,etcd Lease,ttl-additive,chain3,4,0,0,0,1,0,0,0,1,1
pair-08-case-462,etcd Lease,ttl-additive,chain3,3,0,0,0,1,0,0,0,1,1
pair-08-case-463,etcd Lease,ttl-additive,chain3,4,0,0,0,1,1,0,0,1,1
pair-08-case-464,etcd Lease,ttl-additive,chain3,4,0,0,0,1,1,0,0,1,1
pair-08-case-465,etcd Lease,ttl-additive,chain3,4,0,0,0,1,0,0,0,1,1
pair-08-case-466,etcd Lease,ttl-additive,chain3,4,0,0,0,1,0,0,0,1,1
pair-08-case-467,etcd Lease,ttl-additive,chain3,4,0,0,0,1,0,0,0,1,1
pair-08-case-468,etcd Lease,ttl-additive,chain3,4,0,0,0,1,0,0,0,1,1
pair-08-case-469,etcd Lease,ttl-additive,chain3,4,0,0,0,1,0,0,0,1,1
pair-08-case-470,etcd Lease,ttl-additive,chain3,4,0,0,0,1,0,0,0,1,1
pair-08-case-471,etcd Lease,ttl-additive,chain3,4,0,0,0,1,0,0,0,1,1
pair-08-case-472,etcd Lease,ttl-additive,chain3,4,0,1,0,1,1,0,0,1,1
pair-08-case-473,etcd Lease,ttl-additive,chain3,4,0,0,0,1,1,0,0,1,1
pair-08-case-474,etcd Lease,ttl-additive,chain3,4,0,0,0,1,0,0,0,1,1
pair-08-case-475,etcd Lease,ttl-additive,chain3,4,0,2,0,1,0,0,1,1,1
pair-08-case-476,etcd Lease,ttl-additive,chain3,4,0,0,0,1,0,0,0,1,1
pair-08-case-477,etcd Lease,ttl-additive,chain3,4,0,0,0,1,0,0,0,1,1
pair-08-case-478,etcd Lease,ttl-additive,chain3,4,0,0,0,1,0,0,0,1,1
pair-08-case-479,etcd Lease,ttl-additive,chain3,3,0,0,0,1,0,0,0,1,1
pair-08-case-480,etcd Lease,ttl-additive,chain3,4,0,0,0,1,0,0,0,1,1
pair-08-case-481,etcd Lease,ttl-additive,chain3,3,0,0,0,1,1,1,0,1,1
pair-08-case-482,etcd Lease,ttl-additive,chain3,4,0,0,0,1,1,0,0,1,1
pair-08-case-483,etcd Lease,ttl-additive,chain3,4,0,0,0,1,1,0,0,1,1
pair-08-case-484,etcd Lease,ttl-additive,chain3,4,0,0,0,1,0,0,0,1,1
pair-08-case-485,etcd Lease,ttl-additive,chain3,4,0,0,0,1,0,0,0,1,1
pair-08-case-486,etcd Lease,ttl-additive,chain3,4,0,0,0,1,1,0,0,1,1
pair-08-case-487,etcd Lease,ttl-additive,chain3,4,0,0,0,1,0,0,0,1,1
pair-08-case-488,etcd Lease,ttl-additive,chain3,4,0,0,0,1,1,0,0,1,1
pair-08-case-489,etcd Lease,ttl-additive,chain3,4,0,0,0,1,1,0,0,1,1
pair-08-case-490,etcd Lease,ttl-additive,chain3,4,0,0,0,1,0,0,0,1,1
pair-08-case-491,etcd Lease,ttl-additive,chain3,4,0,0,0,1,0,0,0,1,1
pair-08-case-492,etcd Lease,ttl-additive,chain3,4,0,0,0,1,0,0,0,1,1
pair-08-case-493,etcd Lease,ttl-additive,chain3,4,0,0,0,1,1,1,0,1,1
pair-08-case-494,etcd Lease,ttl-additive,chain3,4,0,0,0,1,0,0,0,1,1
pair-08-case-495,etcd Lease,ttl-additive,chain3,3,0,0,0,1,1,0,0,1,1
pair-08-case-496,etcd Lease,ttl-additive,chain3,3,0,0,0,1,0,0,0,1,1
pair-08-case-497,etcd Lease,ttl-additive,chain3,3,0,0,0,1,0,0,0,1,1
pair-08-case-498,etcd Lease,ttl-additive,chain3,4,0,0,0,1,0,0,0,1,1
pair-08-case-499,etcd Lease,ttl-additive,chain3,4,0,0,0,1,1,0,0,1,1
pair-09-case-000,Google Pub/Sub,ack-session-bridge,cycle5,0,1,243,10,0,1,1,1,1,1
pair-09-case-001,Google Pub/Sub,ack-session-bridge,cycle5,1,0,0,0,1,0,0,0,1,1
pair-09-case-002,Google Pub/Sub,ack-session-bridge,cycle5,1,0,81,0,1,0,0,1,1,1
pair-09-case-003,Google Pub/Sub,ack-session-bridge,cycle5,1,0,0,0,1,1,1,0,1,1
pair-09-case-004,Google Pub/Sub,ack-session-bridge,cycle5,1,0,0,0,1,1,1,0,1,1
pair-09-case-005,Google Pub/Sub,ack-session-bridge,cycle5,1,0,81,0,1,1,0,1,1,1
pair-09-case-006,Google Pub/Sub,ack-session-bridge,cycle5,1,0,0,0,1,0,0,0,1,1
pair-09-case-007,Google Pub/Sub,ack-session-bridge,cycle5,1,0,81,0,1,0,0,1,1,1
pair-09-case-008,Google Pub/Sub,ack-session-bridge,cycle5,1,0,81,0,1,1,1,0,1,1
pair-09-case-009,Google Pub/Sub,ack-session-bridge,cycle5,1,0,0,0,1,1,1,0,1,1
pair-09-case-010,Google Pub/Sub,ack-session-bridge,cycle5,1,0,0,0,1,1,1,0,1,1
pair-09-case-011,Google Pub/Sub,ack-session-bridge,cycle5,1,0,81,0,1,1,0,1,1,1
pair-09-case-012,Google Pub/Sub,ack-session-bridge,cycle5,1,0,0,0,1,0,0,0,1,1
pair-09-case-013,Google Pub/Sub,ack-session-bridge,cycle5,1,0,81,0,1,0,0,1,1,1
pair-09-case-014,Google Pub/Sub,ack-session-bridge,cycle5,1,0,81,0,1,1,1,0,1,1
pair-09-case-015,Google Pub/Sub,ack-session-bridge,cycle5,1,0,0,0,1,1,1,0,1,1
pair-09-case-016,Google Pub/Sub,ack-session-bridge,cycle5,1,0,0,0,1,1,1,0,1,1
pair-09-case-017,Google Pub/Sub,ack-session-bridge,cycle5,1,0,81,0,1,1,0,1,1,1
pair-09-case-018,Google Pub/Sub,ack-session-bridge,cycle5,1,0,0,0,1,0,0,0,1,1
pair-09-case-019,Google Pub/Sub,ack-session-bridge,cycle5,1,0,81,0,1,0,0,1,1,1
pair-09-case-020,Google Pub/Sub,ack-session-bridge,cycle5,1,0,81,0,1,1,1,0,1,1
pair-09-case-021,Google Pub/Sub,ack-session-bridge,cycle5,1,0,0,0,1,1,1,0,1,1
pair-09-case-022,Google Pub/Sub,ack-session-bridge,cycle5,1,0,0,0,1,1,1,0,1,1
pair-09-case-023,Google Pub/Sub,ack-session-bridge,cycle5,1,0,81,0,1,1,0,1,1,1
pair-09-case-024,Google Pub/Sub,ack-session-bridge,cycle5,1,0,0,0,1,0,0,0,1,1
pair-09-case-025,Google Pub/Sub,ack-session-bridge,cycle5,1,0,81,0,1,0,0,1,1,1
pair-09-case-026,Google Pub/Sub,ack-session-bridge,cycle5,1,0,81,0,1,1,1,0,1,1
pair-09-case-027,Google Pub/Sub,ack-session-bridge,cycle5,1,0,0,0,1,1,1,0,1,1
pair-09-case-028,Google Pub/Sub,ack-session-bridge,cycle5,1,0,0,0,1,1,1,0,1,1
pair-09-case-029,Google Pub/Sub,ack-session-bridge,cycle5,1,0,81,0,1,1,0,1,1,1
pair-09-case-030,Google Pub/Sub,ack-session-bridge,cycle5,1,1,189,10,0,1,0,1,1,1
pair-09-case-031,Google Pub/Sub,ack-session-bridge,cycle5,1,1,189,10,0,1,0,1,1,1
pair-09-case-032,Google Pub/Sub,ack-session-bridge,cycle5,1,1,189,10,0,1,0,1,1,1
pair-09-case-033,Google Pub/Sub,ack-session-bridge,cycle5,1,1,189,10,0,1,0,1,1,1
pair-09-case-034,Google Pub/Sub,ack-session-bridge,cycle5,1,1,189,10,0,1,0,1,1,1
pair-09-case-035,Google Pub/Sub,ack-session-bridge,cycle5,1,1,189,10,0,1,0,1,1,1
pair-09-case-036,Google Pub/Sub,ack-session-bridge,cycle5,1,1,189,10,0,1,0,1,1,1
pair-09-case-037,Google Pub/Sub,ack-session-bridge,cycle5,1,1,189,10,0,1,0,1,1,1
pair-09-case-038,Google Pub/Sub,ack-session-bridge,cycle5,1,1,189,10,0,1,0,1,1,1
pair-09-case-039,Google Pub/Sub,ack-session-bridge,cycle5,1,1,189,10,0,1,0,1,1,1
pair-09-case-040,Google Pub/Sub,ack-session-bridge,cycle5,1,1,189,10,0,1,0,1,1,1
pair-09-case-041,Google Pub/Sub,ack-session-bridge,cycle5,1,1,189,10,0,1,0,1,1,1
pair-09-case-042,Google Pub/Sub,ack-session-bridge,cycle5,4,1,93,10,0,1,0,1,1,1
pair-09-case-043,Google Pub/Sub,ack-session-bridge,cycle5,3,1,99,10,0,1,0,1,1,1
pair-09-case-044,Google Pub/Sub,ack-session-bridge,cycle5,4,0,54,0,3,1,0,1,1,1
pair-09-case-045,Google Pub/Sub,ack-session-bridge,cycle5,4,1,77,10,0,1,0,1,1,1
pair-09-case-046,Google Pub/Sub,ack-session-bridge,cycle5,4,1,99,10,0,1,0,1,1,1
pair-09-case-047,Google Pub/Sub,ack-session-bridge,cycle5,4,1,81,10,0,1,0,1,1,1
pair-09-case-048,Google Pub/Sub,ack-session-bridge,cycle5,4,1,84,10,0,1,0,1,1,1
pair-09-case-049,Google Pub/Sub,ack-session-bridge,cycle5,2,1,147,10,0,1,0,1,1,1
pair-09-case-050,Google Pub/Sub,ack-session-bridge,cycle5,3,1,117,10,0,1,0,1,1,1
pair-09-case-051,Google Pub/Sub,ack-session-bridge,cycle5,2,1,171,10,0,1,0,1,1,1
pair-09-case-052,Google Pub/Sub,ack-session-bridge,cycle5,4,1,81,10,0,1,0,1,1,1
pair-09-case-053,Google Pub/Sub,ack-session-bridge,cycle5,4,1,91,10,0,1,0,1,1,1
pair-09-case-054,Google Pub/Sub,ack-session-bridge,cycle5,3,1,105,10,0,1,0,1,1,1
pair-09-case-055,Google Pub/Sub,ack-session-bridge,cycle5,4,1,87,10,0,1,0,1,1,1
pair-09-case-056,Google Pub/Sub,ack-session-bridge,cycle5,4,1,69,10,0,1,0,1,1,1
pair-09-case-057,Google Pub/Sub,ack-session-bridge,cycle5,4,1,111,10,0,1,0,1,1,1
pair-09-case-058,Google Pub/Sub,ack-session-bridge,cycle5,3,1,102,10,0,1,0,1,1,1
pair-09-case-059,Google Pub/Sub,ack-session-bridge,cycle5,4,1,63,10,0,1,0,1,1,1
pair-09-case-060,Google Pub/Sub,ack-session-bridge,cycle5,4,1,91,10,0,1,0,1,1,1
pair-09-case-061,Google Pub/Sub,ack-session-bridge,cycle5,4,1,63,10,0,1,0,1,1,1
pair-09-case-062,Google Pub/Sub,ack-session-bridge,cycle5,3,1,105,10,0,1,0,1,1,1
pair-09-case-063,Google Pub/Sub,ack-session-bridge,cycle5,3,1,99,10,0,1,0,1,1,1
pair-09-case-064,Google Pub/Sub,ack-session-bridge,cycle5,3,1,123,10,0,1,0,1,1,1
pair-09-case-065,Google Pub/Sub,ack-session-bridge,cycle5,4,1,77,10,0,1,0,1,1,1
pair-09-case-066,Google Pub/Sub,ack-session-bridge,cycle5,3,1,111,10,0,1,0,1,1,1
pair-09-case-067,Google Pub/Sub,ack-session-bridge,cycle5,2,1,153,10,0,1,0,1,1,1
pair-09-case-068,Google Pub/Sub,ack-session-bridge,cycle5,4,1,75,10,0,1,0,1,1,1
pair-09-case-069,Google Pub/Sub,ack-session-bridge,cycle5,2,1,147,10,0,1,0,1,1,1
pair-09-case-070,Google Pub/Sub,ack-session-bridge,cycle5,4,1,84,10,0,1,0,1,1,1
pair-09-case-071,Google Pub/Sub,ack-session-bridge,cycle5,4,1,103,10,0,1,0,1,1,1
pair-09-case-072,Google Pub/Sub,ack-session-bridge,cycle5,4,1,77,10,0,1,0,1,1,1
pair-09-case-073,Google Pub/Sub,ack-session-bridge,cycle5,4,1,103,10,0,1,0,1,1,1
pair-09-case-074,Google Pub/Sub,ack-session-bridge,cycle5,3,1,119,10,0,1,0,1,1,1
pair-09-case-075,Google Pub/Sub,ack-session-bridge,cycle5,4,1,89,10,0,1,0,1,1,1
pair-09-case-076,Google Pub/Sub,ack-session-bridge,cycle5,4,1,65,10,0,1,0,1,1,1
pair-09-case-077,Google Pub/Sub,ack-session-bridge,cycle5,4,1,81,10,0,1,0,1,1,1
pair-09-case-078,Google Pub/Sub,ack-session-bridge,cycle5,4,1,81,10,0,1,0,1,1,1
pair-09-case-079,Google Pub/Sub,ack-session-bridge,cycle5,4,1,81,10,0,1,0,1,1,1
pair-09-case-080,Google Pub/Sub,ack-session-bridge,cycle5,4,0,9,0,3,1,0,1,1,1
pair-09-case-081,Google Pub/Sub,ack-session-bridge,cycle5,4,1,77,10,0,1,0,1,1,1
pair-09-case-082,Google Pub/Sub,ack-session-bridge,cycle5,4,1,89,10,0,1,0,1,1,1
pair-09-case-083,Google Pub/Sub,ack-session-bridge,cycle5,2,1,153,10,0,1,0,1,1,1
pair-09-case-084,Google Pub/Sub,ack-session-bridge,cycle5,4,1,74,10,0,1,0,1,1,1
pair-09-case-085,Google Pub/Sub,ack-session-bridge,cycle5,2,1,147,10,0,1,0,1,1,1
pair-09-case-086,Google Pub/Sub,ack-session-bridge,cycle5,4,1,77,10,0,1,0,1,1,1
pair-09-case-087,Google Pub/Sub,ack-session-bridge,cycle5,4,1,91,10,0,1,0,1,1,1
pair-09-case-088,Google Pub/Sub,ack-session-bridge,cycle5,3,1,135,10,0,1,0,1,1,1
pair-09-case-089,Google Pub/Sub,ack-session-bridge,cycle5,4,1,74,10,0,1,0,1,1,1
pair-09-case-090,Google Pub/Sub,ack-session-bridge,cycle5,4,0,9,0,3,1,0,1,1,1
pair-09-case-091,Google Pub/Sub,ack-session-bridge,cycle5,4,1,91,10,0,1,0,1,1,1
pair-09-case-092,Google Pub/Sub,ack-session-bridge,cycle5,4,1,81,10,0,1,0,1,1,1
pair-09-case-093,Google Pub/Sub,ack-session-bridge,cycle5,4,1,81,10,0,1,0,1,1,1
pair-09-case-094,Google Pub/Sub,ack-session-bridge,cycle5,4,1,75,10,0,1,0,1,1,1
pair-09-case-095,Google Pub/Sub,ack-session-bridge,cycle5,3,1,93,10,0,1,0,1,1,1
pair-09-case-096,Google Pub/Sub,ack-session-bridge,cycle5,4,1,77,10,0,1,0,1,1,1
pair-09-case-097,Google Pub/Sub,ack-session-bridge,cycle5,2,1,147,10,0,1,0,1,1,1
pair-09-case-098,Google Pub/Sub,ack-session-bridge,cycle5,2,1,153,10,0,1,0,1,1,1
pair-09-case-099,Google Pub/Sub,ack-session-bridge,cycle5,3,1,105,10,0,1,0,1,1,1
pair-09-case-100,Google Pub/Sub,ack-session-bridge,cycle5,4,1,77,10,0,1,0,1,1,1
pair-09-case-101,Google Pub/Sub,ack-session-bridge,cycle5,4,1,69,10,0,1,0,1,1,1
pair-09-case-102,Google Pub/Sub,ack-session-bridge,cycle5,2,1,147,10,0,1,0,1,1,1
pair-09-case-103,Google Pub/Sub,ack-session-bridge,cycle5,4,1,81,10,0,1,0,1,1,1
pair-09-case-104,Google Pub/Sub,ack-session-bridge,cycle5,4,1,103,10,0,1,0,1,1,1
pair-09-case-105,Google Pub/Sub,ack-session-bridge,cycle5,3,1,111,10,0,1,0,1,1,1
pair-09-case-106,Google Pub/Sub,ack-session-bridge,cycle5,4,1,99,10,0,1,0,1,1,1
pair-09-case-107,Google Pub/Sub,ack-session-bridge,cycle5,3,1,117,10,0,1,0,1,1,1
pair-09-case-108,Google Pub/Sub,ack-session-bridge,cycle5,3,1,111,10,0,1,0,1,1,1
pair-09-case-109,Google Pub/Sub,ack-session-bridge,cycle5,3,1,105,10,0,1,0,1,1,1
pair-09-case-110,Google Pub/Sub,ack-session-bridge,cycle5,4,1,69,10,0,1,0,1,1,1
pair-09-case-111,Google Pub/Sub,ack-session-bridge,cycle5,4,1,91,10,0,1,0,1,1,1
pair-09-case-112,Google Pub/Sub,ack-session-bridge,cycle5,4,0,56,0,3,1,0,1,1,1
pair-09-case-113,Google Pub/Sub,ack-session-bridge,cycle5,4,1,69,10,0,1,0,1,1,1
pair-09-case-114,Google Pub/Sub,ack-session-bridge,cycle5,2,1,153,10,0,1,0,1,1,1
pair-09-case-115,Google Pub/Sub,ack-session-bridge,cycle5,4,1,75,10,0,1,0,1,1,1
pair-09-case-116,Google Pub/Sub,ack-session-bridge,cycle5,4,1,91,10,0,1,0,1,1,1
pair-09-case-117,Google Pub/Sub,ack-session-bridge,cycle5,2,1,135,10,0,1,0,1,1,1
pair-09-case-118,Google Pub/Sub,ack-session-bridge,cycle5,3,1,119,10,0,1,0,1,1,1
pair-09-case-119,Google Pub/Sub,ack-session-bridge,cycle5,3,1,123,10,0,1,0,1,1,1
pair-09-case-120,Google Pub/Sub,ack-session-bridge,cycle5,4,1,69,10,0,1,0,1,1,1
pair-09-case-121,Google Pub/Sub,ack-session-bridge,cycle5,3,1,111,10,0,1,0,1,1,1
pair-09-case-122,Google Pub/Sub,ack-session-bridge,cycle5,3,1,133,10,0,1,0,1,1,1
pair-09-case-123,Google Pub/Sub,ack-session-bridge,cycle5,2,1,135,10,0,1,0,1,1,1
pair-09-case-124,Google Pub/Sub,ack-session-bridge,cycle5,4,1,91,10,0,1,0,1,1,1
pair-09-case-125,Google Pub/Sub,ack-session-bridge,cycle5,4,1,91,10,0,1,0,1,1,1
pair-09-case-126,Google Pub/Sub,ack-session-bridge,cycle5,3,1,123,10,0,1,0,1,1,1
pair-09-case-127,Google Pub/Sub,ack-session-bridge,cycle5,4,1,81,10,0,1,0,1,1,1
pair-09-case-128,Google Pub/Sub,ack-session-bridge,cycle5,3,1,111,10,0,1,0,1,1,1
pair-09-case-129,Google Pub/Sub,ack-session-bridge,cycle5,4,1,91,10,0,1,0,1,1,1
pair-09-case-130,Google Pub/Sub,ack-session-bridge,cycle5,4,1,84,10,0,1,0,1,1,1
pair-09-case-131,Google Pub/Sub,ack-session-bridge,cycle5,3,1,108,10,0,1,0,1,1,1
pair-09-case-132,Google Pub/Sub,ack-session-bridge,cycle5,4,1,81,10,0,1,0,1,1,1
pair-09-case-133,Google Pub/Sub,ack-session-bridge,cycle5,3,1,105,10,0,1,0,1,1,1
pair-09-case-134,Google Pub/Sub,ack-session-bridge,cycle5,4,1,75,10,0,1,0,1,1,1
pair-09-case-135,Google Pub/Sub,ack-session-bridge,cycle5,3,1,111,10,0,1,0,1,1,1
pair-09-case-136,Google Pub/Sub,ack-session-bridge,cycle5,4,1,84,10,0,1,0,1,1,1
pair-09-case-137,Google Pub/Sub,ack-session-bridge,cycle5,4,1,81,10,0,1,0,1,1,1
pair-09-case-138,Google Pub/Sub,ack-session-bridge,cycle5,4,0,0,0,1,1,0,0,1,1
pair-09-case-139,Google Pub/Sub,ack-session-bridge,cycle5,3,0,0,0,1,0,0,0,1,1
pair-09-case-140,Google Pub/Sub,ack-session-bridge,cycle5,3,0,18,0,1,0,0,1,1,1
pair-09-case-141,Google Pub/Sub,ack-session-bridge,cycle5,4,0,0,0,1,1,0,0,1,1
pair-09-case-142,Google Pub/Sub,ack-session-bridge,cycle5,4,0,63,0,1,1,0,0,1,1
pair-09-case-143,Google Pub/Sub,ack-session-bridge,cycle5,4,0,0,0,1,0,0,0,1,1
pair-09-case-144,Google Pub/Sub,ack-session-bridge,cycle5,4,0,0,0,1,1,0,0,1,1
pair-09-case-145,Google Pub/Sub,ack-session-bridge,cycle5,4,0,0,0,1,0,0,0,1,1
pair-09-case-146,Google Pub/Sub,ack-session-bridge,cycle5,4,0,0,0,1,1,0,0,1,1
pair-09-case-147,Google Pub/Sub,ack-session-bridge,cycle5,4,0,0,0,1,0,0,0,1,1
pair-09-case-148,Google Pub/Sub,ack-session-bridge,cycle5,4,0,9,0,1,1,0,0,1,1
pair-09-case-149,Google Pub/Sub,ack-session-bridge,cycle5,3,0,0,0,1,0,0,0,1,1
pair-09-case-150,Google Pub/Sub,ack-session-bridge,cycle5,4,0,0,0,1,0,0,0,1,1
pair-09-case-151,Google Pub/Sub,ack-session-bridge,cycle5,4,0,0,0,1,0,0,0,1,1
pair-09-case-152,Google Pub/Sub,ack-session-bridge,cycle5,4,0,0,0,1,0,0,0,1,1
pair-09-case-153,Google Pub/Sub,ack-session-bridge,cycle5,4,0,0,0,1,1,0,0,1,1
pair-09-case-154,Google Pub/Sub,ack-session-bridge,cycle5,4,0,0,0,1,0,0,0,1,1
pair-09-case-155,Google Pub/Sub,ack-session-bridge,cycle5,4,0,0,0,1,1,0,0,1,1
pair-09-case-156,Google Pub/Sub,ack-session-bridge,cycle5,4,0,0,0,1,0,0,0,1,1
pair-09-case-157,Google Pub/Sub,ack-session-bridge,cycle5,4,0,0,0,1,0,0,0,1,1
pair-09-case-158,Google Pub/Sub,ack-session-bridge,cycle5,3,0,9,0,1,1,0,1,1,1
pair-09-case-159,Google Pub/Sub,ack-session-bridge,cycle5,4,0,0,0,1,0,0,0,1,1
pair-09-case-160,Google Pub/Sub,ack-session-bridge,cycle5,4,0,81,0,1,0,0,1,1,1
pair-09-case-161,Google Pub/Sub,ack-session-bridge,cycle5,4,0,15,0,1,0,0,0,1,1
pair-09-case-162,Google Pub/Sub,ack-session-bridge,cycle5,4,0,0,0,1,0,0,0,1,1
pair-09-case-163,Google Pub/Sub,ack-session-bridge,cycle5,4,0,0,0,1,0,0,0,1,1
pair-09-case-164,Google Pub/Sub,ack-session-bridge,cycle5,4,0,3,0,1,0,0,1,1,1
pair-09-case-165,Google Pub/Sub,ack-session-bridge,cycle5,4,0,27,0,1,1,0,0,1,1
pair-09-case-166,Google Pub/Sub,ack-session-bridge,cycle5,4,0,0,0,1,1,0,0,1,1
pair-09-case-167,Google Pub/Sub,ack-session-bridge,cycle5,4,0,0,0,1,0,0,0,1,1
pair-09-case-168,Google Pub/Sub,ack-session-bridge,cycle5,4,0,0,0,1,0,0,0,1,1
pair-09-case-169,Google Pub/Sub,ack-session-bridge,cycle5,4,0,0,0,1,1,0,0,1,1
pair-09-case-170,Google Pub/Sub,ack-session-bridge,cycle5,4,0,0,0,1,0,0,0,1,1
pair-09-case-171,Google Pub/Sub,ack-session-bridge,cycle5,4,0,0,0,1,0,0,0,1,1
pair-09-case-172,Google Pub/Sub,ack-session-bridge,cycle5,4,0,0,0,1,1,0,0,1,1
pair-09-case-173,Google Pub/Sub,ack-session-bridge,cycle5,4,0,0,0,1,0,0,0,1,1
pair-09-case-174,Google Pub/Sub,ack-session-bridge,cycle5,4,0,0,0,1,1,0,0,1,1
pair-09-case-175,Google Pub/Sub,ack-session-bridge,cycle5,4,0,0,0,1,0,0,0,1,1
pair-09-case-176,Google Pub/Sub,ack-session-bridge,cycle5,4,0,0,0,1,0,0,0,1,1
pair-09-case-177,Google Pub/Sub,ack-session-bridge,cycle5,4,0,0,0,1,0,0,0,1,1
pair-09-case-178,Google Pub/Sub,ack-session-bridge,cycle5,4,0,0,0,1,0,0,0,1,1
pair-09-case-179,Google Pub/Sub,ack-session-bridge,cycle5,4,0,0,0,1,1,0,0,1,1
pair-09-case-180,Google Pub/Sub,ack-session-bridge,cycle5,4,0,0,0,1,0,0,0,1,1
pair-09-case-181,Google Pub/Sub,ack-session-bridge,cycle5,4,0,0,0,1,1,0,0,1,1
pair-09-case-182,Google Pub/Sub,ack-session-bridge,cycle5,4,0,9,0,1,0,0,0,1,1
pair-09-case-183,Google Pub/Sub,ack-session-bridge,cycle5,4,0,6,0,1,0,0,0,1,1
pair-09-case-184,Google Pub/Sub,ack-session-bridge,cycle5,4,0,9,0,1,1,0,0,1,1
pair-09-case-185,Google Pub/Sub,ack-session-bridge,cycle5,4,0,0,0,1,1,0,0,1,1
pair-09-case-186,Google Pub/Sub,ack-session-bridge,cycle5,4,0,9,0,1,1,0,1,1,1
pair-09-case-187,Google Pub/Sub,ack-session-bridge,cycle5,4,0,0,0,1,1,0,0,1,1
pair-09-case-188,Google Pub/Sub,ack-session-bridge,cycle5,4,0,0,0,1,1,0,0,1,1
pair-09-case-189,Google Pub/Sub,ack-session-bridge,cycle5,4,0,0,0,1,0,0,0,1,1
pair-09-case-190,Google Pub/Sub,ack-session-bridge,cycle5,4,0,0,0,1,0,0,0,1,1
pair-09-case-191,Google Pub/Sub,ack-session-bridge,cycle5,4,0,0,0,1,0,0,0,1,1
pair-09-case-192,Google Pub/Sub,ack-session-bridge,cycle5,4,0,0,0,1,0,0,0,1,1
pair-09-case-193,Google Pub/Sub,ack-session-bridge,cycle5,4,0,0,0,1,0,0,0,1,1
pair-09-case-194,Google Pub/Sub,ack-session-bridge,cycle5,4,0,0,0,1,0,0,0,1,1
pair-09-case-195,Google Pub/Sub,ack-session-bridge,cycle5,4,0,0,0,1,0,0,0,1,1
pair-09-case-196,Google Pub/Sub,ack-session-bridge,cycle5,4,0,0,0,1,0,0,0,1,1
pair-09-case-197,Google Pub/Sub,ack-session-bridge,cycle5,3,0,27,0,1,0,0,0,1,1
pair-09-case-198,Google Pub/Sub,ack-session-bridge,cycle5,4,0,0,0,1,0,0,0,1,1
pair-09-case-199,Google Pub/Sub,ack-session-bridge,cycle5,4,0,0,0,1,0,0,0,1,1
pair-09-case-200,Google Pub/Sub,ack-session-bridge,cycle5,4,0,0,0,1,0,0,0,1,1
pair-09-case-201,Google Pub/Sub,ack-session-bridge,cycle5,4,0,0,0,1,0,0,0,1,1
pair-09-case-202,Google Pub/Sub,ack-session-bridge,cycle5,4,0,0,0,1,0,0,0,1,1
pair-09-case-203,Google Pub/Sub,ack-session-bridge,cycle5,4,0,0,0,1,1,0,0,1,1
pair-09-case-204,Google Pub/Sub,ack-session-bridge,cycle5,4,0,0,0,1,0,0,0,1,1
pair-09-case-205,Google Pub/Sub,ack-session-bridge,cycle5,4,0,0,0,1,1,1,0,1,1
pair-09-case-206,Google Pub/Sub,ack-session-bridge,cycle5,4,0,0,0,1,0,0,0,1,1
pair-09-case-207,Google Pub/Sub,ack-session-bridge,cycle5,4,0,0,0,1,0,0,0,1,1
pair-09-case-208,Google Pub/Sub,ack-session-bridge,cycle5,3,0,0,0,1,0,0,0,1,1
pair-09-case-209,Google Pub/Sub,ack-session-bridge,cycle5,4,0,0,0,1,1,0,0,1,1
pair-09-case-210,Google Pub/Sub,ack-session-bridge,cycle5,4,0,15,0,1,1,0,0,1,1
pair-09-case-211,Google Pub/Sub,ack-session-bridge,cycle5,4,0,0,0,1,0,0,0,1,1
pair-09-case-212,Google Pub/Sub,ack-session-bridge,cycle5,4,0,6,0,1,0,0,0,1,1
pair-09-case-213,Google Pub/Sub,ack-session-bridge,cycle5,4,0,0,0,1,0,0,0,1,1
pair-09-case-214,Google Pub/Sub,ack-session-bridge,cycle5,4,0,0,0,1,0,0,0,1,1
pair-09-case-215,Google Pub/Sub,ack-session-bridge,cycle5,4,0,0,0,1,1,0,0,1,1
pair-09-case-216,Google Pub/Sub,ack-session-bridge,cycle5,4,0,0,0,1,0,0,0,1,1
pair-09-case-217,Google Pub/Sub,ack-session-bridge,cycle5,4,0,0,0,1,0,0,0,1,1
pair-09-case-218,Google Pub/Sub,ack-session-bridge,cycle5,4,0,0,0,1,0,0,0,1,1
pair-09-case-219,Google Pub/Sub,ack-session-bridge,cycle5,4,0,0,0,1,0,0,0,1,1
pair-09-case-220,Google Pub/Sub,ack-session-bridge,cycle5,4,0,0,0,1,0,0,0,1,1
pair-09-case-221,Google Pub/Sub,ack-session-bridge,cycle5,4,0,0,0,1,0,0,0,1,1
pair-09-case-222,Google Pub/Sub,ack-session-bridge,cycle5,3,0,18,0,1,0,0,1,1,1
pair-09-case-223,Google Pub/Sub,ack-session-bridge,cycle5,3,0,0,0,1,0,0,0,1,1
pair-09-case-224,Google Pub/Sub,ack-session-bridge,cycle5,4,0,0,0,1,0,0,0,1,1
pair-09-case-225,Google Pub/Sub,ack-session-bridge,cycle5,3,0,0,0,1,0,0,0,1,1
pair-09-case-226,Google Pub/Sub,ack-session-bridge,cycle5,4,0,0,0,1,0,0,0,1,1
pair-09-case-227,Google Pub/Sub,ack-session-bridge,cycle5,4,0,0,0,1,0,0,0,1,1
pair-09-case-228,Google Pub/Sub,ack-session-bridge,cycle5,4,0,0,0,1,0,0,0,1,1
pair-09-case-229,Google Pub/Sub,ack-session-bridge,cycle5,4,0,0,0,1,0,0,0,1,1
pair-09-case-230,Google Pub/Sub,ack-session-bridge,cycle5,4,0,0,0,1,1,0,0,1,1
pair-09-case-231,Google Pub/Sub,ack-session-bridge,cycle5,4,0,0,0,1,0,0,0,1,1
pair-09-case-232,Google Pub/Sub,ack-session-bridge,cycle5,4,0,0,0,1,0,0,0,1,1
pair-09-case-233,Google Pub/Sub,ack-session-bridge,cycle5,4,0,0,0,1,1,0,0,1,1
pair-09-case-234,Google Pub/Sub,ack-session-bridge,cycle5,4,0,0,0,1,0,0,0,1,1
pair-09-case-235,Google Pub/Sub,ack-session-bridge,cycle5,4,0,0,0,1,0,0,0,1,1
pair-09-case-236,Google Pub/Sub,ack-session-bridge,cycle5,4,0,0,0,1,0,0,0,1,1
pair-09-case-237,Google Pub/Sub,ack-session-bridge,cycle5,4,0,0,0,1,0,0,0,1,1
pair-09-case-238,Google Pub/Sub,ack-session-bridge,cycle5,4,0,0,0,1,1,0,0,1,1
pair-09-case-239,Google Pub/Sub,ack-session-bridge,cycle5,4,0,0,0,1,0,0,0,1,1
pair-09-case-240,Google Pub/Sub,ack-session-bridge,cycle5,4,0,0,0,1,1,0,0,1,1
pair-09-case-241,Google Pub/Sub,ack-session-bridge,cycle5,4,0,0,0,1,0,0,0,1,1
pair-09-case-242,Google Pub/Sub,ack-session-bridge,cycle5,4,0,0,0,1,0,0,0,1,1
pair-09-case-243,Google Pub/Sub,ack-session-bridge,cycle5,4,0,0,0,1,0,0,0,1,1
pair-09-case-244,Google Pub/Sub,ack-session-bridge,cycle5,4,0,0,0,1,0,0,0,1,1
pair-09-case-245,Google Pub/Sub,ack-session-bridge,cycle5,4,0,0,0,1,0,0,0,1,1
pair-09-case-246,Google Pub/Sub,ack-session-bridge,cycle5,4,0,0,0,1,1,0,0,1,1
pair-09-case-247,Google Pub/Sub,ack-session-bridge,cycle5,4,0,0,0,1,1,0,0,1,1
pair-09-case-248,Google Pub/Sub,ack-session-bridge,cycle5,4,0,0,0,1,0,0,0,1,1
pair-09-case-249,Google Pub/Sub,ack-session-bridge,cycle5,4,0,0,0,1,0,0,0,1,1
pair-09-case-250,Google Pub/Sub,ack-session-bridge,cycle5,4,0,0,0,1,0,0,0,1,1
pair-09-case-251,Google Pub/Sub,ack-session-bridge,cycle5,4,0,0,0,1,0,0,0,1,1
pair-09-case-252,Google Pub/Sub,ack-session-bridge,cycle5,4,0,21,0,1,1,0,1,1,1
pair-09-case-253,Google Pub/Sub,ack-session-bridge,cycle5,4,0,0,0,1,0,0,0,1,1
pair-09-case-254,Google Pub/Sub,ack-session-bridge,cycle5,4,0,0,0,1,0,0,0,1,1
pair-09-case-255,Google Pub/Sub,ack-session-bridge,cycle5,4,0,0,0,1,1,0,0,1,1
pair-09-case-256,Google Pub/Sub,ack-session-bridge,cycle5,4,0,0,0,1,0,0,0,1,1
pair-09-case-257,Google Pub/Sub,ack-session-bridge,cycle5,4,0,0,0,1,0,0,0,1,1
pair-09-case-258,Google Pub/Sub,ack-session-bridge,cycle5,4,0,0,0,1,1,0,0,1,1
pair-09-case-259,Google Pub/Sub,ack-session-bridge,cycle5,3,0,0,0,1,1,0,0,1,1
pair-09-case-260,Google Pub/Sub,ack-session-bridge,cycle5,4,0,0,0,1,0,0,0,1,1
pair-09-case-261,Google Pub/Sub,ack-session-bridge,cycle5,4,0,0,0,1,0,0,0,1,1
pair-09-case-262,Google Pub/Sub,ack-session-bridge,cycle5,4,0,0,0,1,0,0,0,1,1
pair-09-case-263,Google Pub/Sub,ack-session-bridge,cycle5,4,0,0,0,1,0,0,0,1,1
pair-09-case-264,Google Pub/Sub,ack-session-bridge,cycle5,4,0,0,0,1,0,0,0,1,1
pair-09-case-265,Google Pub/Sub,ack-session-bridge,cycle5,4,0,0,0,1,1,0,0,1,1
pair-09-case-266,Google Pub/Sub,ack-session-bridge,cycle5,4,0,21,0,1,0,0,1,1,1
pair-09-case-267,Google Pub/Sub,ack-session-bridge,cycle5,4,0,0,0,1,0,0,0,1,1
pair-09-case-268,Google Pub/Sub,ack-session-bridge,cycle5,4,0,0,0,1,0,0,0,1,1
pair-09-case-269,Google Pub/Sub,ack-session-bridge,cycle5,4,0,0,0,1,0,0,0,1,1
pair-09-case-270,Google Pub/Sub,ack-session-bridge,cycle5,4,0,9,0,1,0,0,0,1,1
pair-09-case-271,Google Pub/Sub,ack-session-bridge,cycle5,4,0,0,0,1,0,0,0,1,1
pair-09-case-272,Google Pub/Sub,ack-session-bridge,cycle5,4,0,0,0,1,0,0,0,1,1
pair-09-case-273,Google Pub/Sub,ack-session-bridge,cycle5,4,0,0,0,1,1,0,0,1,1
pair-09-case-274,Google Pub/Sub,ack-session-bridge,cycle5,4,0,49,0,1,0,0,1,1,1
pair-09-case-275,Google Pub/Sub,ack-session-bridge,cycle5,4,0,0,0,1,1,0,0,1,1
pair-09-case-276,Google Pub/Sub,ack-session-bridge,cycle5,4,0,9,0,1,0,0,0,1,1
pair-09-case-277,Google Pub/Sub,ack-session-bridge,cycle5,4,0,0,0,1,0,0,0,1,1
pair-09-case-278,Google Pub/Sub,ack-session-bridge,cycle5,4,0,0,0,1,0,0,0,1,1
pair-09-case-279,Google Pub/Sub,ack-session-bridge,cycle5,4,0,0,0,1,0,0,0,1,1
pair-09-case-280,Google Pub/Sub,ack-session-bridge,cycle5,4,0,0,0,1,1,0,0,1,1
pair-09-case-281,Google Pub/Sub,ack-session-bridge,cycle5,4,0,0,0,1,0,0,0,1,1
pair-09-case-282,Google Pub/Sub,ack-session-bridge,cycle5,4,0,9,0,1,0,0,1,1,1
pair-09-case-283,Google Pub/Sub,ack-session-bridge,cycle5,4,0,0,0,1,0,0,0,1,1
pair-09-case-284,Google Pub/Sub,ack-session-bridge,cycle5,4,0,0,0,1,0,0,0,1,1
pair-09-case-285,Google Pub/Sub,ack-session-bridge,cycle5,4,0,0,0,1,0,0,0,1,1
pair-09-case-286,Google Pub/Sub,ack-session-bridge,cycle5,4,0,18,0,1,0,0,1,1,1
pair-09-case-287,Google Pub/Sub,ack-session-bridge,cycle5,4,0,63,0,1,1,0,1,1,1
pair-09-case-288,Google Pub/Sub,ack-session-bridge,cycle5,4,0,0,0,1,0,0,0,1,1
pair-09-case-289,Google Pub/Sub,ack-session-bridge,cycle5,4,0,0,0,1,0,0,0,1,1
pair-09-case-290,Google Pub/Sub,ack-session-bridge,cycle5,4,0,0,0,1,1,0,0,1,1
pair-09-case-291,Google Pub/Sub,ack-session-bridge,cycle5,4,0,0,0,1,1,0,0,1,1
pair-09-case-292,Google Pub/Sub,ack-session-bridge,cycle5,4,0,0,0,1,1,0,0,1,1
pair-09-case-293,Google Pub/Sub,ack-session-bridge,cycle5,4,0,0,0,1,0,0,0,1,1
pair-09-case-294,Google Pub/Sub,ack-session-bridge,cycle5,3,0,0,0,1,0,0,0,1,1
pair-09-case-295,Google Pub/Sub,ack-session-bridge,cycle5,4,0,6,0,1,0,0,1,1,1
pair-09-case-296,Google Pub/Sub,ack-session-bridge,cycle5,4,0,0,0,1,1,0,0,1,1
pair-09-case-297,Google Pub/Sub,ack-session-bridge,cycle5,4,0,6,0,1,0,0,0,1,1
pair-09-case-298,Google Pub/Sub,ack-session-bridge,cycle5,4,0,0,0,1,0,0,0,1,1
pair-09-case-299,Google Pub/Sub,ack-session-bridge,cycle5,4,0,0,0,1,1,0,0,1,1
pair-09-case-300,Google Pub/Sub,ack-session-bridge,cycle5,3,0,0,0,1,0,0,0,1,1
pair-09-case-301,Google Pub/Sub,ack-session-bridge,cycle5,4,0,0,0,1,0,0,0,1,1
pair-09-case-302,Google Pub/Sub,ack-session-bridge,cycle5,3,0,0,0,1,1,0,0,1,1
pair-09-case-303,Google Pub/Sub,ack-session-bridge,cycle5,4,0,0,0,1,0,0,0,1,1
pair-09-case-304,Google Pub/Sub,ack-session-bridge,cycle5,4,0,0,0,1,0,0,0,1,1
pair-09-case-305,Google Pub/Sub,ack-session-bridge,cycle5,4,0,0,0,1,0,0,0,1,1
pair-09-case-306,Google Pub/Sub,ack-session-bridge,cycle5,4,0,0,0,1,0,0,0,1,1
pair-09-case-307,Google Pub/Sub,ack-session-bridge,cycle5,4,0,0,0,1,0,0,0,1,1
pair-09-case-308,Google Pub/Sub,ack-session-bridge,cycle5,4,0,0,0,1,0,0,0,1,1
pair-09-case-309,Google Pub/Sub,ack-session-bridge,cycle5,4,0,9,0,1,1,0,0,1,1
pair-09-case-310,Google Pub/Sub,ack-session-bridge,cycle5,4,0,9,0,1,0,0,0,1,1
pair-09-case-311,Google Pub/Sub,ack-session-bridge,cycle5,4,0,0,0,1,0,0,0,1,1
pair-09-case-312,Google Pub/Sub,ack-session-bridge,cycle5,4,0,0,0,1,0,0,0,1,1
pair-09-case-313,Google Pub/Sub,ack-session-bridge,cycle5,4,0,0,0,1,0,0,0,1,1
pair-09-case-314,Google Pub/Sub,ack-session-bridge,cycle5,4,0,0,0,1,0,0,0,1,1
pair-09-case-315,Google Pub/Sub,ack-session-bridge,cycle5,4,0,0,0,1,0,0,0,1,1
pair-09-case-316,Google Pub/Sub,ack-session-bridge,cycle5,4,0,0,0,1,1,0,0,1,1
pair-09-case-317,Google Pub/Sub,ack-session-bridge,cycle5,4,0,0,0,1,0,0,0,1,1
pair-09-case-318,Google Pub/Sub,ack-session-bridge,cycle5,4,0,0,0,1,0,0,0,1,1
pair-09-case-319,Google Pub/Sub,ack-session-bridge,cycle5,4,0,0,0,1,1,1,0,1,1
pair-09-case-320,Google Pub/Sub,ack-session-bridge,cycle5,3,0,0,0,1,0,0,0,1,1
pair-09-case-321,Google Pub/Sub,ack-session-bridge,cycle5,4,0,0,0,1,1,0,0,1,1
pair-09-case-322,Google Pub/Sub,ack-session-bridge,cycle5,4,0,0,0,1,1,0,0,1,1
pair-09-case-323,Google Pub/Sub,ack-session-bridge,cycle5,4,0,0,0,1,0,0,0,1,1
pair-09-case-324,Google Pub/Sub,ack-session-bridge,cycle5,4,0,0,0,1,0,0,0,1,1
pair-09-case-325,Google Pub/Sub,ack-session-bridge,cycle5,4,0,0,0,1,1,0,0,1,1
pair-09-case-326,Google Pub/Sub,ack-session-bridge,cycle5,4,0,6,0,1,1,0,0,1,1
pair-09-case-327,Google Pub/Sub,ack-session-bridge,cycle5,4,0,0,0,1,0,0,0,1,1
pair-09-case-328,Google Pub/Sub,ack-session-bridge,cycle5,3,0,0,0,1,0,0,0,1,1
pair-09-case-329,Google Pub/Sub,ack-session-bridge,cycle5,4,0,0,0,1,0,0,0,1,1
pair-09-case-330,Google Pub/Sub,ack-session-bridge,cycle5,4,0,0,0,1,0,0,0,1,1
pair-09-case-331,Google Pub/Sub,ack-session-bridge,cycle5,4,0,0,0,1,0,0,0,1,1
pair-09-case-332,Google Pub/Sub,ack-session-bridge,cycle5,4,0,0,0,1,0,0,0,1,1
pair-09-case-333,Google Pub/Sub,ack-session-bridge,cycle5,4,0,0,0,1,0,0,0,1,1
pair-09-case-334,Google Pub/Sub,ack-session-bridge,cycle5,4,0,0,0,1,0,0,0,1,1
pair-09-case-335,Google Pub/Sub,ack-session-bridge,cycle5,4,1,77,10,0,1,0,1,1,1
pair-09-case-336,Google Pub/Sub,ack-session-bridge,cycle5,3,0,0,0,1,0,0,0,1,1
pair-09-case-337,Google Pub/Sub,ack-session-bridge,cycle5,4,0,0,0,1,0,0,0,1,1
pair-09-case-338,Google Pub/Sub,ack-session-bridge,cycle5,4,0,0,0,1,0,0,0,1,1
pair-09-case-339,Google Pub/Sub,ack-session-bridge,cycle5,4,0,0,0,1,0,0,0,1,1
pair-09-case-340,Google Pub/Sub,ack-session-bridge,cycle5,4,0,0,0,1,0,0,0,1,1
pair-09-case-341,Google Pub/Sub,ack-session-bridge,cycle5,4,0,0,0,1,1,0,0,1,1
pair-09-case-342,Google Pub/Sub,ack-session-bridge,cycle5,4,0,0,0,1,0,0,0,1,1
pair-09-case-343,Google Pub/Sub,ack-session-bridge,cycle5,4,0,0,0,1,0,0,0,1,1
pair-09-case-344,Google Pub/Sub,ack-session-bridge,cycle5,4,0,0,0,1,0,0,0,1,1
pair-09-case-345,Google Pub/Sub,ack-session-bridge,cycle5,4,0,0,0,1,1,0,0,1,1
pair-09-case-346,Google Pub/Sub,ack-session-bridge,cycle5,4,0,0,0,1,1,1,0,1,1
pair-09-case-347,Google Pub/Sub,ack-session-bridge,cycle5,4,0,0,0,1,0,0,0,1,1
pair-09-case-348,Google Pub/Sub,ack-session-bridge,cycle5,4,0,0,0,1,0,0,0,1,1
pair-09-case-349,Google Pub/Sub,ack-session-bridge,cycle5,4,0,0,0,1,0,0,0,1,1
pair-09-case-350,Google Pub/Sub,ack-session-bridge,cycle5,4,0,0,0,1,1,0,0,1,1
pair-09-case-351,Google Pub/Sub,ack-session-bridge,cycle5,4,0,0,0,1,0,0,0,1,1
pair-09-case-352,Google Pub/Sub,ack-session-bridge,cycle5,4,0,0,0,1,1,0,0,1,1
pair-09-case-353,Google Pub/Sub,ack-session-bridge,cycle5,4,0,0,0,1,1,0,0,1,1
pair-09-case-354,Google Pub/Sub,ack-session-bridge,cycle5,4,0,0,0,1,1,0,0,1,1
pair-09-case-355,Google Pub/Sub,ack-session-bridge,cycle5,4,0,9,0,1,1,0,0,1,1
pair-09-case-356,Google Pub/Sub,ack-session-bridge,cycle5,3,0,0,0,1,0,0,0,1,1
pair-09-case-357,Google Pub/Sub,ack-session-bridge,cycle5,4,0,0,0,1,0,0,0,1,1
pair-09-case-358,Google Pub/Sub,ack-session-bridge,cycle5,4,0,0,0,1,1,0,0,1,1
pair-09-case-359,Google Pub/Sub,ack-session-bridge,cycle5,4,0,0,0,1,0,0,0,1,1
pair-09-case-360,Google Pub/Sub,ack-session-bridge,cycle5,4,0,0,0,1,0,0,0,1,1
pair-09-case-361,Google Pub/Sub,ack-session-bridge,cycle5,4,0,0,0,1,0,0,0,1,1
pair-09-case-362,Google Pub/Sub,ack-session-bridge,cycle5,4,0,28,0,1,1,0,0,1,1
pair-09-case-363,Google Pub/Sub,ack-session-bridge,cycle5,3,0,0,0,1,0,0,0,1,1
pair-09-case-364,Google Pub/Sub,ack-session-bridge,cycle5,4,0,0,0,1,0,0,0,1,1
pair-09-case-365,Google Pub/Sub,ack-session-bridge,cycle5,4,0,0,0,1,1,0,0,1,1
pair-09-case-366,Google Pub/Sub,ack-session-bridge,cycle5,4,0,0,0,1,0,0,0,1,1
pair-09-case-367,Google Pub/Sub,ack-session-bridge,cycle5,4,0,0,0,1,0,0,0,1,1
pair-09-case-368,Google Pub/Sub,ack-session-bridge,cycle5,4,1,75,10,0,1,0,1,1,1
pair-09-case-369,Google Pub/Sub,ack-session-bridge,cycle5,4,0,42,0,1,1,0,0,1,1
pair-09-case-370,Google Pub/Sub,ack-session-bridge,cycle5,4,0,0,0,1,0,0,0,1,1
pair-09-case-371,Google Pub/Sub,ack-session-bridge,cycle5,4,0,0,0,1,1,0,0,1,1
pair-09-case-372,Google Pub/Sub,ack-session-bridge,cycle5,4,0,0,0,1,1,0,0,1,1
pair-09-case-373,Google Pub/Sub,ack-session-bridge,cycle5,4,0,9,0,1,0,0,0,1,1
pair-09-case-374,Google Pub/Sub,ack-session-bridge,cycle5,4,0,0,0,1,0,0,0,1,1
pair-09-case-375,Google Pub/Sub,ack-session-bridge,cycle5,2,0,0,0,1,0,0,0,1,1
pair-09-case-376,Google Pub/Sub,ack-session-bridge,cycle5,3,0,0,0,1,0,0,0,1,1
pair-09-case-377,Google Pub/Sub,ack-session-bridge,cycle5,3,0,0,0,1,0,0,0,1,1
pair-09-case-378,Google Pub/Sub,ack-session-bridge,cycle5,4,0,14,0,1,0,0,0,1,1
pair-09-case-379,Google Pub/Sub,ack-session-bridge,cycle5,4,0,0,0,1,0,0,0,1,1
pair-09-case-380,Google Pub/Sub,ack-session-bridge,cycle5,4,0,0,0,1,1,0,0,1,1
pair-09-case-381,Google Pub/Sub,ack-session-bridge,cycle5,4,0,0,0,1,0,0,0,1,1
pair-09-case-382,Google Pub/Sub,ack-session-bridge,cycle5,4,0,0,0,1,0,0,0,1,1
pair-09-case-383,Google Pub/Sub,ack-session-bridge,cycle5,4,0,9,0,1,0,0,0,1,1
pair-09-case-384,Google Pub/Sub,ack-session-bridge,cycle5,4,0,0,0,1,0,0,0,1,1
pair-09-case-385,Google Pub/Sub,ack-session-bridge,cycle5,4,0,21,0,1,0,0,0,1,1
pair-09-case-386,Google Pub/Sub,ack-session-bridge,cycle5,3,0,0,0,1,1,0,0,1,1
pair-09-case-387,Google Pub/Sub,ack-session-bridge,cycle5,4,0,0,0,1,1,0,0,1,1
pair-09-case-388,Google Pub/Sub,ack-session-bridge,cycle5,3,0,0,0,1,0,0,0,1,1
pair-09-case-389,Google Pub/Sub,ack-session-bridge,cycle5,4,0,0,0,1,0,0,0,1,1
pair-09-case-390,Google Pub/Sub,ack-session-bridge,cycle5,3,0,21,0,1,1,0,0,1,1
pair-09-case-391,Google Pub/Sub,ack-session-bridge,cycle5,4,0,0,0,1,0,0,0,1,1
pair-09-case-392,Google Pub/Sub,ack-session-bridge,cycle5,4,0,0,0,1,0,0,0,1,1
pair-09-case-393,Google Pub/Sub,ack-session-bridge,cycle5,3,0,0,0,1,1,0,0,1,1
pair-09-case-394,Google Pub/Sub,ack-session-bridge,cycle5,4,0,27,0,1,1,0,0,1,1
pair-09-case-395,Google Pub/Sub,ack-session-bridge,cycle5,4,0,0,0,1,1,0,0,1,1
pair-09-case-396,Google Pub/Sub,ack-session-bridge,cycle5,3,0,0,0,1,0,0,0,1,1
pair-09-case-397,Google Pub/Sub,ack-session-bridge,cycle5,4,0,0,0,1,0,0,0,1,1
pair-09-case-398,Google Pub/Sub,ack-session-bridge,cycle5,4,0,0,0,1,0,0,0,1,1
pair-09-case-399,Google Pub/Sub,ack-session-bridge,cycle5,4,0,0,0,1,0,0,0,1,1
pair-09-case-400,Google Pub/Sub,ack-session-bridge,cycle5,4,0,0,0,1,0,0,0,1,1
pair-09-case-401,Google Pub/Sub,ack-session-bridge,cycle5,4,0,0,0,1,1,0,0,1,1
pair-09-case-402,Google Pub/Sub,ack-session-bridge,cycle5,4,0,0,0,1,0,0,0,1,1
pair-09-case-403,Google Pub/Sub,ack-session-bridge,cycle5,4,0,21,0,1,0,0,0,1,1
pair-09-case-404,Google Pub/Sub,ack-session-bridge,cycle5,4,0,0,0,1,0,0,0,1,1
pair-09-case-405,Google Pub/Sub,ack-session-bridge,cycle5,4,0,0,0,1,0,0,0,1,1
pair-09-case-406,Google Pub/Sub,ack-session-bridge,cycle5,4,0,0,0,1,0,0,0,1,1
pair-09-case-407,Google Pub/Sub,ack-session-bridge,cycle5,4,0,0,0,1,0,0,0,1,1
pair-09-case-408,Google Pub/Sub,ack-session-bridge,cycle5,4,0,0,0,1,1,0,0,1,1
pair-09-case-409,Google Pub/Sub,ack-session-bridge,cycle5,4,0,0,0,1,0,0,0,1,1
pair-09-case-410,Google Pub/Sub,ack-session-bridge,cycle5,4,0,0,0,1,0,0,0,1,1
pair-09-case-411,Google Pub/Sub,ack-session-bridge,cycle5,4,0,0,0,1,1,0,0,1,1
pair-09-case-412,Google Pub/Sub,ack-session-bridge,cycle5,4,0,27,0,1,0,0,1,1,1
pair-09-case-413,Google Pub/Sub,ack-session-bridge,cycle5,3,0,0,0,1,0,0,0,1,1
pair-09-case-414,Google Pub/Sub,ack-session-bridge,cycle5,4,0,0,0,1,0,0,0,1,1
pair-09-case-415,Google Pub/Sub,ack-session-bridge,cycle5,4,0,0,0,1,0,0,0,1,1
pair-09-case-416,Google Pub/Sub,ack-session-bridge,cycle5,4,0,0,0,1,0,0,0,1,1
pair-09-case-417,Google Pub/Sub,ack-session-bridge,cycle5,4,0,0,0,1,1,0,0,1,1
pair-09-case-418,Google Pub/Sub,ack-session-bridge,cycle5,4,0,9,0,1,0,0,1,1,1
pair-09-case-419,Google Pub/Sub,ack-session-bridge,cycle5,4,0,0,0,1,1,0,0,1,1
pair-09-case-420,Google Pub/Sub,ack-session-bridge,cycle5,4,0,0,0,1,0,0,0,1,1
pair-09-case-421,Google Pub/Sub,ack-session-bridge,cycle5,4,0,0,0,1,0,0,0,1,1
pair-09-case-422,Google Pub/Sub,ack-session-bridge,cycle5,4,0,0,0,1,1,0,0,1,1
pair-09-case-423,Google Pub/Sub,ack-session-bridge,cycle5,4,0,0,0,1,0,0,0,1,1
pair-09-case-424,Google Pub/Sub,ack-session-bridge,cycle5,4,0,0,0,1,0,0,0,1,1
pair-09-case-425,Google Pub/Sub,ack-session-bridge,cycle5,3,0,0,0,1,1,0,0,1,1
pair-09-case-426,Google Pub/Sub,ack-session-bridge,cycle5,3,0,0,0,1,1,0,0,1,1
pair-09-case-427,Google Pub/Sub,ack-session-bridge,cycle5,4,0,0,0,1,0,0,0,1,1
pair-09-case-428,Google Pub/Sub,ack-session-bridge,cycle5,4,0,0,0,1,0,0,0,1,1
pair-09-case-429,Google Pub/Sub,ack-session-bridge,cycle5,4,0,63,0,1,0,0,0,1,1
pair-09-case-430,Google Pub/Sub,ack-session-bridge,cycle5,3,0,0,0,1,0,0,0,1,1
pair-09-case-431,Google Pub/Sub,ack-session-bridge,cycle5,4,0,0,0,1,0,0,0,1,1
pair-09-case-432,Google Pub/Sub,ack-session-bridge,cycle5,4,0,0,0,1,1,0,0,1,1
pair-09-case-433,Google Pub/Sub,ack-session-bridge,cycle5,4,0,0,0,1,0,0,0,1,1
pair-09-case-434,Google Pub/Sub,ack-session-bridge,cycle5,4,0,0,0,1,0,0,0,1,1
pair-09-case-435,Google Pub/Sub,ack-session-bridge,cycle5,4,0,0,0,1,0,0,0,1,1
pair-09-case-436,Google Pub/Sub,ack-session-bridge,cycle5,4,0,0,0,1,0,0,0,1,1
pair-09-case-437,Google Pub/Sub,ack-session-bridge,cycle5,4,0,0,0,1,0,0,0,1,1
pair-09-case-438,Google Pub/Sub,ack-session-bridge,cycle5,4,0,0,0,1,0,0,0,1,1
pair-09-case-439,Google Pub/Sub,ack-session-bridge,cycle5,4,0,7,0,1,0,0,0,1,1
pair-09-case-440,Google Pub/Sub,ack-session-bridge,cycle5,4,0,0,0,1,1,0,0,1,1
pair-09-case-441,Google Pub/Sub,ack-session-bridge,cycle5,3,0,0,0,1,0,0,0,1,1
pair-09-case-442,Google Pub/Sub,ack-session-bridge,cycle5,4,0,0,0,1,0,0,0,1,1
pair-09-case-443,Google Pub/Sub,ack-session-bridge,cycle5,4,0,0,0,1,0,0,0,1,1
pair-09-case-444,Google Pub/Sub,ack-session-bridge,cycle5,4,0,0,0,1,1,0,0,1,1
pair-09-case-445,Google Pub/Sub,ack-session-bridge,cycle5,4,0,27,0,1,1,0,0,1,1
pair-09-case-446,Google Pub/Sub,ack-session-bridge,cycle5,4,0,0,0,1,0,0,0,1,1
pair-09-case-447,Google Pub/Sub,ack-session-bridge,cycle5,3,0,0,0,1,1,1,0,1,1
pair-09-case-448,Google Pub/Sub,ack-session-bridge,cycle5,4,0,0,0,1,1,0,0,1,1
pair-09-case-449,Google Pub/Sub,ack-session-bridge,cycle5,4,0,0,0,1,0,0,0,1,1
pair-09-case-450,Google Pub/Sub,ack-session-bridge,cycle5,4,0,0,0,1,0,0,0,1,1
pair-09-case-451,Google Pub/Sub,ack-session-bridge,cycle5,4,0,0,0,1,0,0,0,1,1
pair-09-case-452,Google Pub/Sub,ack-session-bridge,cycle5,4,0,0,0,1,0,0,0,1,1
pair-09-case-453,Google Pub/Sub,ack-session-bridge,cycle5,4,0,0,0,1,1,0,0,1,1
pair-09-case-454,Google Pub/Sub,ack-session-bridge,cycle5,4,0,0,0,1,0,0,0,1,1
pair-09-case-455,Google Pub/Sub,ack-session-bridge,cycle5,4,0,0,0,1,0,0,0,1,1
pair-09-case-456,Google Pub/Sub,ack-session-bridge,cycle5,4,0,0,0,1,1,0,0,1,1
pair-09-case-457,Google Pub/Sub,ack-session-bridge,cycle5,4,0,0,0,1,0,0,0,1,1
pair-09-case-458,Google Pub/Sub,ack-session-bridge,cycle5,4,0,0,0,1,0,0,0,1,1
pair-09-case-459,Google Pub/Sub,ack-session-bridge,cycle5,4,0,0,0,1,0,0,0,1,1
pair-09-case-460,Google Pub/Sub,ack-session-bridge,cycle5,4,0,0,0,1,0,0,0,1,1
pair-09-case-461,Google Pub/Sub,ack-session-bridge,cycle5,4,0,0,0,1,1,0,0,1,1
pair-09-case-462,Google Pub/Sub,ack-session-bridge,cycle5,3,0,0,0,1,1,0,0,1,1
pair-09-case-463,Google Pub/Sub,ack-session-bridge,cycle5,4,0,0,0,1,0,0,0,1,1
pair-09-case-464,Google Pub/Sub,ack-session-bridge,cycle5,4,0,0,0,1,1,0,0,1,1
pair-09-case-465,Google Pub/Sub,ack-session-bridge,cycle5,4,0,0,0,1,1,0,0,1,1
pair-09-case-466,Google Pub/Sub,ack-session-bridge,cycle5,4,0,0,0,1,0,0,0,1,1
pair-09-case-467,Google Pub/Sub,ack-session-bridge,cycle5,4,0,0,0,1,0,0,0,1,1
pair-09-case-468,Google Pub/Sub,ack-session-bridge,cycle5,4,0,0,0,1,0,0,0,1,1
pair-09-case-469,Google Pub/Sub,ack-session-bridge,cycle5,4,1,72,10,0,1,0,1,1,1
pair-09-case-470,Google Pub/Sub,ack-session-bridge,cycle5,4,0,0,0,1,0,0,0,1,1
pair-09-case-471,Google Pub/Sub,ack-session-bridge,cycle5,4,0,21,0,1,0,0,0,1,1
pair-09-case-472,Google Pub/Sub,ack-session-bridge,cycle5,4,0,0,0,1,0,0,0,1,1
pair-09-case-473,Google Pub/Sub,ack-session-bridge,cycle5,4,0,0,0,1,0,0,0,1,1
pair-09-case-474,Google Pub/Sub,ack-session-bridge,cycle5,4,0,0,0,1,0,0,0,1,1
pair-09-case-475,Google Pub/Sub,ack-session-bridge,cycle5,4,0,0,0,1,0,0,0,1,1
pair-09-case-476,Google Pub/Sub,ack-session-bridge,cycle5,4,0,0,0,1,0,0,0,1,1
pair-09-case-477,Google Pub/Sub,ack-session-bridge,cycle5,4,0,18,0,1,0,0,0,1,1
pair-09-case-478,Google Pub/Sub,ack-session-bridge,cycle5,4,0,0,0,1,1,0,0,1,1
pair-09-case-479,Google Pub/Sub,ack-session-bridge,cycle5,4,0,0,0,1,0,0,0,1,1
pair-09-case-480,Google Pub/Sub,ack-session-bridge,cycle5,4,0,0,0,1,0,0,0,1,1
pair-09-case-481,Google Pub/Sub,ack-session-bridge,cycle5,4,0,0,0,1,1,0,0,1,1
pair-09-case-482,Google Pub/Sub,ack-session-bridge,cycle5,4,0,0,0,1,0,0,0,1,1
pair-09-case-483,Google Pub/Sub,ack-session-bridge,cycle5,3,0,0,0,1,0,0,0,1,1
pair-09-case-484,Google Pub/Sub,ack-session-bridge,cycle5,4,0,0,0,1,0,0,0,1,1
pair-09-case-485,Google Pub/Sub,ack-session-bridge,cycle5,4,0,0,0,1,1,0,0,1,1
pair-09-case-486,Google Pub/Sub,ack-session-bridge,cycle5,4,0,0,0,1,0,0,0,1,1
pair-09-case-487,Google Pub/Sub,ack-session-bridge,cycle5,2,0,0,0,1,0,0,0,1,1
pair-09-case-488,Google Pub/Sub,ack-session-bridge,cycle5,4,0,0,0,1,0,0,0,1,1
pair-09-case-489,Google Pub/Sub,ack-session-bridge,cycle5,4,0,21,0,1,1,0,0,1,1
pair-09-case-490,Google Pub/Sub,ack-session-bridge,cycle5,4,0,0,0,1,1,0,0,1,1
pair-09-case-491,Google Pub/Sub,ack-session-bridge,cycle5,4,0,0,0,1,0,0,0,1,1
pair-09-case-492,Google Pub/Sub,ack-session-bridge,cycle5,3,0,0,0,1,0,0,0,1,1
pair-09-case-493,Google Pub/Sub,ack-session-bridge,cycle5,4,0,0,0,1,0,0,0,1,1
pair-09-case-494,Google Pub/Sub,ack-session-bridge,cycle5,3,0,0,0,1,1,0,0,1,1
pair-09-case-495,Google Pub/Sub,ack-session-bridge,cycle5,4,0,0,0,1,0,0,0,1,1
pair-09-case-496,Google Pub/Sub,ack-session-bridge,cycle5,4,0,21,0,1,0,0,0,1,1
pair-09-case-497,Google Pub/Sub,ack-session-bridge,cycle5,4,0,0,0,1,0,0,0,1,1
pair-09-case-498,Google Pub/Sub,ack-session-bridge,cycle5,4,0,0,0,1,1,0,0,1,1
pair-09-case-499,Google Pub/Sub,ack-session-bridge,cycle5,4,0,0,0,1,1,0,0,1,1
pair-10-case-000,Google Pub/Sub,message-attributes-additive,fanout4,0,1,81,8,0,1,1,1,1,1
pair-10-case-001,Google Pub/Sub,message-attributes-additive,fanout4,1,0,0,0,1,0,0,0,1,1
pair-10-case-002,Google Pub/Sub,message-attributes-additive,fanout4,1,0,27,0,1,0,0,1,1,1
pair-10-case-003,Google Pub/Sub,message-attributes-additive,fanout4,1,0,0,0,1,1,1,0,1,1
pair-10-case-004,Google Pub/Sub,message-attributes-additive,fanout4,1,0,0,0,1,1,1,0,1,1
pair-10-case-005,Google Pub/Sub,message-attributes-additive,fanout4,1,0,27,0,1,1,0,1,1,1
pair-10-case-006,Google Pub/Sub,message-attributes-additive,fanout4,1,0,0,0,1,0,0,0,1,1
pair-10-case-007,Google Pub/Sub,message-attributes-additive,fanout4,1,0,27,0,1,0,0,1,1,1
pair-10-case-008,Google Pub/Sub,message-attributes-additive,fanout4,1,0,27,0,1,1,1,0,1,1
pair-10-case-009,Google Pub/Sub,message-attributes-additive,fanout4,1,0,0,0,1,1,1,0,1,1
pair-10-case-010,Google Pub/Sub,message-attributes-additive,fanout4,1,0,0,0,1,1,1,0,1,1
pair-10-case-011,Google Pub/Sub,message-attributes-additive,fanout4,1,0,27,0,1,1,0,1,1,1
pair-10-case-012,Google Pub/Sub,message-attributes-additive,fanout4,1,0,0,0,1,0,0,0,1,1
pair-10-case-013,Google Pub/Sub,message-attributes-additive,fanout4,1,0,27,0,1,0,0,1,1,1
pair-10-case-014,Google Pub/Sub,message-attributes-additive,fanout4,1,0,27,0,1,1,1,0,1,1
pair-10-case-015,Google Pub/Sub,message-attributes-additive,fanout4,1,0,0,0,1,1,1,0,1,1
pair-10-case-016,Google Pub/Sub,message-attributes-additive,fanout4,1,0,0,0,1,1,1,0,1,1
pair-10-case-017,Google Pub/Sub,message-attributes-additive,fanout4,1,0,27,0,1,1,0,1,1,1
pair-10-case-018,Google Pub/Sub,message-attributes-additive,fanout4,1,0,0,0,1,0,0,0,1,1
pair-10-case-019,Google Pub/Sub,message-attributes-additive,fanout4,1,0,27,0,1,0,0,1,1,1
pair-10-case-020,Google Pub/Sub,message-attributes-additive,fanout4,1,0,27,0,1,1,1,0,1,1
pair-10-case-021,Google Pub/Sub,message-attributes-additive,fanout4,1,0,0,0,1,1,1,0,1,1
pair-10-case-022,Google Pub/Sub,message-attributes-additive,fanout4,1,0,0,0,1,1,1,0,1,1
pair-10-case-023,Google Pub/Sub,message-attributes-additive,fanout4,1,0,27,0,1,1,0,1,1,1
pair-10-case-024,Google Pub/Sub,message-attributes-additive,fanout4,1,1,63,8,0,1,0,1,1,1
pair-10-case-025,Google Pub/Sub,message-attributes-additive,fanout4,1,1,63,8,0,1,0,1,1,1
pair-10-case-026,Google Pub/Sub,message-attributes-additive,fanout4,1,1,63,8,0,1,0,1,1,1
pair-10-case-027,Google Pub/Sub,message-attributes-additive,fanout4,1,1,63,8,0,1,0,1,1,1
pair-10-case-028,Google Pub/Sub,message-attributes-additive,fanout4,1,1,63,8,0,1,0,1,1,1
pair-10-case-029,Google Pub/Sub,message-attributes-additive,fanout4,1,1,63,8,0,1,0,1,1,1
pair-10-case-030,Google Pub/Sub,message-attributes-additive,fanout4,1,1,63,8,0,1,0,1,1,1
pair-10-case-031,Google Pub/Sub,message-attributes-additive,fanout4,1,1,63,8,0,1,0,1,1,1
pair-10-case-032,Google Pub/Sub,message-attributes-additive,fanout4,2,1,45,8,0,1,0,1,1,1
pair-10-case-033,Google Pub/Sub,message-attributes-additive,fanout4,4,1,27,8,0,1,0,1,1,1
pair-10-case-034,Google Pub/Sub,message-attributes-additive,fanout4,3,1,34,8,0,1,0,1,1,1
pair-10-case-035,Google Pub/Sub,message-attributes-additive,fanout4,3,1,37,8,0,1,0,1,1,1
pair-10-case-036,Google Pub/Sub,message-attributes-additive,fanout4,3,1,35,8,0,1,0,1,1,1
pair-10-case-037,Google Pub/Sub,message-attributes-additive,fanout4,3,1,45,8,0,1,0,1,1,1
pair-10-case-038,Google Pub/Sub,message-attributes-additive,fanout4,4,1,27,8,0,1,0,1,1,1
pair-10-case-039,Google Pub/Sub,message-attributes-additive,fanout4,4,1,31,8,0,1,0,1,1,1
pair-10-case-040,Google Pub/Sub,message-attributes-additive,fanout4,2,1,49,8,0,1,0,1,1,1
pair-10-case-041,Google Pub/Sub,message-attributes-additive,fanout4,3,1,33,8,0,1,0,1,1,1
pair-10-case-042,Google Pub/Sub,message-attributes-additive,fanout4,4,1,23,8,0,1,0,1,1,1
pair-10-case-043,Google Pub/Sub,message-attributes-additive,fanout4,3,1,34,8,0,1,0,1,1,1
pair-10-case-044,Google Pub/Sub,message-attributes-additive,fanout4,3,1,37,8,0,1,0,1,1,1
pair-10-case-045,Google Pub/Sub,message-attributes-additive,fanout4,3,1,39,8,0,1,0,1,1,1
pair-10-case-046,Google Pub/Sub,message-attributes-additive,fanout4,4,1,29,8,0,1,0,1,1,1
pair-10-case-047,Google Pub/Sub,message-attributes-additive,fanout4,4,1,35,8,0,1,0,1,1,1
pair-10-case-048,Google Pub/Sub,message-attributes-additive,fanout4,2,1,49,8,0,1,0,1,1,1
pair-10-case-049,Google Pub/Sub,message-attributes-additive,fanout4,3,1,31,8,0,1,0,1,1,1
pair-10-case-050,Google Pub/Sub,message-attributes-additive,fanout4,4,1,29,8,0,1,0,1,1,1
pair-10-case-051,Google Pub/Sub,message-attributes-additive,fanout4,4,1,25,8,0,1,0,1,1,1
pair-10-case-052,Google Pub/Sub,message-attributes-additive,fanout4,2,1,48,8,0,1,0,1,1,1
pair-10-case-053,Google Pub/Sub,message-attributes-additive,fanout4,4,1,29,8,0,1,0,1,1,1
pair-10-case-054,Google Pub/Sub,message-attributes-additive,fanout4,3,1,33,8,0,1,0,1,1,1
pair-10-case-055,Google Pub/Sub,message-attributes-additive,fanout4,2,1,51,8,0,1,0,1,1,1
pair-10-case-056,Google Pub/Sub,message-attributes-additive,fanout4,2,1,45,8,0,1,0,1,1,1
pair-10-case-057,Google Pub/Sub,message-attributes-additive,fanout4,3,1,37,8,0,1,0,1,1,1
pair-10-case-058,Google Pub/Sub,message-attributes-additive,fanout4,4,1,37,8,0,1,0,1,1,1
pair-10-case-059,Google Pub/Sub,message-attributes-additive,fanout4,3,1,45,8,0,1,0,1,1,1
pair-10-case-060,Google Pub/Sub,message-attributes-additive,fanout4,4,1,26,8,0,1,0,1,1,1
pair-10-case-061,Google Pub/Sub,message-attributes-additive,fanout4,3,1,41,8,0,1,0,1,1,1
pair-10-case-062,Google Pub/Sub,message-attributes-additive,fanout4,3,1,36,8,0,1,0,1,1,1
pair-10-case-063,Google Pub/Sub,message-attributes-additive,fanout4,4,1,30,8,0,1,0,1,1,1
pair-10-case-064,Google Pub/Sub,message-attributes-additive,fanout4,4,1,25,8,0,1,0,1,1,1
pair-10-case-065,Google Pub/Sub,message-attributes-additive,fanout4,3,1,35,8,0,1,0,1,1,1
pair-10-case-066,Google Pub/Sub,message-attributes-additive,fanout4,4,1,27,8,0,1,0,1,1,1
pair-10-case-067,Google Pub/Sub,message-attributes-additive,fanout4,2,1,45,8,0,1,0,1,1,1
pair-10-case-068,Google Pub/Sub,message-attributes-additive,fanout4,3,1,39,8,0,1,0,1,1,1
pair-10-case-069,Google Pub/Sub,message-attributes-additive,fanout4,3,1,37,8,0,1,0,1,1,1
pair-10-case-070,Google Pub/Sub,message-attributes-additive,fanout4,4,1,26,8,0,1,0,1,1,1
pair-10-case-071,Google Pub/Sub,message-attributes-additive,fanout4,4,1,31,8,0,1,0,1,1,1
pair-10-case-072,Google Pub/Sub,message-attributes-additive,fanout4,3,1,39,8,0,1,0,1,1,1
pair-10-case-073,Google Pub/Sub,message-attributes-additive,fanout4,4,1,26,8,0,1,0,1,1,1
pair-10-case-074,Google Pub/Sub,message-attributes-additive,fanout4,2,1,48,8,0,1,0,1,1,1
pair-10-case-075,Google Pub/Sub,message-attributes-additive,fanout4,3,1,31,8,0,1,0,1,1,1
pair-10-case-076,Google Pub/Sub,message-attributes-additive,fanout4,3,1,36,8,0,1,0,1,1,1
pair-10-case-077,Google Pub/Sub,message-attributes-additive,fanout4,4,1,21,8,0,1,0,1,1,1
pair-10-case-078,Google Pub/Sub,message-attributes-additive,fanout4,4,1,23,8,0,1,0,1,1,1
pair-10-case-079,Google Pub/Sub,message-attributes-additive,fanout4,4,1,31,8,0,1,0,1,1,1
pair-10-case-080,Google Pub/Sub,message-attributes-additive,fanout4,3,1,35,8,0,1,0,1,1,1
pair-10-case-081,Google Pub/Sub,message-attributes-additive,fanout4,4,1,29,8,0,1,0,1,1,1
pair-10-case-082,Google Pub/Sub,message-attributes-additive,fanout4,2,1,45,8,0,1,0,1,1,1
pair-10-case-083,Google Pub/Sub,message-attributes-additive,fanout4,4,1,31,8,0,1,0,1,1,1
pair-10-case-084,Google Pub/Sub,message-attributes-additive,fanout4,2,1,51,8,0,1,0,1,1,1
pair-10-case-085,Google Pub/Sub,message-attributes-additive,fanout4,4,1,27,8,0,1,0,1,1,1
pair-10-case-086,Google Pub/Sub,message-attributes-additive,fanout4,3,1,33,8,0,1,0,1,1,1
pair-10-case-087,Google Pub/Sub,message-attributes-additive,fanout4,3,1,35,8,0,1,0,1,1,1
pair-10-case-088,Google Pub/Sub,message-attributes-additive,fanout4,4,1,27,8,0,1,0,1,1,1
pair-10-case-089,Google Pub/Sub,message-attributes-additive,fanout4,3,1,33,8,0,1,0,1,1,1
pair-10-case-090,Google Pub/Sub,message-attributes-additive,fanout4,4,1,29,8,0,1,0,1,1,1
pair-10-case-091,Google Pub/Sub,message-attributes-additive,fanout4,4,1,23,8,0,1,0,1,1,1
pair-10-case-092,Google Pub/Sub,message-attributes-additive,fanout4,3,1,35,8,0,1,0,1,1,1
pair-10-case-093,Google Pub/Sub,message-attributes-additive,fanout4,3,1,41,8,0,1,0,1,1,1
pair-10-case-094,Google Pub/Sub,message-attributes-additive,fanout4,3,1,41,8,0,1,0,1,1,1
pair-10-case-095,Google Pub/Sub,message-attributes-additive,fanout4,3,1,43,8,0,1,0,1,1,1
pair-10-case-096,Google Pub/Sub,message-attributes-additive,fanout4,4,1,27,8,0,1,0,1,1,1
pair-10-case-097,Google Pub/Sub,message-attributes-additive,fanout4,2,1,45,8,0,1,0,1,1,1
pair-10-case-098,Google Pub/Sub,message-attributes-additive,fanout4,3,1,31,8,0,1,0,1,1,1
pair-10-case-099,Google Pub/Sub,message-attributes-additive,fanout4,4,1,33,8,0,1,0,1,1,1
pair-10-case-100,Google Pub/Sub,message-attributes-additive,fanout4,4,1,29,8,0,1,0,1,1,1
pair-10-case-101,Google Pub/Sub,message-attributes-additive,fanout4,4,1,31,8,0,1,0,1,1,1
pair-10-case-102,Google Pub/Sub,message-attributes-additive,fanout4,3,1,43,8,0,1,0,1,1,1
pair-10-case-103,Google Pub/Sub,message-attributes-additive,fanout4,4,1,27,8,0,1,0,1,1,1
pair-10-case-104,Google Pub/Sub,message-attributes-additive,fanout4,3,1,45,8,0,1,0,1,1,1
pair-10-case-105,Google Pub/Sub,message-attributes-additive,fanout4,3,1,31,8,0,1,0,1,1,1
pair-10-case-106,Google Pub/Sub,message-attributes-additive,fanout4,2,1,45,8,0,1,0,1,1,1
pair-10-case-107,Google Pub/Sub,message-attributes-additive,fanout4,4,1,27,8,0,1,0,1,1,1
pair-10-case-108,Google Pub/Sub,message-attributes-additive,fanout4,3,1,43,8,0,1,0,1,1,1
pair-10-case-109,Google Pub/Sub,message-attributes-additive,fanout4,3,1,35,8,0,1,0,1,1,1
pair-10-case-110,Google Pub/Sub,message-attributes-additive,fanout4,4,1,27,8,0,1,0,1,1,1
pair-10-case-111,Google Pub/Sub,message-attributes-additive,fanout4,3,1,39,8,0,1,0,1,1,1
pair-10-case-112,Google Pub/Sub,message-attributes-additive,fanout4,3,1,37,8,0,1,0,1,1,1
pair-10-case-113,Google Pub/Sub,message-attributes-additive,fanout4,2,1,45,8,0,1,0,1,1,1
pair-10-case-114,Google Pub/Sub,message-attributes-additive,fanout4,3,1,35,8,0,1,0,1,1,1
pair-10-case-115,Google Pub/Sub,message-attributes-additive,fanout4,4,1,31,8,0,1,0,1,1,1
pair-10-case-116,Google Pub/Sub,message-attributes-additive,fanout4,4,1,29,8,0,1,0,1,1,1
pair-10-case-117,Google Pub/Sub,message-attributes-additive,fanout4,3,1,34,8,0,1,0,1,1,1
pair-10-case-118,Google Pub/Sub,message-attributes-additive,fanout4,3,1,37,8,0,1,0,1,1,1
pair-10-case-119,Google Pub/Sub,message-attributes-additive,fanout4,4,1,29,8,0,1,0,1,1,1
pair-10-case-120,Google Pub/Sub,message-attributes-additive,fanout4,2,1,49,8,0,1,0,1,1,1
pair-10-case-121,Google Pub/Sub,message-attributes-additive,fanout4,4,1,27,8,0,1,0,1,1,1
pair-10-case-122,Google Pub/Sub,message-attributes-additive,fanout4,4,1,37,8,0,1,0,1,1,1
pair-10-case-123,Google Pub/Sub,message-attributes-additive,fanout4,4,1,30,8,0,1,0,1,1,1
pair-10-case-124,Google Pub/Sub,message-attributes-additive,fanout4,3,1,37,8,0,1,0,1,1,1
pair-10-case-125,Google Pub/Sub,message-attributes-additive,fanout4,3,1,33,8,0,1,0,1,1,1
pair-10-case-126,Google Pub/Sub,message-attributes-additive,fanout4,2,1,51,8,0,1,0,1,1,1
pair-10-case-127,Google Pub/Sub,message-attributes-additive,fanout4,4,1,27,8,0,1,0,1,1,1
pair-10-case-128,Google Pub/Sub,message-attributes-additive,fanout4,4,0,0,0,1,0,0,0,1,1
pair-10-case-129,Google Pub/Sub,message-attributes-additive,fanout4,4,0,0,0,1,0,0,0,1,1
pair-10-case-130,Google Pub/Sub,message-attributes-additive,fanout4,4,0,0,0,1,0,0,0,1,1
pair-10-case-131,Google Pub/Sub,message-attributes-additive,fanout4,4,0,6,0,1,1,0,0,1,1
pair-10-case-132,Google Pub/Sub,message-attributes-additive,fanout4,3,0,0,0,1,0,0,0,1,1
pair-10-case-133,Google Pub/Sub,message-attributes-additive,fanout4,4,0,0,0,1,0,0,0,1,1
pair-10-case-134,Google Pub/Sub,message-attributes-additive,fanout4,4,0,0,0,1,0,0,0,1,1
pair-10-case-135,Google Pub/Sub,message-attributes-additive,fanout4,4,0,9,0,1,0,0,0,1,1
pair-10-case-136,Google Pub/Sub,message-attributes-additive,fanout4,4,0,0,0,1,1,0,0,1,1
pair-10-case-137,Google Pub/Sub,message-attributes-additive,fanout4,4,0,0,0,1,0,0,0,1,1
pair-10-case-138,Google Pub/Sub,message-attributes-additive,fanout4,4,0,0,0,1,0,0,0,1,1
pair-10-case-139,Google Pub/Sub,message-attributes-additive,fanout4,4,0,0,0,1,1,0,0,1,1
pair-10-case-140,Google Pub/Sub,message-attributes-additive,fanout4,4,0,0,0,1,0,0,0,1,1
pair-10-case-141,Google Pub/Sub,message-attributes-additive,fanout4,3,0,0,0,1,1,0,0,1,1
pair-10-case-142,Google Pub/Sub,message-attributes-additive,fanout4,4,0,0,0,1,1,0,0,1,1
pair-10-case-143,Google Pub/Sub,message-attributes-additive,fanout4,4,0,3,0,1,1,0,0,1,1
pair-10-case-144,Google Pub/Sub,message-attributes-additive,fanout4,4,0,0,0,1,1,0,0,1,1
pair-10-case-145,Google Pub/Sub,message-attributes-additive,fanout4,4,0,0,0,1,0,0,0,1,1
pair-10-case-146,Google Pub/Sub,message-attributes-additive,fanout4,4,0,12,0,1,1,0,0,1,1
pair-10-case-147,Google Pub/Sub,message-attributes-additive,fanout4,4,0,0,0,1,0,0,0,1,1
pair-10-case-148,Google Pub/Sub,message-attributes-additive,fanout4,4,0,0,0,1,0,0,0,1,1
pair-10-case-149,Google Pub/Sub,message-attributes-additive,fanout4,4,0,0,0,1,0,0,0,1,1
pair-10-case-150,Google Pub/Sub,message-attributes-additive,fanout4,4,0,0,0,1,0,0,0,1,1
pair-10-case-151,Google Pub/Sub,message-attributes-additive,fanout4,3,0,0,0,1,1,0,0,1,1
pair-10-case-152,Google Pub/Sub,message-attributes-additive,fanout4,4,1,31,8,0,1,0,1,1,1
pair-10-case-153,Google Pub/Sub,message-attributes-additive,fanout4,4,0,9,0,1,1,0,0,1,1
pair-10-case-154,Google Pub/Sub,message-attributes-additive,fanout4,4,0,0,0,1,0,0,0,1,1
pair-10-case-155,Google Pub/Sub,message-attributes-additive,fanout4,4,0,0,0,1,1,0,0,1,1
pair-10-case-156,Google Pub/Sub,message-attributes-additive,fanout4,4,0,0,0,1,1,0,0,1,1
pair-10-case-157,Google Pub/Sub,message-attributes-additive,fanout4,4,0,0,0,1,0,0,0,1,1
pair-10-case-158,Google Pub/Sub,message-attributes-additive,fanout4,4,0,0,0,1,0,0,0,1,1
pair-10-case-159,Google Pub/Sub,message-attributes-additive,fanout4,4,0,0,0,1,0,0,0,1,1
pair-10-case-160,Google Pub/Sub,message-attributes-additive,fanout4,4,0,0,0,1,1,0,0,1,1
pair-10-case-161,Google Pub/Sub,message-attributes-additive,fanout4,4,0,0,0,1,0,0,0,1,1
pair-10-case-162,Google Pub/Sub,message-attributes-additive,fanout4,3,0,0,0,1,0,0,0,1,1
pair-10-case-163,Google Pub/Sub,message-attributes-additive,fanout4,4,0,0,0,1,0,0,0,1,1
pair-10-case-164,Google Pub/Sub,message-attributes-additive,fanout4,4,0,0,0,1,0,0,0,1,1
pair-10-case-165,Google Pub/Sub,message-attributes-additive,fanout4,4,0,0,0,1,0,0,0,1,1
pair-10-case-166,Google Pub/Sub,message-attributes-additive,fanout4,4,0,0,0,1,1,0,0,1,1
pair-10-case-167,Google Pub/Sub,message-attributes-additive,fanout4,4,0,0,0,1,1,0,0,1,1
pair-10-case-168,Google Pub/Sub,message-attributes-additive,fanout4,4,0,0,0,1,0,0,0,1,1
pair-10-case-169,Google Pub/Sub,message-attributes-additive,fanout4,3,0,0,0,1,1,0,0,1,1
pair-10-case-170,Google Pub/Sub,message-attributes-additive,fanout4,4,0,0,0,1,0,0,0,1,1
pair-10-case-171,Google Pub/Sub,message-attributes-additive,fanout4,4,0,0,0,1,0,0,0,1,1
pair-10-case-172,Google Pub/Sub,message-attributes-additive,fanout4,2,0,0,0,1,0,0,0,1,1
pair-10-case-173,Google Pub/Sub,message-attributes-additive,fanout4,4,0,0,0,1,0,0,0,1,1
pair-10-case-174,Google Pub/Sub,message-attributes-additive,fanout4,4,0,0,0,1,0,0,0,1,1
pair-10-case-175,Google Pub/Sub,message-attributes-additive,fanout4,4,0,0,0,1,1,0,0,1,1
pair-10-case-176,Google Pub/Sub,message-attributes-additive,fanout4,3,0,0,0,1,0,0,0,1,1
pair-10-case-177,Google Pub/Sub,message-attributes-additive,fanout4,4,0,0,0,1,0,0,0,1,1
pair-10-case-178,Google Pub/Sub,message-attributes-additive,fanout4,4,0,0,0,1,0,0,0,1,1
pair-10-case-179,Google Pub/Sub,message-attributes-additive,fanout4,3,0,9,0,1,0,0,1,1,1
pair-10-case-180,Google Pub/Sub,message-attributes-additive,fanout4,3,0,0,0,1,0,0,0,1,1
pair-10-case-181,Google Pub/Sub,message-attributes-additive,fanout4,4,0,0,0,1,1,0,0,1,1
pair-10-case-182,Google Pub/Sub,message-attributes-additive,fanout4,4,0,0,0,1,0,0,0,1,1
pair-10-case-183,Google Pub/Sub,message-attributes-additive,fanout4,4,0,0,0,1,0,0,0,1,1
pair-10-case-184,Google Pub/Sub,message-attributes-additive,fanout4,4,0,0,0,1,0,0,0,1,1
pair-10-case-185,Google Pub/Sub,message-attributes-additive,fanout4,4,0,0,0,1,0,0,0,1,1
pair-10-case-186,Google Pub/Sub,message-attributes-additive,fanout4,4,0,0,0,1,1,0,0,1,1
pair-10-case-187,Google Pub/Sub,message-attributes-additive,fanout4,4,0,0,0,1,0,0,0,1,1
pair-10-case-188,Google Pub/Sub,message-attributes-additive,fanout4,4,0,0,0,1,0,0,0,1,1
pair-10-case-189,Google Pub/Sub,message-attributes-additive,fanout4,4,0,0,0,1,0,0,0,1,1
pair-10-case-190,Google Pub/Sub,message-attributes-additive,fanout4,4,0,0,0,1,0,0,0,1,1
pair-10-case-191,Google Pub/Sub,message-attributes-additive,fanout4,4,0,0,0,1,0,0,0,1,1
pair-10-case-192,Google Pub/Sub,message-attributes-additive,fanout4,4,0,0,0,1,1,0,0,1,1
pair-10-case-193,Google Pub/Sub,message-attributes-additive,fanout4,4,0,3,0,1,0,0,1,1,1
pair-10-case-194,Google Pub/Sub,message-attributes-additive,fanout4,4,0,7,0,1,0,0,0,1,1
pair-10-case-195,Google Pub/Sub,message-attributes-additive,fanout4,4,0,0,0,1,0,0,0,1,1
pair-10-case-196,Google Pub/Sub,message-attributes-additive,fanout4,4,0,0,0,1,0,0,0,1,1
pair-10-case-197,Google Pub/Sub,message-attributes-additive,fanout4,4,0,0,0,1,0,0,0,1,1
pair-10-case-198,Google Pub/Sub,message-attributes-additive,fanout4,3,0,0,0,1,1,0,0,1,1
pair-10-case-199,Google Pub/Sub,message-attributes-additive,fanout4,4,0,0,0,1,1,0,0,1,1
pair-10-case-200,Google Pub/Sub,message-attributes-additive,fanout4,4,0,0,0,1,0,0,0,1,1
pair-10-case-201,Google Pub/Sub,message-attributes-additive,fanout4,4,0,0,0,1,0,0,0,1,1
pair-10-case-202,Google Pub/Sub,message-attributes-additive,fanout4,4,0,0,0,1,0,0,0,1,1
pair-10-case-203,Google Pub/Sub,message-attributes-additive,fanout4,4,0,0,0,1,0,0,0,1,1
pair-10-case-204,Google Pub/Sub,message-attributes-additive,fanout4,4,0,9,0,1,0,0,0,1,1
pair-10-case-205,Google Pub/Sub,message-attributes-additive,fanout4,4,0,0,0,1,0,0,0,1,1
pair-10-case-206,Google Pub/Sub,message-attributes-additive,fanout4,4,0,0,0,1,1,0,0,1,1
pair-10-case-207,Google Pub/Sub,message-attributes-additive,fanout4,4,0,0,0,1,0,0,0,1,1
pair-10-case-208,Google Pub/Sub,message-attributes-additive,fanout4,4,0,0,0,1,1,0,0,1,1
pair-10-case-209,Google Pub/Sub,message-attributes-additive,fanout4,4,0,0,0,1,1,0,0,1,1
pair-10-case-210,Google Pub/Sub,message-attributes-additive,fanout4,2,0,0,0,1,1,0,0,1,1
pair-10-case-211,Google Pub/Sub,message-attributes-additive,fanout4,4,0,0,0,1,1,0,0,1,1
pair-10-case-212,Google Pub/Sub,message-attributes-additive,fanout4,4,0,6,0,1,1,0,1,1,1
pair-10-case-213,Google Pub/Sub,message-attributes-additive,fanout4,4,0,0,0,1,1,0,0,1,1
pair-10-case-214,Google Pub/Sub,message-attributes-additive,fanout4,4,0,0,0,1,0,0,0,1,1
pair-10-case-215,Google Pub/Sub,message-attributes-additive,fanout4,4,0,3,0,1,0,0,0,1,1
pair-10-case-216,Google Pub/Sub,message-attributes-additive,fanout4,3,0,0,0,1,1,0,0,1,1
pair-10-case-217,Google Pub/Sub,message-attributes-additive,fanout4,4,0,0,0,1,0,0,0,1,1
pair-10-case-218,Google Pub/Sub,message-attributes-additive,fanout4,4,0,1,0,1,0,0,1,1,1
pair-10-case-219,Google Pub/Sub,message-attributes-additive,fanout4,4,0,0,0,1,0,0,0,1,1
pair-10-case-220,Google Pub/Sub,message-attributes-additive,fanout4,2,0,0,0,1,1,0,0,1,1
pair-10-case-221,Google Pub/Sub,message-attributes-additive,fanout4,4,0,0,0,1,0,0,0,1,1
pair-10-case-222,Google Pub/Sub,message-attributes-additive,fanout4,4,0,0,0,1,1,0,0,1,1
pair-10-case-223,Google Pub/Sub,message-attributes-additive,fanout4,4,0,0,0,1,0,0,0,1,1
pair-10-case-224,Google Pub/Sub,message-attributes-additive,fanout4,3,0,0,0,1,0,0,0,1,1
pair-10-case-225,Google Pub/Sub,message-attributes-additive,fanout4,4,0,0,0,1,0,0,0,1,1
pair-10-case-226,Google Pub/Sub,message-attributes-additive,fanout4,4,0,0,0,1,1,0,0,1,1
pair-10-case-227,Google Pub/Sub,message-attributes-additive,fanout4,4,0,3,0,1,0,0,1,1,1
pair-10-case-228,Google Pub/Sub,message-attributes-additive,fanout4,4,0,0,0,1,0,0,0,1,1
pair-10-case-229,Google Pub/Sub,message-attributes-additive,fanout4,3,0,0,0,1,1,0,0,1,1
pair-10-case-230,Google Pub/Sub,message-attributes-additive,fanout4,4,0,0,0,1,0,0,0,1,1
pair-10-case-231,Google Pub/Sub,message-attributes-additive,fanout4,4,0,7,0,1,1,0,0,1,1
pair-10-case-232,Google Pub/Sub,message-attributes-additive,fanout4,4,0,0,0,1,0,0,0,1,1
pair-10-case-233,Google Pub/Sub,message-attributes-additive,fanout4,4,0,0,0,1,0,0,0,1,1
pair-10-case-234,Google Pub/Sub,message-attributes-additive,fanout4,3,0,0,0,1,1,0,0,1,1
pair-10-case-235,Google Pub/Sub,message-attributes-additive,fanout4,4,0,0,0,1,0,0,0,1,1
pair-10-case-236,Google Pub/Sub,message-attributes-additive,fanout4,4,0,0,0,1,0,0,0,1,1
pair-10-case-237,Google Pub/Sub,message-attributes-additive,fanout4,4,0,0,0,1,0,0,0,1,1
pair-10-case-238,Google Pub/Sub,message-attributes-additive,fanout4,4,0,0,0,1,0,0,0,1,1
pair-10-case-239,Google Pub/Sub,message-attributes-additive,fanout4,3,0,0,0,1,0,0,0,1,1
pair-10-case-240,Google Pub/Sub,message-attributes-additive,fanout4,4,0,0,0,1,1,0,0,1,1
pair-10-case-241,Google Pub/Sub,message-attributes-additive,fanout4,4,0,0,0,1,0,0,0,1,1
pair-10-case-242,Google Pub/Sub,message-attributes-additive,fanout4,4,0,9,0,1,0,0,1,1,1
pair-10-case-243,Google Pub/Sub,message-attributes-additive,fanout4,4,0,0,0,1,0,0,0,1,1
pair-10-case-244,Google Pub/Sub,message-attributes-additive,fanout4,4,0,0,0,1,0,0,0,1,1
pair-10-case-245,Google Pub/Sub,message-attributes-additive,fanout4,4,0,0,0,1,1,0,0,1,1
pair-10-case-246,Google Pub/Sub,message-attributes-additive,fanout4,4,0,0,0,1,1,0,0,1,1
pair-10-case-247,Google Pub/Sub,message-attributes-additive,fanout4,4,0,0,0,1,0,0,0,1,1
pair-10-case-248,Google Pub/Sub,message-attributes-additive,fanout4,4,0,7,0,1,0,0,1,1,1
pair-10-case-249,Google Pub/Sub,message-attributes-additive,fanout4,3,0,0,0,1,0,0,0,1,1
pair-10-case-250,Google Pub/Sub,message-attributes-additive,fanout4,4,0,0,0,1,0,0,0,1,1
pair-10-case-251,Google Pub/Sub,message-attributes-additive,fanout4,4,0,0,0,1,0,0,0,1,1
pair-10-case-252,Google Pub/Sub,message-attributes-additive,fanout4,3,0,0,0,1,0,0,0,1,1
pair-10-case-253,Google Pub/Sub,message-attributes-additive,fanout4,4,0,2,0,1,0,0,1,1,1
pair-10-case-254,Google Pub/Sub,message-attributes-additive,fanout4,4,0,0,0,1,1,0,0,1,1
pair-10-case-255,Google Pub/Sub,message-attributes-additive,fanout4,4,0,0,0,1,0,0,0,1,1
pair-10-case-256,Google Pub/Sub,message-attributes-additive,fanout4,3,0,0,0,1,1,0,0,1,1
pair-10-case-257,Google Pub/Sub,message-attributes-additive,fanout4,4,0,0,0,1,1,0,0,1,1
pair-10-case-258,Google Pub/Sub,message-attributes-additive,fanout4,4,0,0,0,1,1,0,0,1,1
pair-10-case-259,Google Pub/Sub,message-attributes-additive,fanout4,4,0,0,0,1,0,0,0,1,1
pair-10-case-260,Google Pub/Sub,message-attributes-additive,fanout4,4,0,0,0,1,0,0,0,1,1
pair-10-case-261,Google Pub/Sub,message-attributes-additive,fanout4,4,0,0,0,1,0,0,0,1,1
pair-10-case-262,Google Pub/Sub,message-attributes-additive,fanout4,4,0,0,0,1,0,0,0,1,1
pair-10-case-263,Google Pub/Sub,message-attributes-additive,fanout4,3,0,0,0,1,0,0,0,1,1
pair-10-case-264,Google Pub/Sub,message-attributes-additive,fanout4,3,0,0,0,1,1,0,0,1,1
pair-10-case-265,Google Pub/Sub,message-attributes-additive,fanout4,4,0,0,0,1,0,0,0,1,1
pair-10-case-266,Google Pub/Sub,message-attributes-additive,fanout4,4,0,0,0,1,0,0,0,1,1
pair-10-case-267,Google Pub/Sub,message-attributes-additive,fanout4,4,0,0,0,1,0,0,0,1,1
pair-10-case-268,Google Pub/Sub,message-attributes-additive,fanout4,4,0,0,0,1,0,0,0,1,1
pair-10-case-269,Google Pub/Sub,message-attributes-additive,fanout4,4,0,0,0,1,1,0,0,1,1
pair-10-case-270,Google Pub/Sub,message-attributes-additive,fanout4,4,0,0,0,1,0,0,0,1,1
pair-10-case-271,Google Pub/Sub,message-attributes-additive,fanout4,3,0,9,0,1,0,0,1,1,1
pair-10-case-272,Google Pub/Sub,message-attributes-additive,fanout4,4,0,0,0,1,1,0,0,1,1
pair-10-case-273,Google Pub/Sub,message-attributes-additive,fanout4,4,0,0,0,1,0,0,0,1,1
pair-10-case-274,Google Pub/Sub,message-attributes-additive,fanout4,4,0,0,0,1,0,0,0,1,1
pair-10-case-275,Google Pub/Sub,message-attributes-additive,fanout4,4,0,0,0,1,0,0,0,1,1
pair-10-case-276,Google Pub/Sub,message-attributes-additive,fanout4,4,0,0,0,1,1,0,0,1,1
pair-10-case-277,Google Pub/Sub,message-attributes-additive,fanout4,4,0,0,0,1,0,0,0,1,1
pair-10-case-278,Google Pub/Sub,message-attributes-additive,fanout4,3,0,0,0,1,1,1,0,1,1
pair-10-case-279,Google Pub/Sub,message-attributes-additive,fanout4,2,0,21,0,1,1,0,1,1,1
pair-10-case-280,Google Pub/Sub,message-attributes-additive,fanout4,4,0,0,0,1,0,0,0,1,1
pair-10-case-281,Google Pub/Sub,message-attributes-additive,fanout4,4,0,0,0,1,0,0,0,1,1
pair-10-case-282,Google Pub/Sub,message-attributes-additive,fanout4,4,0,0,0,1,0,0,0,1,1
pair-10-case-283,Google Pub/Sub,message-attributes-additive,fanout4,3,0,0,0,1,1,0,0,1,1
pair-10-case-284,Google Pub/Sub,message-attributes-additive,fanout4,4,0,1,0,1,1,0,0,1,1
pair-10-case-285,Google Pub/Sub,message-attributes-additive,fanout4,4,0,0,0,1,0,0,0,1,1
pair-10-case-286,Google Pub/Sub,message-attributes-additive,fanout4,4,0,0,0,1,0,0,0,1,1
pair-10-case-287,Google Pub/Sub,message-attributes-additive,fanout4,3,0,0,0,1,0,0,0,1,1
pair-10-case-288,Google Pub/Sub,message-attributes-additive,fanout4,3,0,0,0,1,0,0,0,1,1
pair-10-case-289,Google Pub/Sub,message-attributes-additive,fanout4,4,0,0,0,1,0,0,0,1,1
pair-10-case-290,Google Pub/Sub,message-attributes-additive,fanout4,3,0,0,0,1,0,0,0,1,1
pair-10-case-291,Google Pub/Sub,message-attributes-additive,fanout4,4,0,0,0,1,1,0,0,1,1
pair-10-case-292,Google Pub/Sub,message-attributes-additive,fanout4,4,0,0,0,1,0,0,0,1,1
pair-10-case-293,Google Pub/Sub,message-attributes-additive,fanout4,4,0,0,0,1,0,0,0,1,1
pair-10-case-294,Google Pub/Sub,message-attributes-additive,fanout4,4,0,0,0,1,1,0,0,1,1
pair-10-case-295,Google Pub/Sub,message-attributes-additive,fanout4,4,0,19,0,1,1,0,1,1,1
pair-10-case-296,Google Pub/Sub,message-attributes-additive,fanout4,4,0,0,0,1,0,0,0,1,1
pair-10-case-297,Google Pub/Sub,message-attributes-additive,fanout4,4,0,0,0,1,0,0,0,1,1
pair-10-case-298,Google Pub/Sub,message-attributes-additive,fanout4,4,0,0,0,1,0,0,0,1,1
pair-10-case-299,Google Pub/Sub,message-attributes-additive,fanout4,4,0,0,0,1,0,0,0,1,1
pair-10-case-300,Google Pub/Sub,message-attributes-additive,fanout4,4,0,0,0,1,0,0,0,1,1
pair-10-case-301,Google Pub/Sub,message-attributes-additive,fanout4,4,0,9,0,1,0,0,1,1,1
pair-10-case-302,Google Pub/Sub,message-attributes-additive,fanout4,4,0,0,0,1,0,0,0,1,1
pair-10-case-303,Google Pub/Sub,message-attributes-additive,fanout4,4,0,1,0,1,0,0,1,1,1
pair-10-case-304,Google Pub/Sub,message-attributes-additive,fanout4,4,0,0,0,1,0,0,0,1,1
pair-10-case-305,Google Pub/Sub,message-attributes-additive,fanout4,4,0,0,0,1,0,0,0,1,1
pair-10-case-306,Google Pub/Sub,message-attributes-additive,fanout4,4,0,0,0,1,0,0,0,1,1
pair-10-case-307,Google Pub/Sub,message-attributes-additive,fanout4,4,0,0,0,1,0,0,0,1,1
pair-10-case-308,Google Pub/Sub,message-attributes-additive,fanout4,4,0,3,0,1,0,0,1,1,1
pair-10-case-309,Google Pub/Sub,message-attributes-additive,fanout4,3,0,3,0,1,0,0,0,1,1
pair-10-case-310,Google Pub/Sub,message-attributes-additive,fanout4,4,0,0,0,1,0,0,0,1,1
pair-10-case-311,Google Pub/Sub,message-attributes-additive,fanout4,4,0,0,0,1,0,0,0,1,1
pair-10-case-312,Google Pub/Sub,message-attributes-additive,fanout4,4,0,0,0,1,0,0,0,1,1
pair-10-case-313,Google Pub/Sub,message-attributes-additive,fanout4,3,0,21,0,1,0,0,1,1,1
pair-10-case-314,Google Pub/Sub,message-attributes-additive,fanout4,4,0,3,0,1,1,0,0,1,1
pair-10-case-315,Google Pub/Sub,message-attributes-additive,fanout4,4,0,0,0,1,0,0,0,1,1
pair-10-case-316,Google Pub/Sub,message-attributes-additive,fanout4,4,0,0,0,1,0,0,0,1,1
pair-10-case-317,Google Pub/Sub,message-attributes-additive,fanout4,4,0,0,0,1,0,0,0,1,1
pair-10-case-318,Google Pub/Sub,message-attributes-additive,fanout4,4,0,0,0,1,0,0,0,1,1
pair-10-case-319,Google Pub/Sub,message-attributes-additive,fanout4,3,0,0,0,1,0,0,0,1,1
pair-10-case-320,Google Pub/Sub,message-attributes-additive,fanout4,4,0,0,0,1,0,0,0,1,1
pair-10-case-321,Google Pub/Sub,message-attributes-additive,fanout4,4,0,0,0,1,1,0,0,1,1
pair-10-case-322,Google Pub/Sub,message-attributes-additive,fanout4,4,0,0,0,1,1,0,0,1,1
pair-10-case-323,Google Pub/Sub,message-attributes-additive,fanout4,4,0,0,0,1,0,0,0,1,1
pair-10-case-324,Google Pub/Sub,message-attributes-additive,fanout4,4,0,0,0,1,0,0,0,1,1
pair-10-case-325,Google Pub/Sub,message-attributes-additive,fanout4,3,0,0,0,1,0,0,0,1,1
pair-10-case-326,Google Pub/Sub,message-attributes-additive,fanout4,3,0,0,0,1,0,0,0,1,1
pair-10-case-327,Google Pub/Sub,message-attributes-additive,fanout4,4,0,0,0,1,0,0,0,1,1
pair-10-case-328,Google Pub/Sub,message-attributes-additive,fanout4,4,0,0,0,1,0,0,0,1,1
pair-10-case-329,Google Pub/Sub,message-attributes-additive,fanout4,4,0,15,0,1,1,0,0,1,1
pair-10-case-330,Google Pub/Sub,message-attributes-additive,fanout4,3,0,9,0,1,0,0,1,1,1
pair-10-case-331,Google Pub/Sub,message-attributes-additive,fanout4,4,0,0,0,1,0,0,0,1,1
pair-10-case-332,Google Pub/Sub,message-attributes-additive,fanout4,4,0,0,0,1,1,0,0,1,1
pair-10-case-333,Google Pub/Sub,message-attributes-additive,fanout4,4,0,0,0,1,1,0,0,1,1
pair-10-case-334,Google Pub/Sub,message-attributes-additive,fanout4,4,0,0,0,1,0,0,0,1,1
pair-10-case-335,Google Pub/Sub,message-attributes-additive,fanout4,3,0,0,0,1,0,0,0,1,1
pair-10-case-336,Google Pub/Sub,message-attributes-additive,fanout4,4,0,0,0,1,0,0,0,1,1
pair-10-case-337,Google Pub/Sub,message-attributes-additive,fanout4,4,0,0,0,1,1,0,0,1,1
pair-10-case-338,Google Pub/Sub,message-attributes-additive,fanout4,4,0,0,0,1,0,0,0,1,1
pair-10-case-339,Google Pub/Sub,message-attributes-additive,fanout4,4,0,0,0,1,0,0,0,1,1
pair-10-case-340,Google Pub/Sub,message-attributes-additive,fanout4,4,0,0,0,1,0,0,0,1,1
pair-10-case-341,Google Pub/Sub,message-attributes-additive,fanout4,4,0,0,0,1,0,0,0,1,1
pair-10-case-342,Google Pub/Sub,message-attributes-additive,fanout4,4,0,0,0,1,0,0,0,1,1
pair-10-case-343,Google Pub/Sub,message-attributes-additive,fanout4,4,0,0,0,1,0,0,0,1,1
pair-10-case-344,Google Pub/Sub,message-attributes-additive,fanout4,4,0,0,0,1,0,0,0,1,1
pair-10-case-345,Google Pub/Sub,message-attributes-additive,fanout4,4,0,0,0,1,1,0,0,1,1
pair-10-case-346,Google Pub/Sub,message-attributes-additive,fanout4,4,0,0,0,1,0,0,0,1,1
pair-10-case-347,Google Pub/Sub,message-attributes-additive,fanout4,4,0,0,0,1,0,0,0,1,1
pair-10-case-348,Google Pub/Sub,message-attributes-additive,fanout4,4,0,0,0,1,0,0,0,1,1
pair-10-case-349,Google Pub/Sub,message-attributes-additive,fanout4,4,0,0,0,1,1,0,0,1,1
pair-10-case-350,Google Pub/Sub,message-attributes-additive,fanout4,4,0,0,0,1,1,1,0,1,1
pair-10-case-351,Google Pub/Sub,message-attributes-additive,fanout4,4,0,0,0,1,0,0,0,1,1
pair-10-case-352,Google Pub/Sub,message-attributes-additive,fanout4,4,0,0,0,1,0,0,0,1,1
pair-10-case-353,Google Pub/Sub,message-attributes-additive,fanout4,4,0,0,0,1,0,0,0,1,1
pair-10-case-354,Google Pub/Sub,message-attributes-additive,fanout4,4,0,0,0,1,1,0,0,1,1
pair-10-case-355,Google Pub/Sub,message-attributes-additive,fanout4,4,0,0,0,1,0,0,0,1,1
pair-10-case-356,Google Pub/Sub,message-attributes-additive,fanout4,3,0,0,0,1,1,1,0,1,1
pair-10-case-357,Google Pub/Sub,message-attributes-additive,fanout4,4,0,7,0,1,0,0,1,1,1
pair-10-case-358,Google Pub/Sub,message-attributes-additive,fanout4,4,0,0,0,1,0,0,0,1,1
pair-10-case-359,Google Pub/Sub,message-attributes-additive,fanout4,3,0,0,0,1,0,0,0,1,1
pair-10-case-360,Google Pub/Sub,message-attributes-additive,fanout4,4,0,0,0,1,0,0,0,1,1
pair-10-case-361,Google Pub/Sub,message-attributes-additive,fanout4,3,0,0,0,1,1,0,0,1,1
pair-10-case-362,Google Pub/Sub,message-attributes-additive,fanout4,4,0,0,0,1,0,0,0,1,1
pair-10-case-363,Google Pub/Sub,message-attributes-additive,fanout4,4,0,0,0,1,0,0,0,1,1
pair-10-case-364,Google Pub/Sub,message-attributes-additive,fanout4,4,0,0,0,1,1,0,0,1,1
pair-10-case-365,Google Pub/Sub,message-attributes-additive,fanout4,4,0,0,0,1,0,0,0,1,1
pair-10-case-366,Google Pub/Sub,message-attributes-additive,fanout4,3,0,0,0,1,0,0,0,1,1
pair-10-case-367,Google Pub/Sub,message-attributes-additive,fanout4,4,0,0,0,1,1,0,0,1,1
pair-10-case-368,Google Pub/Sub,message-attributes-additive,fanout4,3,0,7,0,1,1,0,1,1,1
pair-10-case-369,Google Pub/Sub,message-attributes-additive,fanout4,4,0,0,0,1,1,0,0,1,1
pair-10-case-370,Google Pub/Sub,message-attributes-additive,fanout4,4,0,0,0,1,0,0,0,1,1
pair-10-case-371,Google Pub/Sub,message-attributes-additive,fanout4,4,0,0,0,1,0,0,0,1,1
pair-10-case-372,Google Pub/Sub,message-attributes-additive,fanout4,4,0,0,0,1,1,0,0,1,1
pair-10-case-373,Google Pub/Sub,message-attributes-additive,fanout4,4,0,0,0,1,0,0,0,1,1
pair-10-case-374,Google Pub/Sub,message-attributes-additive,fanout4,3,0,0,0,1,0,0,0,1,1
pair-10-case-375,Google Pub/Sub,message-attributes-additive,fanout4,4,0,0,0,1,1,0,0,1,1
pair-10-case-376,Google Pub/Sub,message-attributes-additive,fanout4,4,0,0,0,1,0,0,0,1,1
pair-10-case-377,Google Pub/Sub,message-attributes-additive,fanout4,4,0,0,0,1,0,0,0,1,1
pair-10-case-378,Google Pub/Sub,message-attributes-additive,fanout4,4,0,0,0,1,0,0,0,1,1
pair-10-case-379,Google Pub/Sub,message-attributes-additive,fanout4,4,0,21,0,1,1,0,1,1,1
pair-10-case-380,Google Pub/Sub,message-attributes-additive,fanout4,4,0,0,0,1,0,0,0,1,1
pair-10-case-381,Google Pub/Sub,message-attributes-additive,fanout4,4,0,9,0,1,0,0,0,1,1
pair-10-case-382,Google Pub/Sub,message-attributes-additive,fanout4,4,0,0,0,1,0,0,0,1,1
pair-10-case-383,Google Pub/Sub,message-attributes-additive,fanout4,4,0,0,0,1,0,0,0,1,1
pair-10-case-384,Google Pub/Sub,message-attributes-additive,fanout4,4,0,0,0,1,0,0,0,1,1
pair-10-case-385,Google Pub/Sub,message-attributes-additive,fanout4,4,0,9,0,1,1,0,0,1,1
pair-10-case-386,Google Pub/Sub,message-attributes-additive,fanout4,4,0,0,0,1,0,0,0,1,1
pair-10-case-387,Google Pub/Sub,message-attributes-additive,fanout4,3,0,0,0,1,1,0,0,1,1
pair-10-case-388,Google Pub/Sub,message-attributes-additive,fanout4,4,0,15,0,1,1,0,1,1,1
pair-10-case-389,Google Pub/Sub,message-attributes-additive,fanout4,4,0,0,0,1,1,0,0,1,1
pair-10-case-390,Google Pub/Sub,message-attributes-additive,fanout4,4,0,0,0,1,0,0,0,1,1
pair-10-case-391,Google Pub/Sub,message-attributes-additive,fanout4,4,0,0,0,1,0,0,0,1,1
pair-10-case-392,Google Pub/Sub,message-attributes-additive,fanout4,4,0,0,0,1,0,0,0,1,1
pair-10-case-393,Google Pub/Sub,message-attributes-additive,fanout4,3,0,0,0,1,0,0,0,1,1
pair-10-case-394,Google Pub/Sub,message-attributes-additive,fanout4,4,0,0,0,1,0,0,0,1,1
pair-10-case-395,Google Pub/Sub,message-attributes-additive,fanout4,2,0,0,0,1,0,0,0,1,1
pair-10-case-396,Google Pub/Sub,message-attributes-additive,fanout4,4,0,0,0,1,0,0,0,1,1
pair-10-case-397,Google Pub/Sub,message-attributes-additive,fanout4,2,0,0,0,1,1,1,0,1,1
pair-10-case-398,Google Pub/Sub,message-attributes-additive,fanout4,4,0,0,0,1,0,0,0,1,1
pair-10-case-399,Google Pub/Sub,message-attributes-additive,fanout4,4,0,0,0,1,0,0,0,1,1
pair-10-case-400,Google Pub/Sub,message-attributes-additive,fanout4,3,0,0,0,1,1,0,0,1,1
pair-10-case-401,Google Pub/Sub,message-attributes-additive,fanout4,4,0,0,0,1,0,0,0,1,1
pair-10-case-402,Google Pub/Sub,message-attributes-additive,fanout4,4,0,0,0,1,0,0,0,1,1
pair-10-case-403,Google Pub/Sub,message-attributes-additive,fanout4,4,0,3,0,1,0,0,0,1,1
pair-10-case-404,Google Pub/Sub,message-attributes-additive,fanout4,4,0,0,0,1,0,0,0,1,1
pair-10-case-405,Google Pub/Sub,message-attributes-additive,fanout4,3,0,3,0,1,1,0,1,1,1
pair-10-case-406,Google Pub/Sub,message-attributes-additive,fanout4,4,0,3,0,1,1,0,0,1,1
pair-10-case-407,Google Pub/Sub,message-attributes-additive,fanout4,4,0,0,0,1,0,0,0,1,1
pair-10-case-408,Google Pub/Sub,message-attributes-additive,fanout4,4,0,19,0,1,0,0,1,1,1
pair-10-case-409,Google Pub/Sub,message-attributes-additive,fanout4,4,0,15,0,1,0,0,1,1,1
pair-10-case-410,Google Pub/Sub,message-attributes-additive,fanout4,4,0,0,0,1,0,0,0,1,1
pair-10-case-411,Google Pub/Sub,message-attributes-additive,fanout4,4,0,0,0,1,1,0,0,1,1
pair-10-case-412,Google Pub/Sub,message-attributes-additive,fanout4,4,0,0,0,1,0,0,0,1,1
pair-10-case-413,Google Pub/Sub,message-attributes-additive,fanout4,4,0,0,0,1,0,0,0,1,1
pair-10-case-414,Google Pub/Sub,message-attributes-additive,fanout4,4,0,0,0,1,0,0,0,1,1
pair-10-case-415,Google Pub/Sub,message-attributes-additive,fanout4,4,0,3,0,1,1,0,1,1,1
pair-10-case-416,Google Pub/Sub,message-attributes-additive,fanout4,4,0,0,0,1,0,0,0,1,1
pair-10-case-417,Google Pub/Sub,message-attributes-additive,fanout4,3,0,9,0,1,0,0,0,1,1
pair-10-case-418,Google Pub/Sub,message-attributes-additive,fanout4,4,0,2,0,1,0,0,0,1,1
pair-10-case-419,Google Pub/Sub,message-attributes-additive,fanout4,3,0,0,0,1,0,0,0,1,1
pair-10-case-420,Google Pub/Sub,message-attributes-additive,fanout4,4,0,0,0,1,0,0,0,1,1
pair-10-case-421,Google Pub/Sub,message-attributes-additive,fanout4,3,0,0,0,1,1,0,0,1,1
pair-10-case-422,Google Pub/Sub,message-attributes-additive,fanout4,3,0,0,0,1,1,1,0,1,1
pair-10-case-423,Google Pub/Sub,message-attributes-additive,fanout4,3,0,0,0,1,1,0,0,1,1
pair-10-case-424,Google Pub/Sub,message-attributes-additive,fanout4,4,0,0,0,1,1,0,0,1,1
pair-10-case-425,Google Pub/Sub,message-attributes-additive,fanout4,4,0,0,0,1,0,0,0,1,1
pair-10-case-426,Google Pub/Sub,message-attributes-additive,fanout4,4,0,0,0,1,0,0,0,1,1
pair-10-case-427,Google Pub/Sub,message-attributes-additive,fanout4,4,0,2,0,1,1,0,0,1,1
pair-10-case-428,Google Pub/Sub,message-attributes-additive,fanout4,4,0,0,0,1,1,0,0,1,1
pair-10-case-429,Google Pub/Sub,message-attributes-additive,fanout4,4,0,0,0,1,0,0,0,1,1
pair-10-case-430,Google Pub/Sub,message-attributes-additive,fanout4,3,0,0,0,1,1,0,0,1,1
pair-10-case-431,Google Pub/Sub,message-attributes-additive,fanout4,4,0,0,0,1,0,0,0,1,1
pair-10-case-432,Google Pub/Sub,message-attributes-additive,fanout4,3,0,27,0,1,1,0,0,1,1
pair-10-case-433,Google Pub/Sub,message-attributes-additive,fanout4,4,0,0,0,1,0,0,0,1,1
pair-10-case-434,Google Pub/Sub,message-attributes-additive,fanout4,4,0,0,0,1,1,0,0,1,1
pair-10-case-435,Google Pub/Sub,message-attributes-additive,fanout4,4,0,0,0,1,0,0,0,1,1
pair-10-case-436,Google Pub/Sub,message-attributes-additive,fanout4,4,0,0,0,1,0,0,0,1,1
pair-10-case-437,Google Pub/Sub,message-attributes-additive,fanout4,4,0,0,0,1,0,0,0,1,1
pair-10-case-438,Google Pub/Sub,message-attributes-additive,fanout4,4,0,0,0,1,0,0,0,1,1
pair-10-case-439,Google Pub/Sub,message-attributes-additive,fanout4,4,0,0,0,1,1,0,0,1,1
pair-10-case-440,Google Pub/Sub,message-attributes-additive,fanout4,4,0,0,0,1,0,0,0,1,1
pair-10-case-441,Google Pub/Sub,message-attributes-additive,fanout4,4,0,0,0,1,1,0,0,1,1
pair-10-case-442,Google Pub/Sub,message-attributes-additive,fanout4,4,0,0,0,1,0,0,0,1,1
pair-10-case-443,Google Pub/Sub,message-attributes-additive,fanout4,4,0,0,0,1,1,0,0,1,1
pair-10-case-444,Google Pub/Sub,message-attributes-additive,fanout4,4,0,0,0,1,0,0,0,1,1
pair-10-case-445,Google Pub/Sub,message-attributes-additive,fanout4,4,0,0,0,1,0,0,0,1,1
pair-10-case-446,Google Pub/Sub,message-attributes-additive,fanout4,4,0,21,0,1,1,0,0,1,1
pair-10-case-447,Google Pub/Sub,message-attributes-additive,fanout4,4,0,0,0,1,0,0,0,1,1
pair-10-case-448,Google Pub/Sub,message-attributes-additive,fanout4,3,0,0,0,1,0,0,0,1,1
pair-10-case-449,Google Pub/Sub,message-attributes-additive,fanout4,4,0,0,0,1,0,0,0,1,1
pair-10-case-450,Google Pub/Sub,message-attributes-additive,fanout4,4,0,0,0,1,0,0,0,1,1
pair-10-case-451,Google Pub/Sub,message-attributes-additive,fanout4,3,0,7,0,1,1,0,0,1,1
pair-10-case-452,Google Pub/Sub,message-attributes-additive,fanout4,4,0,9,0,1,0,0,1,1,1
pair-10-case-453,Google Pub/Sub,message-attributes-additive,fanout4,4,0,0,0,1,0,0,0,1,1
pair-10-case-454,Google Pub/Sub,message-attributes-additive,fanout4,4,0,0,0,1,0,0,0,1,1
pair-10-case-455,Google Pub/Sub,message-attributes-additive,fanout4,4,0,2,0,1,1,0,0,1,1
pair-10-case-456,Google Pub/Sub,message-attributes-additive,fanout4,4,0,0,0,1,0,0,0,1,1
pair-10-case-457,Google Pub/Sub,message-attributes-additive,fanout4,4,0,0,0,1,0,0,0,1,1
pair-10-case-458,Google Pub/Sub,message-attributes-additive,fanout4,3,0,21,0,1,0,0,1,1,1
pair-10-case-459,Google Pub/Sub,message-attributes-additive,fanout4,4,0,0,0,1,1,0,0,1,1
pair-10-case-460,Google Pub/Sub,message-attributes-additive,fanout4,3,0,9,0,1,1,0,0,1,1
pair-10-case-461,Google Pub/Sub,message-attributes-additive,fanout4,4,0,3,0,1,1,0,0,1,1
pair-10-case-462,Google Pub/Sub,message-attributes-additive,fanout4,4,0,0,0,1,0,0,0,1,1
pair-10-case-463,Google Pub/Sub,message-attributes-additive,fanout4,4,0,0,0,1,1,0,0,1,1
pair-10-case-464,Google Pub/Sub,message-attributes-additive,fanout4,4,0,0,0,1,0,0,0,1,1
pair-10-case-465,Google Pub/Sub,message-attributes-additive,fanout4,4,0,0,0,1,0,0,0,1,1
pair-10-case-466,Google Pub/Sub,message-attributes-additive,fanout4,3,0,0,0,1,1,0,0,1,1
pair-10-case-467,Google Pub/Sub,message-attributes-additive,fanout4,4,0,0,0,1,1,0,0,1,1
pair-10-case-468,Google Pub/Sub,message-attributes-additive,fanout4,4,0,9,0,1,0,0,0,1,1
pair-10-case-469,Google Pub/Sub,message-attributes-additive,fanout4,4,0,0,0,1,0,0,0,1,1
pair-10-case-470,Google Pub/Sub,message-attributes-additive,fanout4,4,0,3,0,1,1,0,0,1,1
pair-10-case-471,Google Pub/Sub,message-attributes-additive,fanout4,4,0,0,0,1,0,0,0,1,1
pair-10-case-472,Google Pub/Sub,message-attributes-additive,fanout4,4,0,0,0,1,0,0,0,1,1
pair-10-case-473,Google Pub/Sub,message-attributes-additive,fanout4,4,0,0,0,1,0,0,0,1,1
pair-10-case-474,Google Pub/Sub,message-attributes-additive,fanout4,3,0,9,0,1,1,0,0,1,1
pair-10-case-475,Google Pub/Sub,message-attributes-additive,fanout4,4,0,0,0,1,1,0,0,1,1
pair-10-case-476,Google Pub/Sub,message-attributes-additive,fanout4,4,0,0,0,1,1,0,0,1,1
pair-10-case-477,Google Pub/Sub,message-attributes-additive,fanout4,4,0,17,0,1,0,0,1,1,1
pair-10-case-478,Google Pub/Sub,message-attributes-additive,fanout4,4,0,0,0,1,0,0,0,1,1
pair-10-case-479,Google Pub/Sub,message-attributes-additive,fanout4,4,0,0,0,1,0,0,0,1,1
pair-10-case-480,Google Pub/Sub,message-attributes-additive,fanout4,4,0,0,0,1,0,0,0,1,1
pair-10-case-481,Google Pub/Sub,message-attributes-additive,fanout4,3,0,0,0,1,0,0,0,1,1
pair-10-case-482,Google Pub/Sub,message-attributes-additive,fanout4,4,0,0,0,1,0,0,0,1,1
pair-10-case-483,Google Pub/Sub,message-attributes-additive,fanout4,4,0,0,0,1,0,0,0,1,1
pair-10-case-484,Google Pub/Sub,message-attributes-additive,fanout4,4,0,0,0,1,0,0,0,1,1
pair-10-case-485,Google Pub/Sub,message-attributes-additive,fanout4,4,0,0,0,1,0,0,0,1,1
pair-10-case-486,Google Pub/Sub,message-attributes-additive,fanout4,4,0,0,0,1,0,0,0,1,1
pair-10-case-487,Google Pub/Sub,message-attributes-additive,fanout4,4,0,0,0,1,0,0,0,1,1
pair-10-case-488,Google Pub/Sub,message-attributes-additive,fanout4,4,0,0,0,1,1,0,0,1,1
pair-10-case-489,Google Pub/Sub,message-attributes-additive,fanout4,4,0,0,0,1,0,0,0,1,1
pair-10-case-490,Google Pub/Sub,message-attributes-additive,fanout4,4,0,7,0,1,0,0,0,1,1
pair-10-case-491,Google Pub/Sub,message-attributes-additive,fanout4,4,0,0,0,1,0,0,0,1,1
pair-10-case-492,Google Pub/Sub,message-attributes-additive,fanout4,4,0,0,0,1,1,0,0,1,1
pair-10-case-493,Google Pub/Sub,message-attributes-additive,fanout4,4,0,0,0,1,0,0,0,1,1
pair-10-case-494,Google Pub/Sub,message-attributes-additive,fanout4,3,0,0,0,1,0,0,0,1,1
pair-10-case-495,Google Pub/Sub,message-attributes-additive,fanout4,4,0,0,0,1,0,0,0,1,1
pair-10-case-496,Google Pub/Sub,message-attributes-additive,fanout4,4,0,0,0,1,0,0,0,1,1
pair-10-case-497,Google Pub/Sub,message-attributes-additive,fanout4,3,0,0,0,1,0,0,0,1,1
pair-10-case-498,Google Pub/Sub,message-attributes-additive,fanout4,4,0,0,0,1,0,0,0,1,1
pair-10-case-499,Google Pub/Sub,message-attributes-additive,fanout4,3,0,0,0,1,0,0,0,1,1
pair-11-case-000,Google Pub/Sub,publish-replay-break,diamond4,1,0,0,0,1,1,1,0,1,1
pair-11-case-001,Google Pub/Sub,publish-replay-break,diamond4,0,1,81,8,0,1,1,1,1,1
pair-11-case-002,Google Pub/Sub,publish-replay-break,diamond4,1,0,0,0,1,0,0,0,1,1
pair-11-case-003,Google Pub/Sub,publish-replay-break,diamond4,1,0,27,0,1,0,0,1,1,1
pair-11-case-004,Google Pub/Sub,publish-replay-break,diamond4,1,0,0,0,1,1,1,0,1,1
pair-11-case-005,Google Pub/Sub,publish-replay-break,diamond4,1,0,0,0,1,1,1,0,1,1
pair-11-case-006,Google Pub/Sub,publish-replay-break,diamond4,1,0,27,0,1,1,0,1,1,1
pair-11-case-007,Google Pub/Sub,publish-replay-break,diamond4,1,0,0,0,1,0,0,0,1,1
pair-11-case-008,Google Pub/Sub,publish-replay-break,diamond4,1,0,27,0,1,0,0,1,1,1
pair-11-case-009,Google Pub/Sub,publish-replay-break,diamond4,1,0,0,0,1,1,1,0,1,1
pair-11-case-010,Google Pub/Sub,publish-replay-break,diamond4,1,0,0,0,1,1,1,0,1,1
pair-11-case-011,Google Pub/Sub,publish-replay-break,diamond4,1,0,27,0,1,1,0,1,1,1
pair-11-case-012,Google Pub/Sub,publish-replay-break,diamond4,1,0,0,0,1,0,0,0,1,1
pair-11-case-013,Google Pub/Sub,publish-replay-break,diamond4,1,0,27,0,1,0,0,1,1,1
pair-11-case-014,Google Pub/Sub,publish-replay-break,diamond4,1,0,27,0,1,1,1,0,1,1
pair-11-case-015,Google Pub/Sub,publish-replay-break,diamond4,1,0,0,0,1,1,1,0,1,1
pair-11-case-016,Google Pub/Sub,publish-replay-break,diamond4,1,0,27,0,1,1,0,1,1,1
pair-11-case-017,Google Pub/Sub,publish-replay-break,diamond4,1,0,0,0,1,0,0,0,1,1
pair-11-case-018,Google Pub/Sub,publish-replay-break,diamond4,1,0,27,0,1,0,0,1,1,1
pair-11-case-019,Google Pub/Sub,publish-replay-break,diamond4,1,0,27,0,1,1,1,0,1,1
pair-11-case-020,Google Pub/Sub,publish-replay-break,diamond4,1,0,0,0,1,1,1,0,1,1
pair-11-case-021,Google Pub/Sub,publish-replay-break,diamond4,1,0,0,0,1,1,1,0,1,1
pair-11-case-022,Google Pub/Sub,publish-replay-break,diamond4,1,0,27,0,1,1,0,1,1,1
pair-11-case-023,Google Pub/Sub,publish-replay-break,diamond4,1,1,63,8,0,1,0,1,1,1
pair-11-case-024,Google Pub/Sub,publish-replay-break,diamond4,1,1,63,8,0,1,0,1,1,1
pair-11-case-025,Google Pub/Sub,publish-replay-break,diamond4,1,1,63,8,0,1,0,1,1,1
pair-11-case-026,Google Pub/Sub,publish-replay-break,diamond4,1,1,63,8,0,1,0,1,1,1
pair-11-case-027,Google Pub/Sub,publish-replay-break,diamond4,1,1,63,8,0,1,0,1,1,1
pair-11-case-028,Google Pub/Sub,publish-replay-break,diamond4,1,1,63,8,0,1,0,1,1,1
pair-11-case-029,Google Pub/Sub,publish-replay-break,diamond4,1,1,63,8,0,1,0,1,1,1
pair-11-case-030,Google Pub/Sub,publish-replay-break,diamond4,1,1,63,8,0,1,0,1,1,1
pair-11-case-031,Google Pub/Sub,publish-replay-break,diamond4,3,1,34,8,0,1,0,1,1,1
pair-11-case-032,Google Pub/Sub,publish-replay-break,diamond4,3,1,34,8,0,1,0,1,1,1
pair-11-case-033,Google Pub/Sub,publish-replay-break,diamond4,4,1,29,8,0,1,0,1,1,1
pair-11-case-034,Google Pub/Sub,publish-replay-break,diamond4,4,1,27,8,0,1,0,1,1,1
pair-11-case-035,Google Pub/Sub,publish-replay-break,diamond4,4,1,33,8,0,1,0,1,1,1
pair-11-case-036,Google Pub/Sub,publish-replay-break,diamond4,4,1,31,8,0,1,0,1,1,1
pair-11-case-037,Google Pub/Sub,publish-replay-break,diamond4,4,1,25,8,0,1,0,1,1,1
pair-11-case-038,Google Pub/Sub,publish-replay-break,diamond4,3,1,31,8,0,1,0,1,1,1
pair-11-case-039,Google Pub/Sub,publish-replay-break,diamond4,3,1,39,8,0,1,0,1,1,1
pair-11-case-040,Google Pub/Sub,publish-replay-break,diamond4,4,1,35,8,0,1,0,1,1,1
pair-11-case-041,Google Pub/Sub,publish-replay-break,diamond4,3,1,36,8,0,1,0,1,1,1
pair-11-case-042,Google Pub/Sub,publish-replay-break,diamond4,4,1,27,8,0,1,0,1,1,1
pair-11-case-043,Google Pub/Sub,publish-replay-break,diamond4,3,1,33,8,0,1,0,1,1,1
pair-11-case-044,Google Pub/Sub,publish-replay-break,diamond4,3,1,39,8,0,1,0,1,1,1
pair-11-case-045,Google Pub/Sub,publish-replay-break,diamond4,4,1,29,8,0,1,0,1,1,1
pair-11-case-046,Google Pub/Sub,publish-replay-break,diamond4,4,1,25,8,0,1,0,1,1,1
pair-11-case-047,Google Pub/Sub,publish-replay-break,diamond4,2,1,51,8,0,1,0,1,1,1
pair-11-case-048,Google Pub/Sub,publish-replay-break,diamond4,4,1,31,8,0,1,0,1,1,1
pair-11-case-049,Google Pub/Sub,publish-replay-break,diamond4,3,1,45,8,0,1,0,1,1,1
pair-11-case-050,Google Pub/Sub,publish-replay-break,diamond4,2,1,49,8,0,1,0,1,1,1
pair-11-case-051,Google Pub/Sub,publish-replay-break,diamond4,4,1,31,8,0,1,0,1,1,1
pair-11-case-052,Google Pub/Sub,publish-replay-break,diamond4,4,1,27,8,0,1,0,1,1,1
pair-11-case-053,Google Pub/Sub,publish-replay-break,diamond4,2,1,45,8,0,1,0,1,1,1
pair-11-case-054,Google Pub/Sub,publish-replay-break,diamond4,2,1,45,8,0,1,0,1,1,1
pair-11-case-055,Google Pub/Sub,publish-replay-break,diamond4,3,1,33,8,0,1,0,1,1,1
pair-11-case-056,Google Pub/Sub,publish-replay-break,diamond4,3,1,41,8,0,1,0,1,1,1
pair-11-case-057,Google Pub/Sub,publish-replay-break,diamond4,4,1,30,8,0,1,0,1,1,1
pair-11-case-058,Google Pub/Sub,publish-replay-break,diamond4,3,1,41,8,0,1,0,1,1,1
pair-11-case-059,Google Pub/Sub,publish-replay-break,diamond4,4,1,25,8,0,1,0,1,1,1
pair-11-case-060,Google Pub/Sub,publish-replay-break,diamond4,3,1,37,8,0,1,0,1,1,1
pair-11-case-061,Google Pub/Sub,publish-replay-break,diamond4,3,1,37,8,0,1,0,1,1,1
pair-11-case-062,Google Pub/Sub,publish-replay-break,diamond4,4,1,29,8,0,1,0,1,1,1
pair-11-case-063,Google Pub/Sub,publish-replay-break,diamond4,3,1,45,8,0,1,0,1,1,1
pair-11-case-064,Google Pub/Sub,publish-replay-break,diamond4,4,1,29,8,0,1,0,1,1,1
pair-11-case-065,Google Pub/Sub,publish-replay-break,diamond4,3,1,34,8,0,1,0,1,1,1
pair-11-case-066,Google Pub/Sub,publish-replay-break,diamond4,3,1,43,8,0,1,0,1,1,1
pair-11-case-067,Google Pub/Sub,publish-replay-break,diamond4,4,1,21,8,0,1,0,1,1,1
pair-11-case-068,Google Pub/Sub,publish-replay-break,diamond4,4,1,33,8,0,1,0,1,1,1
pair-11-case-069,Google Pub/Sub,publish-replay-break,diamond4,3,1,37,8,0,1,0,1,1,1
pair-11-case-070,Google Pub/Sub,publish-replay-break,diamond4,4,1,37,8,0,1,0,1,1,1
pair-11-case-071,Google Pub/Sub,publish-replay-break,diamond4,4,1,20,8,0,1,0,1,1,1
pair-11-case-072,Google Pub/Sub,publish-replay-break,diamond4,3,1,33,8,0,1,0,1,1,1
pair-11-case-073,Google Pub/Sub,publish-replay-break,diamond4,2,1,49,8,0,1,0,1,1,1
pair-11-case-074,Google Pub/Sub,publish-replay-break,diamond4,4,1,27,8,0,1,0,1,1,1
pair-11-case-075,Google Pub/Sub,publish-replay-break,diamond4,4,1,29,8,0,1,0,1,1,1
pair-11-case-076,Google Pub/Sub,publish-replay-break,diamond4,3,1,37,8,0,1,0,1,1,1
pair-11-case-077,Google Pub/Sub,publish-replay-break,diamond4,4,1,27,8,0,1,0,1,1,1
pair-11-case-078,Google Pub/Sub,publish-replay-break,diamond4,3,1,36,8,0,1,0,1,1,1
pair-11-case-079,Google Pub/Sub,publish-replay-break,diamond4,2,1,45,8,0,1,0,1,1,1
pair-11-case-080,Google Pub/Sub,publish-replay-break,diamond4,4,1,26,8,0,1,0,1,1,1
pair-11-case-081,Google Pub/Sub,publish-replay-break,diamond4,4,1,26,8,0,1,0,1,1,1
pair-11-case-082,Google Pub/Sub,publish-replay-break,diamond4,3,1,43,8,0,1,0,1,1,1
pair-11-case-083,Google Pub/Sub,publish-replay-break,diamond4,4,1,37,8,0,1,0,1,1,1
pair-11-case-084,Google Pub/Sub,publish-replay-break,diamond4,2,1,49,8,0,1,0,1,1,1
pair-11-case-085,Google Pub/Sub,publish-replay-break,diamond4,4,1,30,8,0,1,0,1,1,1
pair-11-case-086,Google Pub/Sub,publish-replay-break,diamond4,2,1,45,8,0,1,0,1,1,1
pair-11-case-087,Google Pub/Sub,publish-replay-break,diamond4,4,1,31,8,0,1,0,1,1,1
pair-11-case-088,Google Pub/Sub,publish-replay-break,diamond4,4,1,25,8,0,1,0,1,1,1
pair-11-case-089,Google Pub/Sub,publish-replay-break,diamond4,3,1,35,8,0,1,0,1,1,1
pair-11-case-090,Google Pub/Sub,publish-replay-break,diamond4,3,1,45,8,0,1,0,1,1,1
pair-11-case-091,Google Pub/Sub,publish-replay-break,diamond4,2,1,51,8,0,1,0,1,1,1
pair-11-case-092,Google Pub/Sub,publish-replay-break,diamond4,4,1,33,8,0,1,0,1,1,1
pair-11-case-093,Google Pub/Sub,publish-replay-break,diamond4,3,1,36,8,0,1,0,1,1,1
pair-11-case-094,Google Pub/Sub,publish-replay-break,diamond4,3,1,37,8,0,1,0,1,1,1
pair-11-case-095,Google Pub/Sub,publish-replay-break,diamond4,2,1,51,8,0,1,0,1,1,1
pair-11-case-096,Google Pub/Sub,publish-replay-break,diamond4,2,1,45,8,0,1,0,1,1,1
pair-11-case-097,Google Pub/Sub,publish-replay-break,diamond4,2,1,49,8,0,1,0,1,1,1
pair-11-case-098,Google Pub/Sub,publish-replay-break,diamond4,4,1,23,8,0,1,0,1,1,1
pair-11-case-099,Google Pub/Sub,publish-replay-break,diamond4,4,1,27,8,0,1,0,1,1,1
pair-11-case-100,Google Pub/Sub,publish-replay-break,diamond4,2,1,45,8,0,1,0,1,1,1
pair-11-case-101,Google Pub/Sub,publish-replay-break,diamond4,4,1,20,8,0,1,0,1,1,1
pair-11-case-102,Google Pub/Sub,publish-replay-break,diamond4,2,1,45,8,0,1,0,1,1,1
pair-11-case-103,Google Pub/Sub,publish-replay-break,diamond4,3,1,35,8,0,1,0,1,1,1
pair-11-case-104,Google Pub/Sub,publish-replay-break,diamond4,4,1,26,8,0,1,0,1,1,1
pair-11-case-105,Google Pub/Sub,publish-replay-break,diamond4,3,1,31,8,0,1,0,1,1,1
pair-11-case-106,Google Pub/Sub,publish-replay-break,diamond4,4,1,23,8,0,1,0,1,1,1
pair-11-case-107,Google Pub/Sub,publish-replay-break,diamond4,3,1,37,8,0,1,0,1,1,1
pair-11-case-108,Google Pub/Sub,publish-replay-break,diamond4,3,1,33,8,0,1,0,1,1,1
pair-11-case-109,Google Pub/Sub,publish-replay-break,diamond4,4,1,35,8,0,1,0,1,1,1
pair-11-case-110,Google Pub/Sub,publish-replay-break,diamond4,3,1,35,8,0,1,0,1,1,1
pair-11-case-111,Google Pub/Sub,publish-replay-break,diamond4,2,1,48,8,0,1,0,1,1,1
pair-11-case-112,Google Pub/Sub,publish-replay-break,diamond4,4,1,27,8,0,1,0,1,1,1
pair-11-case-113,Google Pub/Sub,publish-replay-break,diamond4,2,1,51,8,0,1,0,1,1,1
pair-11-case-114,Google Pub/Sub,publish-replay-break,diamond4,3,1,35,8,0,1,0,1,1,1
pair-11-case-115,Google Pub/Sub,publish-replay-break,diamond4,3,1,33,8,0,1,0,1,1,1
pair-11-case-116,Google Pub/Sub,publish-replay-break,diamond4,4,1,33,8,0,1,0,1,1,1
pair-11-case-117,Google Pub/Sub,publish-replay-break,diamond4,4,1,31,8,0,1,0,1,1,1
pair-11-case-118,Google Pub/Sub,publish-replay-break,diamond4,3,1,41,8,0,1,0,1,1,1
pair-11-case-119,Google Pub/Sub,publish-replay-break,diamond4,4,1,27,8,0,1,0,1,1,1
pair-11-case-120,Google Pub/Sub,publish-replay-break,diamond4,4,1,31,8,0,1,0,1,1,1
pair-11-case-121,Google Pub/Sub,publish-replay-break,diamond4,2,1,57,8,0,1,0,1,1,1
pair-11-case-122,Google Pub/Sub,publish-replay-break,diamond4,4,1,27,8,0,1,0,1,1,1
pair-11-case-123,Google Pub/Sub,publish-replay-break,diamond4,2,1,49,8,0,1,0,1,1,1
pair-11-case-124,Google Pub/Sub,publish-replay-break,diamond4,2,1,45,8,0,1,0,1,1,1
pair-11-case-125,Google Pub/Sub,publish-replay-break,diamond4,3,1,45,8,0,1,0,1,1,1
pair-11-case-126,Google Pub/Sub,publish-replay-break,diamond4,4,1,31,8,0,1,0,1,1,1
pair-11-case-127,Google Pub/Sub,publish-replay-break,diamond4,4,0,21,0,1,0,0,1,1,1
pair-11-case-128,Google Pub/Sub,publish-replay-break,diamond4,4,0,0,0,1,0,0,0,1,1
pair-11-case-129,Google Pub/Sub,publish-replay-break,diamond4,4,0,0,0,1,0,0,0,1,1
pair-11-case-130,Google Pub/Sub,publish-replay-break,diamond4,4,0,0,0,1,0,0,0,1,1
pair-11-case-131,Google Pub/Sub,publish-replay-break,diamond4,4,0,0,0,1,0,0,0,1,1
pair-11-case-132,Google Pub/Sub,publish-replay-break,diamond4,4,0,0,0,1,0,0,0,1,1
pair-11-case-133,Google Pub/Sub,publish-replay-break,diamond4,4,0,0,0,1,0,0,0,1,1
pair-11-case-134,Google Pub/Sub,publish-replay-break,diamond4,4,0,0,0,1,0,0,0,1,1
pair-11-case-135,Google Pub/Sub,publish-replay-break,diamond4,4,0,0,0,1,1,0,0,1,1
pair-11-case-136,Google Pub/Sub,publish-replay-break,diamond4,4,0,0,0,1,0,0,0,1,1
pair-11-case-137,Google Pub/Sub,publish-replay-break,diamond4,4,0,9,0,1,0,0,1,1,1
pair-11-case-138,Google Pub/Sub,publish-replay-break,diamond4,4,0,0,0,1,0,0,0,1,1
pair-11-case-139,Google Pub/Sub,publish-replay-break,diamond4,4,0,0,0,1,0,0,0,1,1
pair-11-case-140,Google Pub/Sub,publish-replay-break,diamond4,4,0,0,0,1,0,0,0,1,1
pair-11-case-141,Google Pub/Sub,publish-replay-break,diamond4,4,0,0,0,1,0,0,0,1,1
pair-11-case-142,Google Pub/Sub,publish-replay-break,diamond4,4,0,5,0,1,0,0,1,1,1
pair-11-case-143,Google Pub/Sub,publish-replay-break,diamond4,4,0,0,0,1,0,0,0,1,1
pair-11-case-144,Google Pub/Sub,publish-replay-break,diamond4,3,0,0,0,1,1,0,0,1,1
pair-11-case-145,Google Pub/Sub,publish-replay-break,diamond4,4,0,0,0,1,0,0,0,1,1
pair-11-case-146,Google Pub/Sub,publish-replay-break,diamond4,4,0,0,0,1,0,0,0,1,1
pair-11-case-147,Google Pub/Sub,publish-replay-break,diamond4,4,0,0,0,1,0,0,0,1,1
pair-11-case-148,Google Pub/Sub,publish-replay-break,diamond4,4,0,0,0,1,1,0,0,1,1
pair-11-case-149,Google Pub/Sub,publish-replay-break,diamond4,4,0,0,0,1,0,0,0,1,1
pair-11-case-150,Google Pub/Sub,publish-replay-break,diamond4,3,0,0,0,1,1,0,0,1,1
pair-11-case-151,Google Pub/Sub,publish-replay-break,diamond4,4,0,0,0,1,0,0,0,1,1
pair-11-case-152,Google Pub/Sub,publish-replay-break,diamond4,4,0,0,0,1,0,0,0,1,1
pair-11-case-153,Google Pub/Sub,publish-replay-break,diamond4,4,0,0,0,1,1,0,0,1,1
pair-11-case-154,Google Pub/Sub,publish-replay-break,diamond4,4,0,0,0,1,1,1,0,1,1
pair-11-case-155,Google Pub/Sub,publish-replay-break,diamond4,4,0,0,0,1,1,0,0,1,1
pair-11-case-156,Google Pub/Sub,publish-replay-break,diamond4,3,0,0,0,1,0,0,0,1,1
pair-11-case-157,Google Pub/Sub,publish-replay-break,diamond4,4,0,0,0,1,0,0,0,1,1
pair-11-case-158,Google Pub/Sub,publish-replay-break,diamond4,4,0,0,0,1,0,0,0,1,1
pair-11-case-159,Google Pub/Sub,publish-replay-break,diamond4,4,0,0,0,1,0,0,0,1,1
pair-11-case-160,Google Pub/Sub,publish-replay-break,diamond4,4,0,0,0,1,0,0,0,1,1
pair-11-case-161,Google Pub/Sub,publish-replay-break,diamond4,4,0,0,0,1,0,0,0,1,1
pair-11-case-162,Google Pub/Sub,publish-replay-break,diamond4,4,0,0,0,1,1,0,0,1,1
pair-11-case-163,Google Pub/Sub,publish-replay-break,diamond4,4,0,0,0,1,0,0,0,1,1
pair-11-case-164,Google Pub/Sub,publish-replay-break,diamond4,4,0,0,0,1,1,0,0,1,1
pair-11-case-165,Google Pub/Sub,publish-replay-break,diamond4,4,0,9,0,1,0,0,1,1,1
pair-11-case-166,Google Pub/Sub,publish-replay-break,diamond4,4,0,0,0,1,0,0,0,1,1
pair-11-case-167,Google Pub/Sub,publish-replay-break,diamond4,4,0,0,0,1,1,0,0,1,1
pair-11-case-168,Google Pub/Sub,publish-replay-break,diamond4,4,0,0,0,1,0,0,0,1,1
pair-11-case-169,Google Pub/Sub,publish-replay-break,diamond4,4,0,0,0,1,1,0,0,1,1
pair-11-case-170,Google Pub/Sub,publish-replay-break,diamond4,4,0,0,0,1,0,0,0,1,1
pair-11-case-171,Google Pub/Sub,publish-replay-break,diamond4,4,0,0,0,1,0,0,0,1,1
pair-11-case-172,Google Pub/Sub,publish-replay-break,diamond4,4,0,0,0,1,0,0,0,1,1
pair-11-case-173,Google Pub/Sub,publish-replay-break,diamond4,4,0,0,0,1,1,0,0,1,1
pair-11-case-174,Google Pub/Sub,publish-replay-break,diamond4,4,0,0,0,1,0,0,0,1,1
pair-11-case-175,Google Pub/Sub,publish-replay-break,diamond4,4,0,0,0,1,0,0,0,1,1
pair-11-case-176,Google Pub/Sub,publish-replay-break,diamond4,4,0,0,0,1,1,0,0,1,1
pair-11-case-177,Google Pub/Sub,publish-replay-break,diamond4,4,0,0,0,1,0,0,0,1,1
pair-11-case-178,Google Pub/Sub,publish-replay-break,diamond4,4,0,0,0,1,0,0,0,1,1
pair-11-case-179,Google Pub/Sub,publish-replay-break,diamond4,3,0,0,0,1,0,0,0,1,1
pair-11-case-180,Google Pub/Sub,publish-replay-break,diamond4,3,0,0,0,1,0,0,0,1,1
pair-11-case-181,Google Pub/Sub,publish-replay-break,diamond4,4,0,0,0,1,0,0,0,1,1
pair-11-case-182,Google Pub/Sub,publish-replay-break,diamond4,3,0,0,0,1,1,0,0,1,1
pair-11-case-183,Google Pub/Sub,publish-replay-break,diamond4,4,0,0,0,1,1,0,0,1,1
pair-11-case-184,Google Pub/Sub,publish-replay-break,diamond4,3,0,0,0,1,0,0,0,1,1
pair-11-case-185,Google Pub/Sub,publish-replay-break,diamond4,4,0,0,0,1,0,0,0,1,1
pair-11-case-186,Google Pub/Sub,publish-replay-break,diamond4,4,0,0,0,1,0,0,0,1,1
pair-11-case-187,Google Pub/Sub,publish-replay-break,diamond4,3,0,0,0,1,0,0,0,1,1
pair-11-case-188,Google Pub/Sub,publish-replay-break,diamond4,3,0,0,0,1,0,0,0,1,1
pair-11-case-189,Google Pub/Sub,publish-replay-break,diamond4,2,0,27,0,1,0,0,1,1,1
pair-11-case-190,Google Pub/Sub,publish-replay-break,diamond4,2,0,0,0,1,0,0,0,1,1
pair-11-case-191,Google Pub/Sub,publish-replay-break,diamond4,4,0,0,0,1,0,0,0,1,1
pair-11-case-192,Google Pub/Sub,publish-replay-break,diamond4,4,0,0,0,1,0,0,0,1,1
pair-11-case-193,Google Pub/Sub,publish-replay-break,diamond4,4,0,0,0,1,1,0,0,1,1
pair-11-case-194,Google Pub/Sub,publish-replay-break,diamond4,4,0,0,0,1,0,0,0,1,1
pair-11-case-195,Google Pub/Sub,publish-replay-break,diamond4,4,0,0,0,1,0,0,0,1,1
pair-11-case-196,Google Pub/Sub,publish-replay-break,diamond4,4,0,0,0,1,1,0,0,1,1
pair-11-case-197,Google Pub/Sub,publish-replay-break,diamond4,4,0,0,0,1,0,0,0,1,1
pair-11-case-198,Google Pub/Sub,publish-replay-break,diamond4,4,0,0,0,1,0,0,0,1,1
pair-11-case-199,Google Pub/Sub,publish-replay-break,diamond4,4,0,0,0,1,1,0,0,1,1
pair-11-case-200,Google Pub/Sub,publish-replay-break,diamond4,4,0,2,0,1,0,0,0,1,1
pair-11-case-201,Google Pub/Sub,publish-replay-break,diamond4,4,0,21,0,1,0,0,1,1,1
pair-11-case-202,Google Pub/Sub,publish-replay-break,diamond4,4,0,0,0,1,0,0,0,1,1
pair-11-case-203,Google Pub/Sub,publish-replay-break,diamond4,4,0,0,0,1,1,0,0,1,1
pair-11-case-204,Google Pub/Sub,publish-replay-break,diamond4,4,0,0,0,1,1,0,0,1,1
pair-11-case-205,Google Pub/Sub,publish-replay-break,diamond4,4,0,0,0,1,0,0,0,1,1
pair-11-case-206,Google Pub/Sub,publish-replay-break,diamond4,4,0,0,0,1,0,0,0,1,1
pair-11-case-207,Google Pub/Sub,publish-replay-break,diamond4,4,0,0,0,1,0,0,0,1,1
pair-11-case-208,Google Pub/Sub,publish-replay-break,diamond4,4,0,0,0,1,0,0,0,1,1
pair-11-case-209,Google Pub/Sub,publish-replay-break,diamond4,4,0,0,0,1,0,0,0,1,1
pair-11-case-210,Google Pub/Sub,publish-replay-break,diamond4,3,0,0,0,1,0,0,0,1,1
pair-11-case-211,Google Pub/Sub,publish-replay-break,diamond4,4,0,0,0,1,0,0,0,1,1
pair-11-case-212,Google Pub/Sub,publish-replay-break,diamond4,4,0,0,0,1,0,0,0,1,1
pair-11-case-213,Google Pub/Sub,publish-replay-break,diamond4,3,0,0,0,1,1,0,0,1,1
pair-11-case-214,Google Pub/Sub,publish-replay-break,diamond4,4,0,0,0,1,1,0,0,1,1
pair-11-case-215,Google Pub/Sub,publish-replay-break,diamond4,3,0,0,0,1,0,0,0,1,1
pair-11-case-216,Google Pub/Sub,publish-replay-break,diamond4,4,0,0,0,1,0,0,0,1,1
pair-11-case-217,Google Pub/Sub,publish-replay-break,diamond4,4,0,6,0,1,0,0,1,1,1
pair-11-case-218,Google Pub/Sub,publish-replay-break,diamond4,4,0,0,0,1,1,0,0,1,1
pair-11-case-219,Google Pub/Sub,publish-replay-break,diamond4,4,0,11,0,1,1,0,1,1,1
pair-11-case-220,Google Pub/Sub,publish-replay-break,diamond4,4,0,0,0,1,0,0,0,1,1
pair-11-case-221,Google Pub/Sub,publish-replay-break,diamond4,3,0,0,0,1,0,0,0,1,1
pair-11-case-222,Google Pub/Sub,publish-replay-break,diamond4,4,0,9,0,1,0,0,1,1,1
pair-11-case-223,Google Pub/Sub,publish-replay-break,diamond4,4,0,0,0,1,0,0,0,1,1
pair-11-case-224,Google Pub/Sub,publish-replay-break,diamond4,4,0,0,0,1,0,0,0,1,1
pair-11-case-225,Google Pub/Sub,publish-replay-break,diamond4,4,0,0,0,1,0,0,0,1,1
pair-11-case-226,Google Pub/Sub,publish-replay-break,diamond4,4,0,0,0,1,1,0,0,1,1
pair-11-case-227,Google Pub/Sub,publish-replay-break,diamond4,4,0,0,0,1,0,0,0,1,1
pair-11-case-228,Google Pub/Sub,publish-replay-break,diamond4,4,0,3,0,1,1,0,0,1,1
pair-11-case-229,Google Pub/Sub,publish-replay-break,diamond4,4,0,0,0,1,0,0,0,1,1
pair-11-case-230,Google Pub/Sub,publish-replay-break,diamond4,4,0,0,0,1,0,0,0,1,1
pair-11-case-231,Google Pub/Sub,publish-replay-break,diamond4,4,0,0,0,1,0,0,0,1,1
pair-11-case-232,Google Pub/Sub,publish-replay-break,diamond4,3,0,3,0,1,0,0,1,1,1
pair-11-case-233,Google Pub/Sub,publish-replay-break,diamond4,4,0,0,0,1,0,0,0,1,1
pair-11-case-234,Google Pub/Sub,publish-replay-break,diamond4,3,0,17,0,1,1,0,0,1,1
pair-11-case-235,Google Pub/Sub,publish-replay-break,diamond4,4,0,0,0,1,1,0,0,1,1
pair-11-case-236,Google Pub/Sub,publish-replay-break,diamond4,4,0,0,0,1,0,0,0,1,1
pair-11-case-237,Google Pub/Sub,publish-replay-break,diamond4,4,0,0,0,1,1,0,0,1,1
pair-11-case-238,Google Pub/Sub,publish-replay-break,diamond4,4,0,0,0,1,0,0,0,1,1
pair-11-case-239,Google Pub/Sub,publish-replay-break,diamond4,4,0,0,0,1,1,1,0,1,1
pair-11-case-240,Google Pub/Sub,publish-replay-break,diamond4,4,0,0,0,1,1,0,0,1,1
pair-11-case-241,Google Pub/Sub,publish-replay-break,diamond4,4,0,0,0,1,0,0,0,1,1
pair-11-case-242,Google Pub/Sub,publish-replay-break,diamond4,4,0,0,0,1,0,0,0,1,1
pair-11-case-243,Google Pub/Sub,publish-replay-break,diamond4,4,0,0,0,1,0,0,0,1,1
pair-11-case-244,Google Pub/Sub,publish-replay-break,diamond4,3,0,0,0,1,1,0,0,1,1
pair-11-case-245,Google Pub/Sub,publish-replay-break,diamond4,4,0,0,0,1,0,0,0,1,1
pair-11-case-246,Google Pub/Sub,publish-replay-break,diamond4,4,0,0,0,1,0,0,0,1,1
pair-11-case-247,Google Pub/Sub,publish-replay-break,diamond4,4,0,0,0,1,0,0,0,1,1
pair-11-case-248,Google Pub/Sub,publish-replay-break,diamond4,4,0,0,0,1,1,0,0,1,1
pair-11-case-249,Google Pub/Sub,publish-replay-break,diamond4,4,0,0,0,1,0,0,0,1,1
pair-11-case-250,Google Pub/Sub,publish-replay-break,diamond4,4,0,0,0,1,0,0,0,1,1
pair-11-case-251,Google Pub/Sub,publish-replay-break,diamond4,4,0,0,0,1,0,0,0,1,1
pair-11-case-252,Google Pub/Sub,publish-replay-break,diamond4,3,0,0,0,1,1,0,0,1,1
pair-11-case-253,Google Pub/Sub,publish-replay-break,diamond4,4,0,0,0,1,1,0,0,1,1
pair-11-case-254,Google Pub/Sub,publish-replay-break,diamond4,4,0,0,0,1,0,0,0,1,1
pair-11-case-255,Google Pub/Sub,publish-replay-break,diamond4,4,0,0,0,1,1,0,0,1,1
pair-11-case-256,Google Pub/Sub,publish-replay-break,diamond4,4,0,0,0,1,0,0,0,1,1
pair-11-case-257,Google Pub/Sub,publish-replay-break,diamond4,4,0,0,0,1,0,0,0,1,1
pair-11-case-258,Google Pub/Sub,publish-replay-break,diamond4,4,0,0,0,1,0,0,0,1,1
pair-11-case-259,Google Pub/Sub,publish-replay-break,diamond4,4,0,0,0,1,0,0,0,1,1
pair-11-case-260,Google Pub/Sub,publish-replay-break,diamond4,4,0,0,0,1,0,0,0,1,1
pair-11-case-261,Google Pub/Sub,publish-replay-break,diamond4,3,0,0,0,1,1,0,0,1,1
pair-11-case-262,Google Pub/Sub,publish-replay-break,diamond4,4,0,0,0,1,1,0,0,1,1
pair-11-case-263,Google Pub/Sub,publish-replay-break,diamond4,4,0,0,0,1,0,0,0,1,1
pair-11-case-264,Google Pub/Sub,publish-replay-break,diamond4,4,0,0,0,1,0,0,0,1,1
pair-11-case-265,Google Pub/Sub,publish-replay-break,diamond4,4,0,17,0,1,0,0,1,1,1
pair-11-case-266,Google Pub/Sub,publish-replay-break,diamond4,4,0,0,0,1,1,0,0,1,1
pair-11-case-267,Google Pub/Sub,publish-replay-break,diamond4,4,0,0,0,1,0,0,0,1,1
pair-11-case-268,Google Pub/Sub,publish-replay-break,diamond4,4,0,0,0,1,1,0,0,1,1
pair-11-case-269,Google Pub/Sub,publish-replay-break,diamond4,4,0,0,0,1,0,0,0,1,1
pair-11-case-270,Google Pub/Sub,publish-replay-break,diamond4,4,0,0,0,1,0,0,0,1,1
pair-11-case-271,Google Pub/Sub,publish-replay-break,diamond4,3,0,7,0,1,0,0,1,1,1
pair-11-case-272,Google Pub/Sub,publish-replay-break,diamond4,3,0,0,0,1,0,0,0,1,1
pair-11-case-273,Google Pub/Sub,publish-replay-break,diamond4,3,0,17,0,1,1,0,1,1,1
pair-11-case-274,Google Pub/Sub,publish-replay-break,diamond4,4,0,0,0,1,1,0,0,1,1
pair-11-case-275,Google Pub/Sub,publish-replay-break,diamond4,4,0,0,0,1,0,0,0,1,1
pair-11-case-276,Google Pub/Sub,publish-replay-break,diamond4,3,0,0,0,1,0,0,0,1,1
pair-11-case-277,Google Pub/Sub,publish-replay-break,diamond4,4,0,0,0,1,0,0,0,1,1
pair-11-case-278,Google Pub/Sub,publish-replay-break,diamond4,4,0,0,0,1,1,0,0,1,1
pair-11-case-279,Google Pub/Sub,publish-replay-break,diamond4,4,0,0,0,1,0,0,0,1,1
pair-11-case-280,Google Pub/Sub,publish-replay-break,diamond4,4,0,0,0,1,0,0,0,1,1
pair-11-case-281,Google Pub/Sub,publish-replay-break,diamond4,4,0,3,0,1,1,0,0,1,1
pair-11-case-282,Google Pub/Sub,publish-replay-break,diamond4,4,0,0,0,1,0,0,0,1,1
pair-11-case-283,Google Pub/Sub,publish-replay-break,diamond4,3,0,9,0,1,0,0,1,1,1
pair-11-case-284,Google Pub/Sub,publish-replay-break,diamond4,4,0,0,0,1,0,0,0,1,1
pair-11-case-285,Google Pub/Sub,publish-replay-break,diamond4,4,0,0,0,1,1,0,0,1,1
pair-11-case-286,Google Pub/Sub,publish-replay-break,diamond4,4,0,0,0,1,1,0,0,1,1
pair-11-case-287,Google Pub/Sub,publish-replay-break,diamond4,4,0,0,0,1,1,0,0,1,1
pair-11-case-288,Google Pub/Sub,publish-replay-break,diamond4,2,0,9,0,1,1,0,1,1,1
pair-11-case-289,Google Pub/Sub,publish-replay-break,diamond4,4,0,0,0,1,0,0,0,1,1
pair-11-case-290,Google Pub/Sub,publish-replay-break,diamond4,4,0,0,0,1,0,0,0,1,1
pair-11-case-291,Google Pub/Sub,publish-replay-break,diamond4,4,0,6,0,1,0,0,1,1,1
pair-11-case-292,Google Pub/Sub,publish-replay-break,diamond4,4,0,0,0,1,0,0,0,1,1
pair-11-case-293,Google Pub/Sub,publish-replay-break,diamond4,4,0,0,0,1,0,0,0,1,1
pair-11-case-294,Google Pub/Sub,publish-replay-break,diamond4,3,0,0,0,1,0,0,0,1,1
pair-11-case-295,Google Pub/Sub,publish-replay-break,diamond4,2,0,0,0,1,1,0,0,1,1
pair-11-case-296,Google Pub/Sub,publish-replay-break,diamond4,3,0,0,0,1,1,0,0,1,1
pair-11-case-297,Google Pub/Sub,publish-replay-break,diamond4,3,0,0,0,1,1,0,0,1,1
pair-11-case-298,Google Pub/Sub,publish-replay-break,diamond4,4,0,0,0,1,0,0,0,1,1
pair-11-case-299,Google Pub/Sub,publish-replay-break,diamond4,4,0,3,0,1,0,0,0,1,1
pair-11-case-300,Google Pub/Sub,publish-replay-break,diamond4,4,0,0,0,1,0,0,0,1,1
pair-11-case-301,Google Pub/Sub,publish-replay-break,diamond4,4,0,0,0,1,0,0,0,1,1
pair-11-case-302,Google Pub/Sub,publish-replay-break,diamond4,4,0,21,0,1,1,0,1,1,1
pair-11-case-303,Google Pub/Sub,publish-replay-break,diamond4,3,0,15,0,1,0,0,1,1,1
pair-11-case-304,Google Pub/Sub,publish-replay-break,diamond4,4,0,0,0,1,0,0,0,1,1
pair-11-case-305,Google Pub/Sub,publish-replay-break,diamond4,4,0,0,0,1,0,0,0,1,1
pair-11-case-306,Google Pub/Sub,publish-replay-break,diamond4,4,0,0,0,1,0,0,0,1,1
pair-11-case-307,Google Pub/Sub,publish-replay-break,diamond4,4,0,0,0,1,0,0,0,1,1
pair-11-case-308,Google Pub/Sub,publish-replay-break,diamond4,4,0,0,0,1,0,0,0,1,1
pair-11-case-309,Google Pub/Sub,publish-replay-break,diamond4,4,0,0,0,1,0,0,0,1,1
pair-11-case-310,Google Pub/Sub,publish-replay-break,diamond4,4,0,0,0,1,1,0,0,1,1
pair-11-case-311,Google Pub/Sub,publish-replay-break,diamond4,4,0,0,0,1,0,0,0,1,1
pair-11-case-312,Google Pub/Sub,publish-replay-break,diamond4,4,0,0,0,1,0,0,0,1,1
pair-11-case-313,Google Pub/Sub,publish-replay-break,diamond4,4,0,0,0,1,1,0,0,1,1
pair-11-case-314,Google Pub/Sub,publish-replay-break,diamond4,4,0,0,0,1,1,0,0,1,1
pair-11-case-315,Google Pub/Sub,publish-replay-break,diamond4,4,0,0,0,1,0,0,0,1,1
pair-11-case-316,Google Pub/Sub,publish-replay-break,diamond4,4,0,0,0,1,0,0,0,1,1
pair-11-case-317,Google Pub/Sub,publish-replay-break,diamond4,4,0,0,0,1,0,0,0,1,1
pair-11-case-318,Google Pub/Sub,publish-replay-break,diamond4,4,0,0,0,1,0,0,0,1,1
pair-11-case-319,Google Pub/Sub,publish-replay-break,diamond4,3,0,0,0,1,1,0,0,1,1
pair-11-case-320,Google Pub/Sub,publish-replay-break,diamond4,4,0,0,0,1,0,0,0,1,1
pair-11-case-321,Google Pub/Sub,publish-replay-break,diamond4,4,0,0,0,1,0,0,0,1,1
pair-11-case-322,Google Pub/Sub,publish-replay-break,diamond4,3,0,0,0,1,1,0,0,1,1
pair-11-case-323,Google Pub/Sub,publish-replay-break,diamond4,4,0,0,0,1,1,0,0,1,1
pair-11-case-324,Google Pub/Sub,publish-replay-break,diamond4,4,0,0,0,1,1,0,0,1,1
pair-11-case-325,Google Pub/Sub,publish-replay-break,diamond4,4,0,0,0,1,1,0,0,1,1
pair-11-case-326,Google Pub/Sub,publish-replay-break,diamond4,4,0,0,0,1,0,0,0,1,1
pair-11-case-327,Google Pub/Sub,publish-replay-break,diamond4,4,0,0,0,1,1,0,0,1,1
pair-11-case-328,Google Pub/Sub,publish-replay-break,diamond4,4,0,0,0,1,0,0,0,1,1
pair-11-case-329,Google Pub/Sub,publish-replay-break,diamond4,3,0,0,0,1,0,0,0,1,1
pair-11-case-330,Google Pub/Sub,publish-replay-break,diamond4,4,0,9,0,1,1,0,1,1,1
pair-11-case-331,Google Pub/Sub,publish-replay-break,diamond4,4,0,3,0,1,0,0,1,1,1
pair-11-case-332,Google Pub/Sub,publish-replay-break,diamond4,3,0,0,0,1,0,0,0,1,1
pair-11-case-333,Google Pub/Sub,publish-replay-break,diamond4,3,0,0,0,1,0,0,0,1,1
pair-11-case-334,Google Pub/Sub,publish-replay-break,diamond4,4,0,0,0,1,0,0,0,1,1
pair-11-case-335,Google Pub/Sub,publish-replay-break,diamond4,4,0,0,0,1,0,0,0,1,1
pair-11-case-336,Google Pub/Sub,publish-replay-break,diamond4,4,0,0,0,1,0,0,0,1,1
pair-11-case-337,Google Pub/Sub,publish-replay-break,diamond4,4,0,0,0,1,0,0,0,1,1
pair-11-case-338,Google Pub/Sub,publish-replay-break,diamond4,4,0,0,0,1,0,0,0,1,1
pair-11-case-339,Google Pub/Sub,publish-replay-break,diamond4,4,0,0,0,1,0,0,0,1,1
pair-11-case-340,Google Pub/Sub,publish-replay-break,diamond4,3,0,0,0,1,1,0,0,1,1
pair-11-case-341,Google Pub/Sub,publish-replay-break,diamond4,4,0,0,0,1,1,0,0,1,1
pair-11-case-342,Google Pub/Sub,publish-replay-break,diamond4,4,0,0,0,1,0,0,0,1,1
pair-11-case-343,Google Pub/Sub,publish-replay-break,diamond4,4,0,0,0,1,1,1,0,1,1
pair-11-case-344,Google Pub/Sub,publish-replay-break,diamond4,4,0,0,0,1,0,0,0,1,1
pair-11-case-345,Google Pub/Sub,publish-replay-break,diamond4,4,0,0,0,1,0,0,0,1,1
pair-11-case-346,Google Pub/Sub,publish-replay-break,diamond4,4,0,0,0,1,1,0,0,1,1
pair-11-case-347,Google Pub/Sub,publish-replay-break,diamond4,4,0,0,0,1,1,0,0,1,1
pair-11-case-348,Google Pub/Sub,publish-replay-break,diamond4,4,0,0,0,1,0,0,0,1,1
pair-11-case-349,Google Pub/Sub,publish-replay-break,diamond4,4,0,0,0,1,0,0,0,1,1
pair-11-case-350,Google Pub/Sub,publish-replay-break,diamond4,4,0,0,0,1,0,0,0,1,1
pair-11-case-351,Google Pub/Sub,publish-replay-break,diamond4,4,0,0,0,1,0,0,0,1,1
pair-11-case-352,Google Pub/Sub,publish-replay-break,diamond4,4,0,0,0,1,0,0,0,1,1
pair-11-case-353,Google Pub/Sub,publish-replay-break,diamond4,4,0,5,0,1,1,0,0,1,1
pair-11-case-354,Google Pub/Sub,publish-replay-break,diamond4,4,0,0,0,1,0,0,0,1,1
pair-11-case-355,Google Pub/Sub,publish-replay-break,diamond4,4,0,0,0,1,0,0,0,1,1
pair-11-case-356,Google Pub/Sub,publish-replay-break,diamond4,4,0,0,0,1,0,0,0,1,1
pair-11-case-357,Google Pub/Sub,publish-replay-break,diamond4,4,0,0,0,1,0,0,0,1,1
pair-11-case-358,Google Pub/Sub,publish-replay-break,diamond4,4,0,0,0,1,0,0,0,1,1
pair-11-case-359,Google Pub/Sub,publish-replay-break,diamond4,4,0,0,0,1,0,0,0,1,1
pair-11-case-360,Google Pub/Sub,publish-replay-break,diamond4,3,0,9,0,1,1,0,1,1,1
pair-11-case-361,Google Pub/Sub,publish-replay-break,diamond4,4,0,0,0,1,1,0,0,1,1
pair-11-case-362,Google Pub/Sub,publish-replay-break,diamond4,4,0,0,0,1,0,0,0,1,1
pair-11-case-363,Google Pub/Sub,publish-replay-break,diamond4,4,0,0,0,1,0,0,0,1,1
pair-11-case-364,Google Pub/Sub,publish-replay-break,diamond4,4,0,0,0,1,1,0,0,1,1
pair-11-case-365,Google Pub/Sub,publish-replay-break,diamond4,4,0,0,0,1,0,0,0,1,1
pair-11-case-366,Google Pub/Sub,publish-replay-break,diamond4,4,0,2,0,1,0,0,1,1,1
pair-11-case-367,Google Pub/Sub,publish-replay-break,diamond4,4,0,0,0,1,0,0,0,1,1
pair-11-case-368,Google Pub/Sub,publish-replay-break,diamond4,4,0,0,0,1,1,0,0,1,1
pair-11-case-369,Google Pub/Sub,publish-replay-break,diamond4,4,0,0,0,1,0,0,0,1,1
pair-11-case-370,Google Pub/Sub,publish-replay-break,diamond4,4,0,0,0,1,0,0,0,1,1
pair-11-case-371,Google Pub/Sub,publish-replay-break,diamond4,4,0,0,0,1,0,0,0,1,1
pair-11-case-372,Google Pub/Sub,publish-replay-break,diamond4,4,0,0,0,1,0,0,0,1,1
pair-11-case-373,Google Pub/Sub,publish-replay-break,diamond4,4,0,0,0,1,1,0,0,1,1
pair-11-case-374,Google Pub/Sub,publish-replay-break,diamond4,4,0,0,0,1,0,0,0,1,1
pair-11-case-375,Google Pub/Sub,publish-replay-break,diamond4,4,0,0,0,1,0,0,0,1,1
pair-11-case-376,Google Pub/Sub,publish-replay-break,diamond4,4,0,0,0,1,1,0,0,1,1
pair-11-case-377,Google Pub/Sub,publish-replay-break,diamond4,3,0,0,0,1,0,0,0,1,1
pair-11-case-378,Google Pub/Sub,publish-replay-break,diamond4,4,0,0,0,1,1,0,0,1,1
pair-11-case-379,Google Pub/Sub,publish-replay-break,diamond4,4,0,0,0,1,1,0,0,1,1
pair-11-case-380,Google Pub/Sub,publish-replay-break,diamond4,4,0,0,0,1,1,0,0,1,1
pair-11-case-381,Google Pub/Sub,publish-replay-break,diamond4,4,0,0,0,1,1,0,0,1,1
pair-11-case-382,Google Pub/Sub,publish-replay-break,diamond4,4,0,0,0,1,1,0,0,1,1
pair-11-case-383,Google Pub/Sub,publish-replay-break,diamond4,4,0,0,0,1,0,0,0,1,1
pair-11-case-384,Google Pub/Sub,publish-replay-break,diamond4,4,0,0,0,1,1,0,0,1,1
pair-11-case-385,Google Pub/Sub,publish-replay-break,diamond4,4,0,0,0,1,0,0,0,1,1
pair-11-case-386,Google Pub/Sub,publish-replay-break,diamond4,4,0,0,0,1,0,0,0,1,1
pair-11-case-387,Google Pub/Sub,publish-replay-break,diamond4,3,0,21,0,1,1,0,0,1,1
pair-11-case-388,Google Pub/Sub,publish-replay-break,diamond4,4,0,0,0,1,1,0,0,1,1
pair-11-case-389,Google Pub/Sub,publish-replay-break,diamond4,4,0,0,0,1,0,0,0,1,1
pair-11-case-390,Google Pub/Sub,publish-replay-break,diamond4,4,0,0,0,1,0,0,0,1,1
pair-11-case-391,Google Pub/Sub,publish-replay-break,diamond4,4,0,0,0,1,0,0,0,1,1
pair-11-case-392,Google Pub/Sub,publish-replay-break,diamond4,4,0,9,0,1,0,0,1,1,1
pair-11-case-393,Google Pub/Sub,publish-replay-break,diamond4,4,0,9,0,1,0,0,1,1,1
pair-11-case-394,Google Pub/Sub,publish-replay-break,diamond4,4,0,0,0,1,1,0,0,1,1
pair-11-case-395,Google Pub/Sub,publish-replay-break,diamond4,4,0,0,0,1,0,0,0,1,1
pair-11-case-396,Google Pub/Sub,publish-replay-break,diamond4,3,0,0,0,1,1,0,0,1,1
pair-11-case-397,Google Pub/Sub,publish-replay-break,diamond4,4,0,0,0,1,0,0,0,1,1
pair-11-case-398,Google Pub/Sub,publish-replay-break,diamond4,4,0,0,0,1,0,0,0,1,1
pair-11-case-399,Google Pub/Sub,publish-replay-break,diamond4,2,0,0,0,1,0,0,0,1,1
pair-11-case-400,Google Pub/Sub,publish-replay-break,diamond4,4,0,0,0,1,0,0,0,1,1
pair-11-case-401,Google Pub/Sub,publish-replay-break,diamond4,4,0,0,0,1,1,0,0,1,1
pair-11-case-402,Google Pub/Sub,publish-replay-break,diamond4,4,0,0,0,1,0,0,0,1,1
pair-11-case-403,Google Pub/Sub,publish-replay-break,diamond4,3,0,0,0,1,1,0,0,1,1
pair-11-case-404,Google Pub/Sub,publish-replay-break,diamond4,4,0,0,0,1,0,0,0,1,1
pair-11-case-405,Google Pub/Sub,publish-replay-break,diamond4,4,0,0,0,1,1,0,0,1,1
pair-11-case-406,Google Pub/Sub,publish-replay-break,diamond4,4,0,0,0,1,0,0,0,1,1
pair-11-case-407,Google Pub/Sub,publish-replay-break,diamond4,3,0,0,0,1,0,0,0,1,1
pair-11-case-408,Google Pub/Sub,publish-replay-break,diamond4,3,0,0,0,1,0,0,0,1,1
pair-11-case-409,Google Pub/Sub,publish-replay-break,diamond4,4,0,0,0,1,0,0,0,1,1
pair-11-case-410,Google Pub/Sub,publish-replay-break,diamond4,4,0,0,0,1,0,0,0,1,1
pair-11-case-411,Google Pub/Sub,publish-replay-break,diamond4,3,0,21,0,1,1,0,1,1,1
pair-11-case-412,Google Pub/Sub,publish-replay-break,diamond4,4,0,0,0,1,0,0,0,1,1
pair-11-case-413,Google Pub/Sub,publish-replay-break,diamond4,4,0,0,0,1,0,0,0,1,1
pair-11-case-414,Google Pub/Sub,publish-replay-break,diamond4,4,0,0,0,1,0,0,0,1,1
pair-11-case-415,Google Pub/Sub,publish-replay-break,diamond4,4,0,0,0,1,0,0,0,1,1
pair-11-case-416,Google Pub/Sub,publish-replay-break,diamond4,4,0,0,0,1,1,0,0,1,1
pair-11-case-417,Google Pub/Sub,publish-replay-break,diamond4,4,0,0,0,1,0,0,0,1,1
pair-11-case-418,Google Pub/Sub,publish-replay-break,diamond4,4,0,0,0,1,0,0,0,1,1
pair-11-case-419,Google Pub/Sub,publish-replay-break,diamond4,4,0,0,0,1,1,0,0,1,1
pair-11-case-420,Google Pub/Sub,publish-replay-break,diamond4,4,0,0,0,1,1,0,0,1,1
pair-11-case-421,Google Pub/Sub,publish-replay-break,diamond4,4,0,0,0,1,1,0,0,1,1
pair-11-case-422,Google Pub/Sub,publish-replay-break,diamond4,4,0,0,0,1,0,0,0,1,1
pair-11-case-423,Google Pub/Sub,publish-replay-break,diamond4,4,0,0,0,1,1,0,0,1,1
pair-11-case-424,Google Pub/Sub,publish-replay-break,diamond4,4,0,0,0,1,0,0,0,1,1
pair-11-case-425,Google Pub/Sub,publish-replay-break,diamond4,4,0,3,0,1,0,0,1,1,1
pair-11-case-426,Google Pub/Sub,publish-replay-break,diamond4,4,0,0,0,1,0,0,0,1,1
pair-11-case-427,Google Pub/Sub,publish-replay-break,diamond4,4,0,0,0,1,0,0,0,1,1
pair-11-case-428,Google Pub/Sub,publish-replay-break,diamond4,4,0,0,0,1,0,0,0,1,1
pair-11-case-429,Google Pub/Sub,publish-replay-break,diamond4,4,0,0,0,1,0,0,0,1,1
pair-11-case-430,Google Pub/Sub,publish-replay-break,diamond4,4,0,0,0,1,1,0,0,1,1
pair-11-case-431,Google Pub/Sub,publish-replay-break,diamond4,4,0,0,0,1,0,0,0,1,1
pair-11-case-432,Google Pub/Sub,publish-replay-break,diamond4,4,0,0,0,1,1,0,0,1,1
pair-11-case-433,Google Pub/Sub,publish-replay-break,diamond4,4,0,0,0,1,0,0,0,1,1
pair-11-case-434,Google Pub/Sub,publish-replay-break,diamond4,4,0,0,0,1,0,0,0,1,1
pair-11-case-435,Google Pub/Sub,publish-replay-break,diamond4,4,0,0,0,1,1,0,0,1,1
pair-11-case-436,Google Pub/Sub,publish-replay-break,diamond4,4,0,0,0,1,0,0,0,1,1
pair-11-case-437,Google Pub/Sub,publish-replay-break,diamond4,4,0,0,0,1,0,0,0,1,1
pair-11-case-438,Google Pub/Sub,publish-replay-break,diamond4,4,0,0,0,1,1,0,0,1,1
pair-11-case-439,Google Pub/Sub,publish-replay-break,diamond4,4,0,0,0,1,0,0,0,1,1
pair-11-case-440,Google Pub/Sub,publish-replay-break,diamond4,4,0,0,0,1,0,0,0,1,1
pair-11-case-441,Google Pub/Sub,publish-replay-break,diamond4,4,0,0,0,1,0,0,0,1,1
pair-11-case-442,Google Pub/Sub,publish-replay-break,diamond4,3,0,0,0,1,1,0,0,1,1
pair-11-case-443,Google Pub/Sub,publish-replay-break,diamond4,4,0,0,0,1,0,0,0,1,1
pair-11-case-444,Google Pub/Sub,publish-replay-break,diamond4,4,0,0,0,1,0,0,0,1,1
pair-11-case-445,Google Pub/Sub,publish-replay-break,diamond4,4,0,0,0,1,0,0,0,1,1
pair-11-case-446,Google Pub/Sub,publish-replay-break,diamond4,4,0,3,0,1,0,0,0,1,1
pair-11-case-447,Google Pub/Sub,publish-replay-break,diamond4,3,0,0,0,1,0,0,0,1,1
pair-11-case-448,Google Pub/Sub,publish-replay-break,diamond4,4,0,0,0,1,0,0,0,1,1
pair-11-case-449,Google Pub/Sub,publish-replay-break,diamond4,4,0,0,0,1,1,0,0,1,1
pair-11-case-450,Google Pub/Sub,publish-replay-break,diamond4,4,0,0,0,1,0,0,0,1,1
pair-11-case-451,Google Pub/Sub,publish-replay-break,diamond4,3,0,0,0,1,0,0,0,1,1
pair-11-case-452,Google Pub/Sub,publish-replay-break,diamond4,4,0,0,0,1,0,0,0,1,1
pair-11-case-453,Google Pub/Sub,publish-replay-break,diamond4,4,0,0,0,1,0,0,0,1,1
pair-11-case-454,Google Pub/Sub,publish-replay-break,diamond4,4,0,0,0,1,0,0,0,1,1
pair-11-case-455,Google Pub/Sub,publish-replay-break,diamond4,3,0,0,0,1,0,0,0,1,1
pair-11-case-456,Google Pub/Sub,publish-replay-break,diamond4,4,0,0,0,1,1,0,0,1,1
pair-11-case-457,Google Pub/Sub,publish-replay-break,diamond4,4,0,0,0,1,0,0,0,1,1
pair-11-case-458,Google Pub/Sub,publish-replay-break,diamond4,4,0,0,0,1,0,0,0,1,1
pair-11-case-459,Google Pub/Sub,publish-replay-break,diamond4,4,0,0,0,1,0,0,0,1,1
pair-11-case-460,Google Pub/Sub,publish-replay-break,diamond4,4,0,0,0,1,0,0,0,1,1
pair-11-case-461,Google Pub/Sub,publish-replay-break,diamond4,3,0,0,0,1,1,0,0,1,1
pair-11-case-462,Google Pub/Sub,publish-replay-break,diamond4,4,0,0,0,1,0,0,0,1,1
pair-11-case-463,Google Pub/Sub,publish-replay-break,diamond4,4,0,7,0,1,1,0,0,1,1
pair-11-case-464,Google Pub/Sub,publish-replay-break,diamond4,4,0,0,0,1,0,0,0,1,1
pair-11-case-465,Google Pub/Sub,publish-replay-break,diamond4,4,0,0,0,1,0,0,0,1,1
pair-11-case-466,Google Pub/Sub,publish-replay-break,diamond4,4,0,0,0,1,0,0,0,1,1
pair-11-case-467,Google Pub/Sub,publish-replay-break,diamond4,4,0,3,0,1,0,0,1,1,1
pair-11-case-468,Google Pub/Sub,publish-replay-break,diamond4,4,0,0,0,1,0,0,0,1,1
pair-11-case-469,Google Pub/Sub,publish-replay-break,diamond4,4,0,0,0,1,1,0,0,1,1
pair-11-case-470,Google Pub/Sub,publish-replay-break,diamond4,4,0,0,0,1,1,0,0,1,1
pair-11-case-471,Google Pub/Sub,publish-replay-break,diamond4,4,0,0,0,1,1,1,0,1,1
pair-11-case-472,Google Pub/Sub,publish-replay-break,diamond4,4,0,0,0,1,0,0,0,1,1
pair-11-case-473,Google Pub/Sub,publish-replay-break,diamond4,3,0,0,0,1,1,0,0,1,1
pair-11-case-474,Google Pub/Sub,publish-replay-break,diamond4,3,0,0,0,1,0,0,0,1,1
pair-11-case-475,Google Pub/Sub,publish-replay-break,diamond4,4,0,0,0,1,1,0,0,1,1
pair-11-case-476,Google Pub/Sub,publish-replay-break,diamond4,4,0,0,0,1,1,0,0,1,1
pair-11-case-477,Google Pub/Sub,publish-replay-break,diamond4,4,0,0,0,1,1,0,0,1,1
pair-11-case-478,Google Pub/Sub,publish-replay-break,diamond4,4,0,0,0,1,1,0,0,1,1
pair-11-case-479,Google Pub/Sub,publish-replay-break,diamond4,3,0,0,0,1,0,0,0,1,1
pair-11-case-480,Google Pub/Sub,publish-replay-break,diamond4,4,0,0,0,1,0,0,0,1,1
pair-11-case-481,Google Pub/Sub,publish-replay-break,diamond4,3,0,0,0,1,0,0,0,1,1
pair-11-case-482,Google Pub/Sub,publish-replay-break,diamond4,4,0,3,0,1,0,0,0,1,1
pair-11-case-483,Google Pub/Sub,publish-replay-break,diamond4,4,0,0,0,1,1,0,0,1,1
pair-11-case-484,Google Pub/Sub,publish-replay-break,diamond4,4,0,0,0,1,1,0,0,1,1
pair-11-case-485,Google Pub/Sub,publish-replay-break,diamond4,2,0,0,0,1,1,0,0,1,1
pair-11-case-486,Google Pub/Sub,publish-replay-break,diamond4,4,0,0,0,1,0,0,0,1,1
pair-11-case-487,Google Pub/Sub,publish-replay-break,diamond4,3,0,0,0,1,0,0,0,1,1
pair-11-case-488,Google Pub/Sub,publish-replay-break,diamond4,4,0,0,0,1,0,0,0,1,1
pair-11-case-489,Google Pub/Sub,publish-replay-break,diamond4,4,0,0,0,1,0,0,0,1,1
pair-11-case-490,Google Pub/Sub,publish-replay-break,diamond4,3,0,0,0,1,0,0,0,1,1
pair-11-case-491,Google Pub/Sub,publish-replay-break,diamond4,4,0,0,0,1,1,0,0,1,1
pair-11-case-492,Google Pub/Sub,publish-replay-break,diamond4,4,0,0,0,1,0,0,0,1,1
pair-11-case-493,Google Pub/Sub,publish-replay-break,diamond4,4,0,0,0,1,0,0,0,1,1
pair-11-case-494,Google Pub/Sub,publish-replay-break,diamond4,4,0,0,0,1,0,0,0,1,1
pair-11-case-495,Google Pub/Sub,publish-replay-break,diamond4,4,1,26,8,0,1,0,1,1,1
pair-11-case-496,Google Pub/Sub,publish-replay-break,diamond4,4,0,0,0,1,0,0,0,1,1
pair-11-case-497,Google Pub/Sub,publish-replay-break,diamond4,4,0,0,0,1,0,0,0,1,1
pair-11-case-498,Google Pub/Sub,publish-replay-break,diamond4,4,0,0,0,1,0,0,0,1,1
pair-11-case-499,Google Pub/Sub,publish-replay-break,diamond4,4,0,0,0,1,0,0,0,1,1
pair-12-case-000,gRPC Health,status-enum-additive,chain3,0,1,27,6,0,1,1,1,1,1
pair-12-case-001,gRPC Health,status-enum-additive,chain3,1,0,0,0,1,0,0,0,1,1
pair-12-case-002,gRPC Health,status-enum-additive,chain3,1,0,9,0,1,0,0,1,1,1
pair-12-case-003,gRPC Health,status-enum-additive,chain3,1,0,0,0,1,1,1,0,1,1
pair-12-case-004,gRPC Health,status-enum-additive,chain3,1,0,0,0,1,1,1,0,1,1
pair-12-case-005,gRPC Health,status-enum-additive,chain3,1,0,9,0,1,1,0,1,1,1
pair-12-case-006,gRPC Health,status-enum-additive,chain3,1,0,0,0,1,0,0,0,1,1
pair-12-case-007,gRPC Health,status-enum-additive,chain3,1,0,9,0,1,0,0,1,1,1
pair-12-case-008,gRPC Health,status-enum-additive,chain3,1,0,9,0,1,1,1,0,1,1
pair-12-case-009,gRPC Health,status-enum-additive,chain3,1,0,0,0,1,1,1,0,1,1
pair-12-case-010,gRPC Health,status-enum-additive,chain3,1,0,0,0,1,1,1,0,1,1
pair-12-case-011,gRPC Health,status-enum-additive,chain3,1,0,9,0,1,1,0,1,1,1
pair-12-case-012,gRPC Health,status-enum-additive,chain3,1,0,0,0,1,0,0,0,1,1
pair-12-case-013,gRPC Health,status-enum-additive,chain3,1,0,9,0,1,0,0,1,1,1
pair-12-case-014,gRPC Health,status-enum-additive,chain3,1,0,9,0,1,1,1,0,1,1
pair-12-case-015,gRPC Health,status-enum-additive,chain3,1,0,0,0,1,1,1,0,1,1
pair-12-case-016,gRPC Health,status-enum-additive,chain3,1,0,0,0,1,1,1,0,1,1
pair-12-case-017,gRPC Health,status-enum-additive,chain3,1,0,9,0,1,1,0,1,1,1
pair-12-case-018,gRPC Health,status-enum-additive,chain3,1,1,21,6,0,1,0,1,1,1
pair-12-case-019,gRPC Health,status-enum-additive,chain3,1,1,21,6,0,1,0,1,1,1
pair-12-case-020,gRPC Health,status-enum-additive,chain3,1,1,21,6,0,1,0,1,1,1
pair-12-case-021,gRPC Health,status-enum-additive,chain3,1,1,21,6,0,1,0,1,1,1
pair-12-case-022,gRPC Health,status-enum-additive,chain3,2,1,15,6,0,1,0,1,1,1
pair-12-case-023,gRPC Health,status-enum-additive,chain3,2,1,15,6,0,1,0,1,1,1
pair-12-case-024,gRPC Health,status-enum-additive,chain3,2,1,17,6,0,1,0,1,1,1
pair-12-case-025,gRPC Health,status-enum-additive,chain3,3,1,11,6,0,1,0,1,1,1
pair-12-case-026,gRPC Health,status-enum-additive,chain3,4,1,7,6,0,1,0,1,1,1
pair-12-case-027,gRPC Health,status-enum-additive,chain3,3,1,11,6,0,1,0,1,1,1
pair-12-case-028,gRPC Health,status-enum-additive,chain3,2,1,15,6,0,1,0,1,1,1
pair-12-case-029,gRPC Health,status-enum-additive,chain3,2,1,17,6,0,1,0,1,1,1
pair-12-case-030,gRPC Health,status-enum-additive,chain3,2,1,15,6,0,1,0,1,1,1
pair-12-case-031,gRPC Health,status-enum-additive,chain3,3,1,11,6,0,1,0,1,1,1
pair-12-case-032,gRPC Health,status-enum-additive,chain3,3,1,11,6,0,1,0,1,1,1
pair-12-case-033,gRPC Health,status-enum-additive,chain3,3,0,0,0,1,0,0,0,1,1
pair-12-case-034,gRPC Health,status-enum-additive,chain3,4,0,0,0,1,1,0,0,1,1
pair-12-case-035,gRPC Health,status-enum-additive,chain3,3,0,0,0,1,0,0,0,1,1
pair-12-case-036,gRPC Health,status-enum-additive,chain3,3,0,0,0,1,0,0,0,1,1
pair-12-case-037,gRPC Health,status-enum-additive,chain3,4,0,0,0,1,0,0,0,1,1
pair-12-case-038,gRPC Health,status-enum-additive,chain3,4,0,1,0,1,0,0,0,1,1
pair-12-case-039,gRPC Health,status-enum-additive,chain3,4,0,0,0,1,1,0,0,1,1
pair-12-case-040,gRPC Health,status-enum-additive,chain3,4,0,0,0,1,0,0,0,1,1
pair-12-case-041,gRPC Health,status-enum-additive,chain3,4,0,0,0,1,0,0,0,1,1
pair-12-case-042,gRPC Health,status-enum-additive,chain3,3,0,0,0,1,0,0,0,1,1
pair-12-case-043,gRPC Health,status-enum-additive,chain3,2,0,0,0,1,1,1,0,1,1
pair-12-case-044,gRPC Health,status-enum-additive,chain3,4,0,0,0,1,1,0,0,1,1
pair-12-case-045,gRPC Health,status-enum-additive,chain3,4,0,0,0,1,0,0,0,1,1
pair-12-case-046,gRPC Health,status-enum-additive,chain3,3,0,0,0,1,1,0,0,1,1
pair-12-case-047,gRPC Health,status-enum-additive,chain3,3,0,0,0,1,1,1,0,1,1
pair-12-case-048,gRPC Health,status-enum-additive,chain3,4,0,0,0,1,0,0,0,1,1
pair-12-case-049,gRPC Health,status-enum-additive,chain3,3,0,0,0,1,0,0,0,1,1
pair-12-case-050,gRPC Health,status-enum-additive,chain3,4,0,0,0,1,0,0,0,1,1
pair-12-case-051,gRPC Health,status-enum-additive,chain3,4,0,0,0,1,0,0,0,1,1
pair-12-case-052,gRPC Health,status-enum-additive,chain3,3,0,0,0,1,0,0,0,1,1
pair-12-case-053,gRPC Health,status-enum-additive,chain3,4,0,0,0,1,0,0,0,1,1
pair-12-case-054,gRPC Health,status-enum-additive,chain3,4,0,0,0,1,0,0,0,1,1
pair-12-case-055,gRPC Health,status-enum-additive,chain3,4,0,0,0,1,1,0,0,1,1
pair-12-case-056,gRPC Health,status-enum-additive,chain3,4,0,0,0,1,1,0,0,1,1
pair-12-case-057,gRPC Health,status-enum-additive,chain3,4,0,0,0,1,0,0,0,1,1
pair-12-case-058,gRPC Health,status-enum-additive,chain3,4,0,3,0,1,0,0,1,1,1
pair-12-case-059,gRPC Health,status-enum-additive,chain3,4,0,0,0,1,0,0,0,1,1
pair-12-case-060,gRPC Health,status-enum-additive,chain3,3,0,0,0,1,1,0,0,1,1
pair-12-case-061,gRPC Health,status-enum-additive,chain3,3,0,0,0,1,0,0,0,1,1
pair-12-case-062,gRPC Health,status-enum-additive,chain3,4,0,0,0,1,1,0,0,1,1
pair-12-case-063,gRPC Health,status-enum-additive,chain3,4,0,0,0,1,0,0,0,1,1
pair-12-case-064,gRPC Health,status-enum-additive,chain3,3,0,0,0,1,0,0,0,1,1
pair-12-case-065,gRPC Health,status-enum-additive,chain3,4,0,0,0,1,1,0,0,1,1
pair-12-case-066,gRPC Health,status-enum-additive,chain3,2,0,0,0,1,0,0,0,1,1
pair-12-case-067,gRPC Health,status-enum-additive,chain3,4,0,0,0,1,0,0,0,1,1
pair-12-case-068,gRPC Health,status-enum-additive,chain3,3,0,0,0,1,0,0,0,1,1
pair-12-case-069,gRPC Health,status-enum-additive,chain3,4,0,0,0,1,0,0,0,1,1
pair-12-case-070,gRPC Health,status-enum-additive,chain3,4,0,0,0,1,0,0,0,1,1
pair-12-case-071,gRPC Health,status-enum-additive,chain3,3,0,0,0,1,1,0,0,1,1
pair-12-case-072,gRPC Health,status-enum-additive,chain3,2,0,0,0,1,1,0,0,1,1
pair-12-case-073,gRPC Health,status-enum-additive,chain3,4,0,0,0,1,0,0,0,1,1
pair-12-case-074,gRPC Health,status-enum-additive,chain3,4,0,0,0,1,0,0,0,1,1
pair-12-case-075,gRPC Health,status-enum-additive,chain3,4,0,0,0,1,0,0,0,1,1
pair-12-case-076,gRPC Health,status-enum-additive,chain3,4,0,0,0,1,0,0,0,1,1
pair-12-case-077,gRPC Health,status-enum-additive,chain3,4,0,0,0,1,0,0,0,1,1
pair-12-case-078,gRPC Health,status-enum-additive,chain3,4,0,0,0,1,0,0,0,1,1
pair-12-case-079,gRPC Health,status-enum-additive,chain3,2,0,0,0,1,0,0,0,1,1
pair-12-case-080,gRPC Health,status-enum-additive,chain3,4,0,0,0,1,0,0,0,1,1
pair-12-case-081,gRPC Health,status-enum-additive,chain3,4,0,0,0,1,0,0,0,1,1
pair-12-case-082,gRPC Health,status-enum-additive,chain3,4,0,0,0,1,0,0,0,1,1
pair-12-case-083,gRPC Health,status-enum-additive,chain3,4,0,0,0,1,0,0,0,1,1
pair-12-case-084,gRPC Health,status-enum-additive,chain3,3,0,0,0,1,0,0,0,1,1
pair-12-case-085,gRPC Health,status-enum-additive,chain3,3,0,0,0,1,0,0,0,1,1
pair-12-case-086,gRPC Health,status-enum-additive,chain3,4,0,0,0,1,0,0,0,1,1
pair-12-case-087,gRPC Health,status-enum-additive,chain3,4,0,0,0,1,0,0,0,1,1
pair-12-case-088,gRPC Health,status-enum-additive,chain3,3,0,0,0,1,1,0,0,1,1
pair-12-case-089,gRPC Health,status-enum-additive,chain3,4,0,0,0,1,0,0,0,1,1
pair-12-case-090,gRPC Health,status-enum-additive,chain3,3,0,0,0,1,1,0,0,1,1
pair-12-case-091,gRPC Health,status-enum-additive,chain3,4,0,0,0,1,0,0,0,1,1
pair-12-case-092,gRPC Health,status-enum-additive,chain3,4,0,0,0,1,0,0,0,1,1
pair-12-case-093,gRPC Health,status-enum-additive,chain3,4,0,0,0,1,0,0,0,1,1
pair-12-case-094,gRPC Health,status-enum-additive,chain3,3,0,0,0,1,0,0,0,1,1
pair-12-case-095,gRPC Health,status-enum-additive,chain3,3,0,0,0,1,1,0,0,1,1
pair-12-case-096,gRPC Health,status-enum-additive,chain3,4,0,0,0,1,0,0,0,1,1
pair-12-case-097,gRPC Health,status-enum-additive,chain3,4,0,0,0,1,1,0,0,1,1
pair-12-case-098,gRPC Health,status-enum-additive,chain3,4,0,0,0,1,0,0,0,1,1
pair-12-case-099,gRPC Health,status-enum-additive,chain3,4,0,0,0,1,0,0,0,1,1
pair-12-case-100,gRPC Health,status-enum-additive,chain3,4,0,0,0,1,0,0,0,1,1
pair-12-case-101,gRPC Health,status-enum-additive,chain3,4,0,0,0,1,0,0,0,1,1
pair-12-case-102,gRPC Health,status-enum-additive,chain3,4,0,0,0,1,0,0,0,1,1
pair-12-case-103,gRPC Health,status-enum-additive,chain3,3,0,0,0,1,0,0,0,1,1
pair-12-case-104,gRPC Health,status-enum-additive,chain3,4,0,0,0,1,0,0,0,1,1
pair-12-case-105,gRPC Health,status-enum-additive,chain3,4,0,0,0,1,1,0,0,1,1
pair-12-case-106,gRPC Health,status-enum-additive,chain3,4,0,0,0,1,1,0,0,1,1
pair-12-case-107,gRPC Health,status-enum-additive,chain3,4,0,2,0,1,0,0,0,1,1
pair-12-case-108,gRPC Health,status-enum-additive,chain3,4,0,0,0,1,0,0,0,1,1
pair-12-case-109,gRPC Health,status-enum-additive,chain3,3,0,0,0,1,0,0,0,1,1
pair-12-case-110,gRPC Health,status-enum-additive,chain3,4,0,0,0,1,0,0,0,1,1
pair-12-case-111,gRPC Health,status-enum-additive,chain3,4,0,0,0,1,0,0,0,1,1
pair-12-case-112,gRPC Health,status-enum-additive,chain3,4,0,0,0,1,0,0,0,1,1
pair-12-case-113,gRPC Health,status-enum-additive,chain3,4,0,0,0,1,0,0,0,1,1
pair-12-case-114,gRPC Health,status-enum-additive,chain3,4,0,0,0,1,0,0,0,1,1
pair-12-case-115,gRPC Health,status-enum-additive,chain3,4,0,0,0,1,0,0,0,1,1
pair-12-case-116,gRPC Health,status-enum-additive,chain3,4,0,0,0,1,1,0,0,1,1
pair-12-case-117,gRPC Health,status-enum-additive,chain3,2,0,9,0,1,0,0,1,1,1
pair-12-case-118,gRPC Health,status-enum-additive,chain3,4,0,0,0,1,0,0,0,1,1
pair-12-case-119,gRPC Health,status-enum-additive,chain3,4,0,0,0,1,1,0,0,1,1
pair-12-case-120,gRPC Health,status-enum-additive,chain3,4,0,0,0,1,0,0,0,1,1
pair-12-case-121,gRPC Health,status-enum-additive,chain3,4,0,1,0,1,0,0,1,1,1
pair-12-case-122,gRPC Health,status-enum-additive,chain3,4,0,2,0,1,1,0,0,1,1
pair-12-case-123,gRPC Health,status-enum-additive,chain3,3,0,0,0,1,0,0,0,1,1
pair-12-case-124,gRPC Health,status-enum-additive,chain3,4,0,0,0,1,0,0,0,1,1
pair-12-case-125,gRPC Health,status-enum-additive,chain3,4,0,0,0,1,0,0,0,1,1
pair-12-case-126,gRPC Health,status-enum-additive,chain3,3,0,0,0,1,0,0,0,1,1
pair-12-case-127,gRPC Health,status-enum-additive,chain3,4,0,0,0,1,1,0,0,1,1
pair-12-case-128,gRPC Health,status-enum-additive,chain3,4,0,0,0,1,1,0,0,1,1
pair-12-case-129,gRPC Health,status-enum-additive,chain3,4,0,0,0,1,1,0,0,1,1
pair-12-case-130,gRPC Health,status-enum-additive,chain3,4,0,0,0,1,0,0,0,1,1
pair-12-case-131,gRPC Health,status-enum-additive,chain3,4,0,0,0,1,1,0,0,1,1
pair-12-case-132,gRPC Health,status-enum-additive,chain3,4,0,0,0,1,0,0,0,1,1
pair-12-case-133,gRPC Health,status-enum-additive,chain3,4,0,0,0,1,1,0,0,1,1
pair-12-case-134,gRPC Health,status-enum-additive,chain3,4,0,0,0,1,1,1,0,1,1
pair-12-case-135,gRPC Health,status-enum-additive,chain3,3,0,0,0,1,0,0,0,1,1
pair-12-case-136,gRPC Health,status-enum-additive,chain3,4,0,0,0,1,0,0,0,1,1
pair-12-case-137,gRPC Health,status-enum-additive,chain3,4,0,0,0,1,0,0,0,1,1
pair-12-case-138,gRPC Health,status-enum-additive,chain3,4,0,3,0,1,0,0,1,1,1
pair-12-case-139,gRPC Health,status-enum-additive,chain3,4,0,0,0,1,0,0,0,1,1
pair-12-case-140,gRPC Health,status-enum-additive,chain3,4,0,0,0,1,0,0,0,1,1
pair-12-case-141,gRPC Health,status-enum-additive,chain3,4,0,0,0,1,0,0,0,1,1
pair-12-case-142,gRPC Health,status-enum-additive,chain3,4,0,3,0,1,0,0,1,1,1
pair-12-case-143,gRPC Health,status-enum-additive,chain3,4,0,0,0,1,0,0,0,1,1
pair-12-case-144,gRPC Health,status-enum-additive,chain3,3,0,0,0,1,0,0,0,1,1
pair-12-case-145,gRPC Health,status-enum-additive,chain3,4,0,0,0,1,1,0,0,1,1
pair-12-case-146,gRPC Health,status-enum-additive,chain3,2,0,0,0,1,0,0,0,1,1
pair-12-case-147,gRPC Health,status-enum-additive,chain3,3,0,0,0,1,1,0,0,1,1
pair-12-case-148,gRPC Health,status-enum-additive,chain3,4,0,0,0,1,0,0,0,1,1
pair-12-case-149,gRPC Health,status-enum-additive,chain3,3,0,0,0,1,1,0,0,1,1
pair-12-case-150,gRPC Health,status-enum-additive,chain3,3,0,0,0,1,1,1,0,1,1
pair-12-case-151,gRPC Health,status-enum-additive,chain3,4,0,0,0,1,1,0,0,1,1
pair-12-case-152,gRPC Health,status-enum-additive,chain3,4,0,0,0,1,0,0,0,1,1
pair-12-case-153,gRPC Health,status-enum-additive,chain3,3,0,6,0,1,1,0,1,1,1
pair-12-case-154,gRPC Health,status-enum-additive,chain3,4,0,0,0,1,1,0,0,1,1
pair-12-case-155,gRPC Health,status-enum-additive,chain3,4,0,0,0,1,0,0,0,1,1
pair-12-case-156,gRPC Health,status-enum-additive,chain3,4,0,0,0,1,0,0,0,1,1
pair-12-case-157,gRPC Health,status-enum-additive,chain3,4,0,0,0,1,1,0,0,1,1
pair-12-case-158,gRPC Health,status-enum-additive,chain3,3,0,0,0,1,0,0,0,1,1
pair-12-case-159,gRPC Health,status-enum-additive,chain3,4,0,0,0,1,1,0,0,1,1
pair-12-case-160,gRPC Health,status-enum-additive,chain3,3,0,0,0,1,0,0,0,1,1
pair-12-case-161,gRPC Health,status-enum-additive,chain3,3,0,3,0,1,0,0,0,1,1
pair-12-case-162,gRPC Health,status-enum-additive,chain3,4,0,0,0,1,1,0,0,1,1
pair-12-case-163,gRPC Health,status-enum-additive,chain3,4,0,0,0,1,1,0,0,1,1
pair-12-case-164,gRPC Health,status-enum-additive,chain3,4,0,0,0,1,1,0,0,1,1
pair-12-case-165,gRPC Health,status-enum-additive,chain3,4,0,0,0,1,0,0,0,1,1
pair-12-case-166,gRPC Health,status-enum-additive,chain3,3,0,0,0,1,0,0,0,1,1
pair-12-case-167,gRPC Health,status-enum-additive,chain3,4,0,0,0,1,0,0,0,1,1
pair-12-case-168,gRPC Health,status-enum-additive,chain3,4,0,0,0,1,0,0,0,1,1
pair-12-case-169,gRPC Health,status-enum-additive,chain3,4,0,0,0,1,0,0,0,1,1
pair-12-case-170,gRPC Health,status-enum-additive,chain3,4,0,0,0,1,1,0,0,1,1
pair-12-case-171,gRPC Health,status-enum-additive,chain3,4,0,0,0,1,0,0,0,1,1
pair-12-case-172,gRPC Health,status-enum-additive,chain3,4,0,0,0,1,0,0,0,1,1
pair-12-case-173,gRPC Health,status-enum-additive,chain3,4,0,0,0,1,0,0,0,1,1
pair-12-case-174,gRPC Health,status-enum-additive,chain3,4,0,0,0,1,0,0,0,1,1
pair-12-case-175,gRPC Health,status-enum-additive,chain3,4,0,0,0,1,0,0,0,1,1
pair-12-case-176,gRPC Health,status-enum-additive,chain3,4,0,0,0,1,0,0,0,1,1
pair-12-case-177,gRPC Health,status-enum-additive,chain3,4,0,0,0,1,1,0,0,1,1
pair-12-case-178,gRPC Health,status-enum-additive,chain3,4,0,0,0,1,0,0,0,1,1
pair-12-case-179,gRPC Health,status-enum-additive,chain3,4,0,0,0,1,0,0,0,1,1
pair-12-case-180,gRPC Health,status-enum-additive,chain3,4,0,0,0,1,0,0,0,1,1
pair-12-case-181,gRPC Health,status-enum-additive,chain3,4,0,0,0,1,0,0,0,1,1
pair-12-case-182,gRPC Health,status-enum-additive,chain3,4,0,0,0,1,0,0,0,1,1
pair-12-case-183,gRPC Health,status-enum-additive,chain3,4,0,0,0,1,0,0,0,1,1
pair-12-case-184,gRPC Health,status-enum-additive,chain3,4,0,0,0,1,0,0,0,1,1
pair-12-case-185,gRPC Health,status-enum-additive,chain3,4,0,0,0,1,0,0,0,1,1
pair-12-case-186,gRPC Health,status-enum-additive,chain3,4,0,2,0,1,0,0,1,1,1
pair-12-case-187,gRPC Health,status-enum-additive,chain3,4,0,0,0,1,0,0,0,1,1
pair-12-case-188,gRPC Health,status-enum-additive,chain3,4,0,3,0,1,0,0,0,1,1
pair-12-case-189,gRPC Health,status-enum-additive,chain3,4,0,0,0,1,1,0,0,1,1
pair-12-case-190,gRPC Health,status-enum-additive,chain3,4,0,0,0,1,0,0,0,1,1
pair-12-case-191,gRPC Health,status-enum-additive,chain3,4,0,0,0,1,0,0,0,1,1
pair-12-case-192,gRPC Health,status-enum-additive,chain3,4,0,0,0,1,0,0,0,1,1
pair-12-case-193,gRPC Health,status-enum-additive,chain3,4,0,0,0,1,1,0,0,1,1
pair-12-case-194,gRPC Health,status-enum-additive,chain3,3,0,0,0,1,0,0,0,1,1
pair-12-case-195,gRPC Health,status-enum-additive,chain3,4,0,0,0,1,0,0,0,1,1
pair-12-case-196,gRPC Health,status-enum-additive,chain3,4,0,1,0,1,0,0,0,1,1
pair-12-case-197,gRPC Health,status-enum-additive,chain3,4,0,0,0,1,0,0,0,1,1
pair-12-case-198,gRPC Health,status-enum-additive,chain3,4,0,0,0,1,0,0,0,1,1
pair-12-case-199,gRPC Health,status-enum-additive,chain3,3,0,3,0,1,1,0,0,1,1
pair-12-case-200,gRPC Health,status-enum-additive,chain3,4,0,0,0,1,0,0,0,1,1
pair-12-case-201,gRPC Health,status-enum-additive,chain3,4,0,0,0,1,0,0,0,1,1
pair-12-case-202,gRPC Health,status-enum-additive,chain3,4,0,0,0,1,0,0,0,1,1
pair-12-case-203,gRPC Health,status-enum-additive,chain3,4,0,0,0,1,0,0,0,1,1
pair-12-case-204,gRPC Health,status-enum-additive,chain3,4,0,0,0,1,0,0,0,1,1
pair-12-case-205,gRPC Health,status-enum-additive,chain3,4,0,0,0,1,0,0,0,1,1
pair-12-case-206,gRPC Health,status-enum-additive,chain3,3,0,3,0,1,1,0,0,1,1
pair-12-case-207,gRPC Health,status-enum-additive,chain3,4,0,0,0,1,0,0,0,1,1
pair-12-case-208,gRPC Health,status-enum-additive,chain3,4,0,0,0,1,0,0,0,1,1
pair-12-case-209,gRPC Health,status-enum-additive,chain3,4,0,0,0,1,0,0,0,1,1
pair-12-case-210,gRPC Health,status-enum-additive,chain3,4,0,0,0,1,0,0,0,1,1
pair-12-case-211,gRPC Health,status-enum-additive,chain3,4,0,0,0,1,0,0,0,1,1
pair-12-case-212,gRPC Health,status-enum-additive,chain3,4,0,0,0,1,0,0,0,1,1
pair-12-case-213,gRPC Health,status-enum-additive,chain3,3,0,3,0,1,1,0,0,1,1
pair-12-case-214,gRPC Health,status-enum-additive,chain3,4,0,0,0,1,0,0,0,1,1
pair-12-case-215,gRPC Health,status-enum-additive,chain3,4,0,0,0,1,0,0,0,1,1
pair-12-case-216,gRPC Health,status-enum-additive,chain3,4,0,0,0,1,0,0,0,1,1
pair-12-case-217,gRPC Health,status-enum-additive,chain3,3,0,3,0,1,1,0,0,1,1
pair-12-case-218,gRPC Health,status-enum-additive,chain3,3,0,0,0,1,1,0,0,1,1
pair-12-case-219,gRPC Health,status-enum-additive,chain3,4,0,0,0,1,0,0,0,1,1
pair-12-case-220,gRPC Health,status-enum-additive,chain3,3,0,0,0,1,1,1,0,1,1
pair-12-case-221,gRPC Health,status-enum-additive,chain3,4,0,0,0,1,0,0,0,1,1
pair-12-case-222,gRPC Health,status-enum-additive,chain3,4,0,0,0,1,0,0,0,1,1
pair-12-case-223,gRPC Health,status-enum-additive,chain3,4,0,0,0,1,0,0,0,1,1
pair-12-case-224,gRPC Health,status-enum-additive,chain3,3,0,0,0,1,0,0,0,1,1
pair-12-case-225,gRPC Health,status-enum-additive,chain3,4,0,0,0,1,0,0,0,1,1
pair-12-case-226,gRPC Health,status-enum-additive,chain3,3,0,0,0,1,1,0,0,1,1
pair-12-case-227,gRPC Health,status-enum-additive,chain3,4,0,0,0,1,0,0,0,1,1
pair-12-case-228,gRPC Health,status-enum-additive,chain3,4,0,0,0,1,0,0,0,1,1
pair-12-case-229,gRPC Health,status-enum-additive,chain3,4,0,0,0,1,0,0,0,1,1
pair-12-case-230,gRPC Health,status-enum-additive,chain3,4,0,0,0,1,0,0,0,1,1
pair-12-case-231,gRPC Health,status-enum-additive,chain3,4,0,2,0,1,0,0,1,1,1
pair-12-case-232,gRPC Health,status-enum-additive,chain3,4,0,0,0,1,1,0,0,1,1
pair-12-case-233,gRPC Health,status-enum-additive,chain3,4,0,0,0,1,0,0,0,1,1
pair-12-case-234,gRPC Health,status-enum-additive,chain3,4,0,0,0,1,0,0,0,1,1
pair-12-case-235,gRPC Health,status-enum-additive,chain3,4,0,0,0,1,0,0,0,1,1
pair-12-case-236,gRPC Health,status-enum-additive,chain3,3,0,2,0,1,0,0,1,1,1
pair-12-case-237,gRPC Health,status-enum-additive,chain3,3,0,0,0,1,0,0,0,1,1
pair-12-case-238,gRPC Health,status-enum-additive,chain3,3,0,0,0,1,0,0,0,1,1
pair-12-case-239,gRPC Health,status-enum-additive,chain3,4,0,0,0,1,0,0,0,1,1
pair-12-case-240,gRPC Health,status-enum-additive,chain3,4,0,0,0,1,0,0,0,1,1
pair-12-case-241,gRPC Health,status-enum-additive,chain3,4,0,1,0,1,0,0,1,1,1
pair-12-case-242,gRPC Health,status-enum-additive,chain3,4,0,0,0,1,1,0,0,1,1
pair-12-case-243,gRPC Health,status-enum-additive,chain3,3,0,0,0,1,0,0,0,1,1
pair-12-case-244,gRPC Health,status-enum-additive,chain3,3,0,0,0,1,1,0,0,1,1
pair-12-case-245,gRPC Health,status-enum-additive,chain3,4,0,0,0,1,0,0,0,1,1
pair-12-case-246,gRPC Health,status-enum-additive,chain3,4,0,0,0,1,0,0,0,1,1
pair-12-case-247,gRPC Health,status-enum-additive,chain3,4,0,0,0,1,0,0,0,1,1
pair-12-case-248,gRPC Health,status-enum-additive,chain3,3,0,0,0,1,1,0,0,1,1
pair-12-case-249,gRPC Health,status-enum-additive,chain3,4,0,3,0,1,0,0,0,1,1
pair-12-case-250,gRPC Health,status-enum-additive,chain3,4,0,0,0,1,0,0,0,1,1
pair-12-case-251,gRPC Health,status-enum-additive,chain3,4,0,1,0,1,0,0,0,1,1
pair-12-case-252,gRPC Health,status-enum-additive,chain3,4,0,0,0,1,0,0,0,1,1
pair-12-case-253,gRPC Health,status-enum-additive,chain3,4,0,0,0,1,1,0,0,1,1
pair-12-case-254,gRPC Health,status-enum-additive,chain3,4,0,0,0,1,0,0,0,1,1
pair-12-case-255,gRPC Health,status-enum-additive,chain3,4,0,0,0,1,0,0,0,1,1
pair-12-case-256,gRPC Health,status-enum-additive,chain3,4,0,0,0,1,0,0,0,1,1
pair-12-case-257,gRPC Health,status-enum-additive,chain3,4,0,0,0,1,0,0,0,1,1
pair-12-case-258,gRPC Health,status-enum-additive,chain3,3,0,3,0,1,0,0,1,1,1
pair-12-case-259,gRPC Health,status-enum-additive,chain3,4,0,0,0,1,0,0,0,1,1
pair-12-case-260,gRPC Health,status-enum-additive,chain3,4,0,0,0,1,0,0,0,1,1
pair-12-case-261,gRPC Health,status-enum-additive,chain3,4,0,0,0,1,0,0,0,1,1
pair-12-case-262,gRPC Health,status-enum-additive,chain3,4,0,0,0,1,0,0,0,1,1
pair-12-case-263,gRPC Health,status-enum-additive,chain3,3,0,0,0,1,0,0,0,1,1
pair-12-case-264,gRPC Health,status-enum-additive,chain3,4,0,0,0,1,1,0,0,1,1
pair-12-case-265,gRPC Health,status-enum-additive,chain3,4,0,0,0,1,0,0,0,1,1
pair-12-case-266,gRPC Health,status-enum-additive,chain3,4,0,0,0,1,0,0,0,1,1
pair-12-case-267,gRPC Health,status-enum-additive,chain3,4,0,0,0,1,0,0,0,1,1
pair-12-case-268,gRPC Health,status-enum-additive,chain3,4,0,0,0,1,1,0,0,1,1
pair-12-case-269,gRPC Health,status-enum-additive,chain3,4,0,0,0,1,1,0,0,1,1
pair-12-case-270,gRPC Health,status-enum-additive,chain3,4,0,0,0,1,0,0,0,1,1
pair-12-case-271,gRPC Health,status-enum-additive,chain3,2,0,7,0,1,1,0,1,1,1
pair-12-case-272,gRPC Health,status-enum-additive,chain3,3,0,0,0,1,0,0,0,1,1
pair-12-case-273,gRPC Health,status-enum-additive,chain3,4,0,0,0,1,0,0,0,1,1
pair-12-case-274,gRPC Health,status-enum-additive,chain3,4,0,0,0,1,0,0,0,1,1
pair-12-case-275,gRPC Health,status-enum-additive,chain3,4,0,0,0,1,0,0,0,1,1
pair-12-case-276,gRPC Health,status-enum-additive,chain3,4,0,2,0,1,1,0,1,1,1
pair-12-case-277,gRPC Health,status-enum-additive,chain3,4,0,0,0,1,0,0,0,1,1
pair-12-case-278,gRPC Health,status-enum-additive,chain3,4,0,0,0,1,1,0,0,1,1
pair-12-case-279,gRPC Health,status-enum-additive,chain3,4,0,0,0,1,0,0,0,1,1
pair-12-case-280,gRPC Health,status-enum-additive,chain3,4,0,0,0,1,0,0,0,1,1
pair-12-case-281,gRPC Health,status-enum-additive,chain3,3,0,3,0,1,1,0,1,1,1
pair-12-case-282,gRPC Health,status-enum-additive,chain3,3,0,0,0,1,0,0,0,1,1
pair-12-case-283,gRPC Health,status-enum-additive,chain3,4,0,0,0,1,0,0,0,1,1
pair-12-case-284,gRPC Health,status-enum-additive,chain3,4,0,0,0,1,0,0,0,1,1
pair-12-case-285,gRPC Health,status-enum-additive,chain3,4,0,0,0,1,0,0,0,1,1
pair-12-case-286,gRPC Health,status-enum-additive,chain3,4,0,2,0,1,0,0,0,1,1
pair-12-case-287,gRPC Health,status-enum-additive,chain3,4,0,0,0,1,0,0,0,1,1
pair-12-case-288,gRPC Health,status-enum-additive,chain3,4,0,0,0,1,1,0,0,1,1
pair-12-case-289,gRPC Health,status-enum-additive,chain3,3,0,9,0,1,0,0,1,1,1
pair-12-case-290,gRPC Health,status-enum-additive,chain3,4,0,0,0,1,0,0,0,1,1
pair-12-case-291,gRPC Health,status-enum-additive,chain3,3,0,0,0,1,1,1,0,1,1
pair-12-case-292,gRPC Health,status-enum-additive,chain3,4,0,0,0,1,0,0,0,1,1
pair-12-case-293,gRPC Health,status-enum-additive,chain3,3,0,0,0,1,0,0,0,1,1
pair-12-case-294,gRPC Health,status-enum-additive,chain3,3,0,0,0,1,1,0,0,1,1
pair-12-case-295,gRPC Health,status-enum-additive,chain3,4,0,0,0,1,1,0,0,1,1
pair-12-case-296,gRPC Health,status-enum-additive,chain3,3,0,0,0,1,1,0,0,1,1
pair-12-case-297,gRPC Health,status-enum-additive,chain3,4,0,0,0,1,1,0,0,1,1
pair-12-case-298,gRPC Health,status-enum-additive,chain3,4,0,0,0,1,1,1,0,1,1
pair-12-case-299,gRPC Health,status-enum-additive,chain3,4,0,0,0,1,0,0,0,1,1
pair-12-case-300,gRPC Health,status-enum-additive,chain3,4,0,0,0,1,0,0,0,1,1
pair-12-case-301,gRPC Health,status-enum-additive,chain3,4,0,0,0,1,0,0,0,1,1
pair-12-case-302,gRPC Health,status-enum-additive,chain3,2,0,6,0,1,1,0,0,1,1
pair-12-case-303,gRPC Health,status-enum-additive,chain3,3,0,0,0,1,0,0,0,1,1
pair-12-case-304,gRPC Health,status-enum-additive,chain3,4,0,0,0,1,1,0,0,1,1
pair-12-case-305,gRPC Health,status-enum-additive,chain3,4,0,0,0,1,0,0,0,1,1
pair-12-case-306,gRPC Health,status-enum-additive,chain3,4,0,0,0,1,1,0,0,1,1
pair-12-case-307,gRPC Health,status-enum-additive,chain3,3,0,0,0,1,1,0,0,1,1
pair-12-case-308,gRPC Health,status-enum-additive,chain3,4,0,0,0,1,0,0,0,1,1
pair-12-case-309,gRPC Health,status-enum-additive,chain3,4,0,0,0,1,1,0,0,1,1
pair-12-case-310,gRPC Health,status-enum-additive,chain3,4,0,0,0,1,1,0,0,1,1
pair-12-case-311,gRPC Health,status-enum-additive,chain3,3,0,0,0,1,0,0,0,1,1
pair-12-case-312,gRPC Health,status-enum-additive,chain3,4,0,0,0,1,0,0,0,1,1
pair-12-case-313,gRPC Health,status-enum-additive,chain3,4,0,0,0,1,0,0,0,1,1
pair-12-case-314,gRPC Health,status-enum-additive,chain3,3,0,0,0,1,1,0,0,1,1
pair-12-case-315,gRPC Health,status-enum-additive,chain3,4,0,0,0,1,0,0,0,1,1
pair-12-case-316,gRPC Health,status-enum-additive,chain3,4,0,0,0,1,0,0,0,1,1
pair-12-case-317,gRPC Health,status-enum-additive,chain3,4,0,0,0,1,1,0,0,1,1
pair-12-case-318,gRPC Health,status-enum-additive,chain3,4,0,0,0,1,0,0,0,1,1
pair-12-case-319,gRPC Health,status-enum-additive,chain3,4,0,0,0,1,1,0,0,1,1
pair-12-case-320,gRPC Health,status-enum-additive,chain3,4,0,0,0,1,0,0,0,1,1
pair-12-case-321,gRPC Health,status-enum-additive,chain3,4,0,0,0,1,0,0,0,1,1
pair-12-case-322,gRPC Health,status-enum-additive,chain3,4,0,0,0,1,0,0,0,1,1
pair-12-case-323,gRPC Health,status-enum-additive,chain3,4,0,0,0,1,0,0,0,1,1
pair-12-case-324,gRPC Health,status-enum-additive,chain3,4,0,3,0,1,1,0,0,1,1
pair-12-case-325,gRPC Health,status-enum-additive,chain3,4,0,0,0,1,0,0,0,1,1
pair-12-case-326,gRPC Health,status-enum-additive,chain3,4,0,0,0,1,0,0,0,1,1
pair-12-case-327,gRPC Health,status-enum-additive,chain3,4,0,0,0,1,0,0,0,1,1
pair-12-case-328,gRPC Health,status-enum-additive,chain3,3,0,3,0,1,1,0,1,1,1
pair-12-case-329,gRPC Health,status-enum-additive,chain3,4,0,0,0,1,0,0,0,1,1
pair-12-case-330,gRPC Health,status-enum-additive,chain3,4,0,0,0,1,1,0,0,1,1
pair-12-case-331,gRPC Health,status-enum-additive,chain3,4,0,0,0,1,0,0,0,1,1
pair-12-case-332,gRPC Health,status-enum-additive,chain3,4,0,0,0,1,1,0,0,1,1
pair-12-case-333,gRPC Health,status-enum-additive,chain3,4,0,0,0,1,0,0,0,1,1
pair-12-case-334,gRPC Health,status-enum-additive,chain3,4,0,0,0,1,0,0,0,1,1
pair-12-case-335,gRPC Health,status-enum-additive,chain3,3,0,0,0,1,1,0,0,1,1
pair-12-case-336,gRPC Health,status-enum-additive,chain3,3,0,0,0,1,1,0,0,1,1
pair-12-case-337,gRPC Health,status-enum-additive,chain3,3,0,1,0,1,0,0,1,1,1
pair-12-case-338,gRPC Health,status-enum-additive,chain3,3,0,0,0,1,0,0,0,1,1
pair-12-case-339,gRPC Health,status-enum-additive,chain3,4,0,0,0,1,0,0,0,1,1
pair-12-case-340,gRPC Health,status-enum-additive,chain3,4,0,0,0,1,0,0,0,1,1
pair-12-case-341,gRPC Health,status-enum-additive,chain3,4,0,0,0,1,1,0,0,1,1
pair-12-case-342,gRPC Health,status-enum-additive,chain3,4,0,0,0,1,1,0,0,1,1
pair-12-case-343,gRPC Health,status-enum-additive,chain3,4,0,0,0,1,0,0,0,1,1
pair-12-case-344,gRPC Health,status-enum-additive,chain3,4,0,0,0,1,0,0,0,1,1
pair-12-case-345,gRPC Health,status-enum-additive,chain3,4,0,0,0,1,0,0,0,1,1
pair-12-case-346,gRPC Health,status-enum-additive,chain3,4,0,0,0,1,0,0,0,1,1
pair-12-case-347,gRPC Health,status-enum-additive,chain3,4,0,0,0,1,0,0,0,1,1
pair-12-case-348,gRPC Health,status-enum-additive,chain3,4,0,0,0,1,0,0,0,1,1
pair-12-case-349,gRPC Health,status-enum-additive,chain3,2,0,0,0,1,0,0,0,1,1
pair-12-case-350,gRPC Health,status-enum-additive,chain3,4,0,5,0,1,0,0,1,1,1
pair-12-case-351,gRPC Health,status-enum-additive,chain3,3,0,9,0,1,0,0,0,1,1
pair-12-case-352,gRPC Health,status-enum-additive,chain3,4,0,0,0,1,0,0,0,1,1
pair-12-case-353,gRPC Health,status-enum-additive,chain3,4,0,0,0,1,0,0,0,1,1
pair-12-case-354,gRPC Health,status-enum-additive,chain3,4,0,0,0,1,0,0,0,1,1
pair-12-case-355,gRPC Health,status-enum-additive,chain3,4,0,0,0,1,1,0,0,1,1
pair-12-case-356,gRPC Health,status-enum-additive,chain3,3,0,0,0,1,0,0,0,1,1
pair-12-case-357,gRPC Health,status-enum-additive,chain3,4,0,0,0,1,0,0,0,1,1
pair-12-case-358,gRPC Health,status-enum-additive,chain3,4,0,0,0,1,1,0,0,1,1
pair-12-case-359,gRPC Health,status-enum-additive,chain3,4,0,0,0,1,0,0,0,1,1
pair-12-case-360,gRPC Health,status-enum-additive,chain3,3,0,0,0,1,1,0,0,1,1
pair-12-case-361,gRPC Health,status-enum-additive,chain3,4,0,0,0,1,1,0,0,1,1
pair-12-case-362,gRPC Health,status-enum-additive,chain3,4,0,0,0,1,0,0,0,1,1
pair-12-case-363,gRPC Health,status-enum-additive,chain3,4,0,0,0,1,0,0,0,1,1
pair-12-case-364,gRPC Health,status-enum-additive,chain3,3,0,0,0,1,1,0,0,1,1
pair-12-case-365,gRPC Health,status-enum-additive,chain3,4,0,0,0,1,0,0,0,1,1
pair-12-case-366,gRPC Health,status-enum-additive,chain3,4,0,0,0,1,1,0,0,1,1
pair-12-case-367,gRPC Health,status-enum-additive,chain3,4,0,0,0,1,0,0,0,1,1
pair-12-case-368,gRPC Health,status-enum-additive,chain3,4,0,0,0,1,0,0,0,1,1
pair-12-case-369,gRPC Health,status-enum-additive,chain3,4,0,0,0,1,0,0,0,1,1
pair-12-case-370,gRPC Health,status-enum-additive,chain3,4,0,0,0,1,0,0,0,1,1
pair-12-case-371,gRPC Health,status-enum-additive,chain3,4,0,0,0,1,1,0,0,1,1
pair-12-case-372,gRPC Health,status-enum-additive,chain3,4,0,0,0,1,0,0,0,1,1
pair-12-case-373,gRPC Health,status-enum-additive,chain3,2,0,3,0,1,0,0,1,1,1
pair-12-case-374,gRPC Health,status-enum-additive,chain3,4,0,0,0,1,0,0,0,1,1
pair-12-case-375,gRPC Health,status-enum-additive,chain3,2,0,9,0,1,1,0,1,1,1
pair-12-case-376,gRPC Health,status-enum-additive,chain3,3,0,0,0,1,1,1,0,1,1
pair-12-case-377,gRPC Health,status-enum-additive,chain3,4,0,0,0,1,1,0,0,1,1
pair-12-case-378,gRPC Health,status-enum-additive,chain3,4,0,0,0,1,0,0,0,1,1
pair-12-case-379,gRPC Health,status-enum-additive,chain3,4,0,0,0,1,0,0,0,1,1
pair-12-case-380,gRPC Health,status-enum-additive,chain3,4,0,0,0,1,0,0,0,1,1
pair-12-case-381,gRPC Health,status-enum-additive,chain3,4,0,0,0,1,0,0,0,1,1
pair-12-case-382,gRPC Health,status-enum-additive,chain3,4,0,0,0,1,1,0,0,1,1
pair-12-case-383,gRPC Health,status-enum-additive,chain3,4,0,0,0,1,1,0,0,1,1
pair-12-case-384,gRPC Health,status-enum-additive,chain3,4,0,0,0,1,0,0,0,1,1
pair-12-case-385,gRPC Health,status-enum-additive,chain3,4,0,0,0,1,1,0,0,1,1
pair-12-case-386,gRPC Health,status-enum-additive,chain3,3,0,3,0,1,1,0,1,1,1
pair-12-case-387,gRPC Health,status-enum-additive,chain3,4,0,0,0,1,0,0,0,1,1
pair-12-case-388,gRPC Health,status-enum-additive,chain3,4,0,0,0,1,0,0,0,1,1
pair-12-case-389,gRPC Health,status-enum-additive,chain3,3,0,0,0,1,0,0,0,1,1
pair-12-case-390,gRPC Health,status-enum-additive,chain3,4,0,0,0,1,1,0,0,1,1
pair-12-case-391,gRPC Health,status-enum-additive,chain3,3,0,3,0,1,1,0,1,1,1
pair-12-case-392,gRPC Health,status-enum-additive,chain3,4,0,0,0,1,0,0,0,1,1
pair-12-case-393,gRPC Health,status-enum-additive,chain3,4,0,0,0,1,0,0,0,1,1
pair-12-case-394,gRPC Health,status-enum-additive,chain3,4,0,0,0,1,1,0,0,1,1
pair-12-case-395,gRPC Health,status-enum-additive,chain3,4,0,0,0,1,1,0,0,1,1
pair-12-case-396,gRPC Health,status-enum-additive,chain3,4,0,0,0,1,0,0,0,1,1
pair-12-case-397,gRPC Health,status-enum-additive,chain3,4,0,0,0,1,0,0,0,1,1
pair-12-case-398,gRPC Health,status-enum-additive,chain3,4,0,0,0,1,0,0,0,1,1
pair-12-case-399,gRPC Health,status-enum-additive,chain3,4,0,0,0,1,0,0,0,1,1
pair-12-case-400,gRPC Health,status-enum-additive,chain3,4,0,0,0,1,1,0,0,1,1
pair-12-case-401,gRPC Health,status-enum-additive,chain3,4,0,0,0,1,1,0,0,1,1
pair-12-case-402,gRPC Health,status-enum-additive,chain3,4,0,3,0,1,1,0,0,1,1
pair-12-case-403,gRPC Health,status-enum-additive,chain3,4,0,0,0,1,1,0,0,1,1
pair-12-case-404,gRPC Health,status-enum-additive,chain3,4,0,0,0,1,0,0,0,1,1
pair-12-case-405,gRPC Health,status-enum-additive,chain3,4,0,0,0,1,0,0,0,1,1
pair-12-case-406,gRPC Health,status-enum-additive,chain3,4,0,0,0,1,0,0,0,1,1
pair-12-case-407,gRPC Health,status-enum-additive,chain3,4,0,0,0,1,0,0,0,1,1
pair-12-case-408,gRPC Health,status-enum-additive,chain3,4,0,0,0,1,0,0,0,1,1
pair-12-case-409,gRPC Health,status-enum-additive,chain3,4,0,0,0,1,1,0,0,1,1
pair-12-case-410,gRPC Health,status-enum-additive,chain3,4,0,0,0,1,1,0,0,1,1
pair-12-case-411,gRPC Health,status-enum-additive,chain3,4,0,0,0,1,0,0,0,1,1
pair-12-case-412,gRPC Health,status-enum-additive,chain3,4,0,1,0,1,0,0,0,1,1
pair-12-case-413,gRPC Health,status-enum-additive,chain3,4,0,0,0,1,0,0,0,1,1
pair-12-case-414,gRPC Health,status-enum-additive,chain3,4,0,0,0,1,0,0,0,1,1
pair-12-case-415,gRPC Health,status-enum-additive,chain3,3,0,0,0,1,0,0,0,1,1
pair-12-case-416,gRPC Health,status-enum-additive,chain3,4,0,0,0,1,0,0,0,1,1
pair-12-case-417,gRPC Health,status-enum-additive,chain3,4,0,0,0,1,0,0,0,1,1
pair-12-case-418,gRPC Health,status-enum-additive,chain3,4,0,0,0,1,0,0,0,1,1
pair-12-case-419,gRPC Health,status-enum-additive,chain3,3,0,0,0,1,0,0,0,1,1
pair-12-case-420,gRPC Health,status-enum-additive,chain3,3,0,0,0,1,0,0,0,1,1
pair-12-case-421,gRPC Health,status-enum-additive,chain3,4,0,0,0,1,0,0,0,1,1
pair-12-case-422,gRPC Health,status-enum-additive,chain3,3,0,0,0,1,0,0,0,1,1
pair-12-case-423,gRPC Health,status-enum-additive,chain3,4,0,0,0,1,1,0,0,1,1
pair-12-case-424,gRPC Health,status-enum-additive,chain3,4,0,0,0,1,0,0,0,1,1
pair-12-case-425,gRPC Health,status-enum-additive,chain3,4,0,0,0,1,0,0,0,1,1
pair-12-case-426,gRPC Health,status-enum-additive,chain3,4,0,0,0,1,0,0,0,1,1
pair-12-case-427,gRPC Health,status-enum-additive,chain3,4,0,0,0,1,1,0,0,1,1
pair-12-case-428,gRPC Health,status-enum-additive,chain3,3,0,1,0,1,0,0,1,1,1
pair-12-case-429,gRPC Health,status-enum-additive,chain3,4,0,0,0,1,0,0,0,1,1
pair-12-case-430,gRPC Health,status-enum-additive,chain3,4,0,0,0,1,0,0,0,1,1
pair-12-case-431,gRPC Health,status-enum-additive,chain3,4,0,3,0,1,0,0,1,1,1
pair-12-case-432,gRPC Health,status-enum-additive,chain3,4,0,0,0,1,0,0,0,1,1
pair-12-case-433,gRPC Health,status-enum-additive,chain3,4,0,0,0,1,0,0,0,1,1
pair-12-case-434,gRPC Health,status-enum-additive,chain3,4,0,0,0,1,0,0,0,1,1
pair-12-case-435,gRPC Health,status-enum-additive,chain3,4,0,0,0,1,0,0,0,1,1
pair-12-case-436,gRPC Health,status-enum-additive,chain3,4,0,0,0,1,0,0,0,1,1
pair-12-case-437,gRPC Health,status-enum-additive,chain3,4,0,0,0,1,0,0,0,1,1
pair-12-case-438,gRPC Health,status-enum-additive,chain3,3,0,0,0,1,1,0,0,1,1
pair-12-case-439,gRPC Health,status-enum-additive,chain3,4,0,0,0,1,0,0,0,1,1
pair-12-case-440,gRPC Health,status-enum-additive,chain3,4,0,0,0,1,0,0,0,1,1
pair-12-case-441,gRPC Health,status-enum-additive,chain3,4,0,0,0,1,0,0,0,1,1
pair-12-case-442,gRPC Health,status-enum-additive,chain3,4,0,0,0,1,1,0,0,1,1
pair-12-case-443,gRPC Health,status-enum-additive,chain3,4,0,0,0,1,0,0,0,1,1
pair-12-case-444,gRPC Health,status-enum-additive,chain3,3,0,0,0,1,1,0,0,1,1
pair-12-case-445,gRPC Health,status-enum-additive,chain3,4,0,0,0,1,0,0,0,1,1
pair-12-case-446,gRPC Health,status-enum-additive,chain3,4,0,0,0,1,0,0,0,1,1
pair-12-case-447,gRPC Health,status-enum-additive,chain3,4,0,0,0,1,0,0,0,1,1
pair-12-case-448,gRPC Health,status-enum-additive,chain3,4,0,0,0,1,0,0,0,1,1
pair-12-case-449,gRPC Health,status-enum-additive,chain3,4,0,0,0,1,0,0,0,1,1
pair-12-case-450,gRPC Health,status-enum-additive,chain3,4,0,0,0,1,1,0,0,1,1
pair-12-case-451,gRPC Health,status-enum-additive,chain3,4,0,0,0,1,0,0,0,1,1
pair-12-case-452,gRPC Health,status-enum-additive,chain3,4,0,3,0,1,1,0,1,1,1
pair-12-case-453,gRPC Health,status-enum-additive,chain3,2,0,3,0,1,0,0,1,1,1
pair-12-case-454,gRPC Health,status-enum-additive,chain3,3,0,0,0,1,1,0,0,1,1
pair-12-case-455,gRPC Health,status-enum-additive,chain3,3,0,2,0,1,1,0,1,1,1
pair-12-case-456,gRPC Health,status-enum-additive,chain3,4,0,0,0,1,0,0,0,1,1
pair-12-case-457,gRPC Health,status-enum-additive,chain3,4,0,0,0,1,0,0,0,1,1
pair-12-case-458,gRPC Health,status-enum-additive,chain3,4,0,0,0,1,0,0,0,1,1
pair-12-case-459,gRPC Health,status-enum-additive,chain3,4,0,0,0,1,0,0,0,1,1
pair-12-case-460,gRPC Health,status-enum-additive,chain3,4,0,0,0,1,0,0,0,1,1
pair-12-case-461,gRPC Health,status-enum-additive,chain3,4,0,0,0,1,0,0,0,1,1
pair-12-case-462,gRPC Health,status-enum-additive,chain3,4,0,2,0,1,1,0,1,1,1
pair-12-case-463,gRPC Health,status-enum-additive,chain3,4,0,0,0,1,0,0,0,1,1
pair-12-case-464,gRPC Health,status-enum-additive,chain3,4,0,0,0,1,0,0,0,1,1
pair-12-case-465,gRPC Health,status-enum-additive,chain3,3,0,0,0,1,1,1,0,1,1
pair-12-case-466,gRPC Health,status-enum-additive,chain3,3,0,0,0,1,1,0,0,1,1
pair-12-case-467,gRPC Health,status-enum-additive,chain3,4,0,0,0,1,0,0,0,1,1
pair-12-case-468,gRPC Health,status-enum-additive,chain3,4,0,0,0,1,0,0,0,1,1
pair-12-case-469,gRPC Health,status-enum-additive,chain3,4,0,0,0,1,0,0,0,1,1
pair-12-case-470,gRPC Health,status-enum-additive,chain3,4,0,0,0,1,0,0,0,1,1
pair-12-case-471,gRPC Health,status-enum-additive,chain3,3,0,0,0,1,0,0,0,1,1
pair-12-case-472,gRPC Health,status-enum-additive,chain3,4,0,0,0,1,0,0,0,1,1
pair-12-case-473,gRPC Health,status-enum-additive,chain3,3,0,0,0,1,0,0,0,1,1
pair-12-case-474,gRPC Health,status-enum-additive,chain3,4,0,0,0,1,0,0,0,1,1
pair-12-case-475,gRPC Health,status-enum-additive,chain3,4,0,0,0,1,0,0,0,1,1
pair-12-case-476,gRPC Health,status-enum-additive,chain3,4,0,0,0,1,0,0,0,1,1
pair-12-case-477,gRPC Health,status-enum-additive,chain3,3,0,0,0,1,0,0,0,1,1
pair-12-case-478,gRPC Health,status-enum-additive,chain3,4,0,0,0,1,0,0,0,1,1
pair-12-case-479,gRPC Health,status-enum-additive,chain3,4,0,0,0,1,0,0,0,1,1
pair-12-case-480,gRPC Health,status-enum-additive,chain3,3,0,0,0,1,1,0,0,1,1
pair-12-case-481,gRPC Health,status-enum-additive,chain3,3,0,0,0,1,0,0,0,1,1
pair-12-case-482,gRPC Health,status-enum-additive,chain3,4,0,1,0,1,1,0,0,1,1
pair-12-case-483,gRPC Health,status-enum-additive,chain3,3,0,0,0,1,0,0,0,1,1
pair-12-case-484,gRPC Health,status-enum-additive,chain3,4,0,0,0,1,0,0,0,1,1
pair-12-case-485,gRPC Health,status-enum-additive,chain3,4,0,0,0,1,0,0,0,1,1
pair-12-case-486,gRPC Health,status-enum-additive,chain3,4,0,0,0,1,0,0,0,1,1
pair-12-case-487,gRPC Health,status-enum-additive,chain3,4,0,0,0,1,0,0,0,1,1
pair-12-case-488,gRPC Health,status-enum-additive,chain3,4,0,0,0,1,1,0,0,1,1
pair-12-case-489,gRPC Health,status-enum-additive,chain3,4,0,0,0,1,0,0,0,1,1
pair-12-case-490,gRPC Health,status-enum-additive,chain3,4,0,0,0,1,0,0,0,1,1
pair-12-case-491,gRPC Health,status-enum-additive,chain3,4,0,0,0,1,0,0,0,1,1
pair-12-case-492,gRPC Health,status-enum-additive,chain3,4,0,1,0,1,0,0,1,1,1
pair-12-case-493,gRPC Health,status-enum-additive,chain3,4,0,0,0,1,0,0,0,1,1
pair-12-case-494,gRPC Health,status-enum-additive,chain3,4,0,0,0,1,1,0,0,1,1
pair-12-case-495,gRPC Health,status-enum-additive,chain3,4,0,0,0,1,0,0,0,1,1
pair-12-case-496,gRPC Health,status-enum-additive,chain3,4,0,0,0,1,1,0,0,1,1
pair-12-case-497,gRPC Health,status-enum-additive,chain3,4,0,0,0,1,0,0,0,1,1
pair-12-case-498,gRPC Health,status-enum-additive,chain3,4,0,0,0,1,0,0,0,1,1
pair-12-case-499,gRPC Health,status-enum-additive,chain3,4,0,5,0,1,1,0,1,1,1
pair-13-case-000,gRPC Health,watch-response-break,fanout4,1,0,0,0,1,0,0,0,1,1
pair-13-case-001,gRPC Health,watch-response-break,fanout4,0,1,81,8,0,1,1,1,1,1
pair-13-case-002,gRPC Health,watch-response-break,fanout4,1,0,27,0,1,0,0,1,1,1
pair-13-case-003,gRPC Health,watch-response-break,fanout4,1,0,0,0,1,1,1,0,1,1
pair-13-case-004,gRPC Health,watch-response-break,fanout4,1,0,0,0,1,1,1,0,1,1
pair-13-case-005,gRPC Health,watch-response-break,fanout4,1,0,27,0,1,1,0,1,1,1
pair-13-case-006,gRPC Health,watch-response-break,fanout4,1,0,0,0,1,0,0,0,1,1
pair-13-case-007,gRPC Health,watch-response-break,fanout4,1,0,27,0,1,0,0,1,1,1
pair-13-case-008,gRPC Health,watch-response-break,fanout4,1,0,27,0,1,1,1,0,1,1
pair-13-case-009,gRPC Health,watch-response-break,fanout4,1,0,0,0,1,1,1,0,1,1
pair-13-case-010,gRPC Health,watch-response-break,fanout4,1,0,0,0,1,1,1,0,1,1
pair-13-case-011,gRPC Health,watch-response-break,fanout4,1,0,27,0,1,1,0,1,1,1
pair-13-case-012,gRPC Health,watch-response-break,fanout4,1,0,0,0,1,0,0,0,1,1
pair-13-case-013,gRPC Health,watch-response-break,fanout4,1,0,27,0,1,0,0,1,1,1
pair-13-case-014,gRPC Health,watch-response-break,fanout4,1,0,27,0,1,1,1,0,1,1
pair-13-case-015,gRPC Health,watch-response-break,fanout4,1,0,0,0,1,1,1,0,1,1
pair-13-case-016,gRPC Health,watch-response-break,fanout4,1,0,0,0,1,1,1,0,1,1
pair-13-case-017,gRPC Health,watch-response-break,fanout4,1,0,27,0,1,1,0,1,1,1
pair-13-case-018,gRPC Health,watch-response-break,fanout4,1,0,0,0,1,0,0,0,1,1
pair-13-case-019,gRPC Health,watch-response-break,fanout4,1,0,27,0,1,0,0,1,1,1
pair-13-case-020,gRPC Health,watch-response-break,fanout4,1,0,27,0,1,1,1,0,1,1
pair-13-case-021,gRPC Health,watch-response-break,fanout4,1,0,0,0,1,1,1,0,1,1
pair-13-case-022,gRPC Health,watch-response-break,fanout4,1,0,0,0,1,1,1,0,1,1
pair-13-case-023,gRPC Health,watch-response-break,fanout4,1,0,27,0,1,1,0,1,1,1
pair-13-case-024,gRPC Health,watch-response-break,fanout4,1,1,63,8,0,1,0,1,1,1
pair-13-case-025,gRPC Health,watch-response-break,fanout4,1,1,63,8,0,1,0,1,1,1
pair-13-case-026,gRPC Health,watch-response-break,fanout4,1,1,63,8,0,1,0,1,1,1
pair-13-case-027,gRPC Health,watch-response-break,fanout4,1,1,63,8,0,1,0,1,1,1
pair-13-case-028,gRPC Health,watch-response-break,fanout4,1,1,63,8,0,1,0,1,1,1
pair-13-case-029,gRPC Health,watch-response-break,fanout4,1,1,63,8,0,1,0,1,1,1
pair-13-case-030,gRPC Health,watch-response-break,fanout4,1,1,63,8,0,1,0,1,1,1
pair-13-case-031,gRPC Health,watch-response-break,fanout4,1,1,63,8,0,1,0,1,1,1
pair-13-case-032,gRPC Health,watch-response-break,fanout4,4,1,31,8,0,1,0,1,1,1
pair-13-case-033,gRPC Health,watch-response-break,fanout4,4,1,31,8,0,1,0,1,1,1
pair-13-case-034,gRPC Health,watch-response-break,fanout4,3,1,33,8,0,1,0,1,1,1
pair-13-case-035,gRPC Health,watch-response-break,fanout4,2,1,49,8,0,1,0,1,1,1
pair-13-case-036,gRPC Health,watch-response-break,fanout4,4,1,27,8,0,1,0,1,1,1
pair-13-case-037,gRPC Health,watch-response-break,fanout4,2,1,57,8,0,1,0,1,1,1
pair-13-case-038,gRPC Health,watch-response-break,fanout4,4,1,27,8,0,1,0,1,1,1
pair-13-case-039,gRPC Health,watch-response-break,fanout4,4,1,27,8,0,1,0,1,1,1
pair-13-case-040,gRPC Health,watch-response-break,fanout4,2,1,49,8,0,1,0,1,1,1
pair-13-case-041,gRPC Health,watch-response-break,fanout4,3,1,41,8,0,1,0,1,1,1
pair-13-case-042,gRPC Health,watch-response-break,fanout4,2,1,51,8,0,1,0,1,1,1
pair-13-case-043,gRPC Health,watch-response-break,fanout4,3,1,31,8,0,1,0,1,1,1
pair-13-case-044,gRPC Health,watch-response-break,fanout4,4,1,23,8,0,1,0,1,1,1
pair-13-case-045,gRPC Health,watch-response-break,fanout4,4,1,27,8,0,1,0,1,1,1
pair-13-case-046,gRPC Health,watch-response-break,fanout4,2,1,45,8,0,1,0,1,1,1
pair-13-case-047,gRPC Health,watch-response-break,fanout4,4,1,29,8,0,1,0,1,1,1
pair-13-case-048,gRPC Health,watch-response-break,fanout4,2,1,48,8,0,1,0,1,1,1
pair-13-case-049,gRPC Health,watch-response-break,fanout4,2,1,45,8,0,1,0,1,1,1
pair-13-case-050,gRPC Health,watch-response-break,fanout4,3,1,41,8,0,1,0,1,1,1
pair-13-case-051,gRPC Health,watch-response-break,fanout4,3,1,35,8,0,1,0,1,1,1
pair-13-case-052,gRPC Health,watch-response-break,fanout4,4,1,21,8,0,1,0,1,1,1
pair-13-case-053,gRPC Health,watch-response-break,fanout4,2,1,48,8,0,1,0,1,1,1
pair-13-case-054,gRPC Health,watch-response-break,fanout4,3,1,39,8,0,1,0,1,1,1
pair-13-case-055,gRPC Health,watch-response-break,fanout4,2,1,45,8,0,1,0,1,1,1
pair-13-case-056,gRPC Health,watch-response-break,fanout4,3,1,36,8,0,1,0,1,1,1
pair-13-case-057,gRPC Health,watch-response-break,fanout4,3,1,33,8,0,1,0,1,1,1
pair-13-case-058,gRPC Health,watch-response-break,fanout4,3,1,36,8,0,1,0,1,1,1
pair-13-case-059,gRPC Health,watch-response-break,fanout4,3,1,35,8,0,1,0,1,1,1
pair-13-case-060,gRPC Health,watch-response-break,fanout4,4,1,26,8,0,1,0,1,1,1
pair-13-case-061,gRPC Health,watch-response-break,fanout4,3,1,33,8,0,1,0,1,1,1
pair-13-case-062,gRPC Health,watch-response-break,fanout4,4,1,20,8,0,1,0,1,1,1
pair-13-case-063,gRPC Health,watch-response-break,fanout4,4,1,27,8,0,1,0,1,1,1
pair-13-case-064,gRPC Health,watch-response-break,fanout4,4,1,29,8,0,1,0,1,1,1
pair-13-case-065,gRPC Health,watch-response-break,fanout4,4,1,33,8,0,1,0,1,1,1
pair-13-case-066,gRPC Health,watch-response-break,fanout4,4,1,27,8,0,1,0,1,1,1
pair-13-case-067,gRPC Health,watch-response-break,fanout4,3,1,33,8,0,1,0,1,1,1
pair-13-case-068,gRPC Health,watch-response-break,fanout4,3,1,41,8,0,1,0,1,1,1
pair-13-case-069,gRPC Health,watch-response-break,fanout4,3,1,33,8,0,1,0,1,1,1
pair-13-case-070,gRPC Health,watch-response-break,fanout4,4,1,31,8,0,1,0,1,1,1
pair-13-case-071,gRPC Health,watch-response-break,fanout4,4,1,31,8,0,1,0,1,1,1
pair-13-case-072,gRPC Health,watch-response-break,fanout4,3,1,34,8,0,1,0,1,1,1
pair-13-case-073,gRPC Health,watch-response-break,fanout4,2,1,45,8,0,1,0,1,1,1
pair-13-case-074,gRPC Health,watch-response-break,fanout4,3,1,39,8,0,1,0,1,1,1
pair-13-case-075,gRPC Health,watch-response-break,fanout4,3,1,39,8,0,1,0,1,1,1
pair-13-case-076,gRPC Health,watch-response-break,fanout4,4,1,26,8,0,1,0,1,1,1
pair-13-case-077,gRPC Health,watch-response-break,fanout4,2,1,57,8,0,1,0,1,1,1
pair-13-case-078,gRPC Health,watch-response-break,fanout4,4,1,31,8,0,1,0,1,1,1
pair-13-case-079,gRPC Health,watch-response-break,fanout4,4,1,23,8,0,1,0,1,1,1
pair-13-case-080,gRPC Health,watch-response-break,fanout4,2,1,51,8,0,1,0,1,1,1
pair-13-case-081,gRPC Health,watch-response-break,fanout4,4,1,29,8,0,1,0,1,1,1
pair-13-case-082,gRPC Health,watch-response-break,fanout4,3,1,37,8,0,1,0,1,1,1
pair-13-case-083,gRPC Health,watch-response-break,fanout4,4,1,33,8,0,1,0,1,1,1
pair-13-case-084,gRPC Health,watch-response-break,fanout4,4,1,26,8,0,1,0,1,1,1
pair-13-case-085,gRPC Health,watch-response-break,fanout4,2,1,51,8,0,1,0,1,1,1
pair-13-case-086,gRPC Health,watch-response-break,fanout4,3,1,37,8,0,1,0,1,1,1
pair-13-case-087,gRPC Health,watch-response-break,fanout4,4,1,33,8,0,1,0,1,1,1
pair-13-case-088,gRPC Health,watch-response-break,fanout4,4,1,35,8,0,1,0,1,1,1
pair-13-case-089,gRPC Health,watch-response-break,fanout4,4,1,37,8,0,1,0,1,1,1
pair-13-case-090,gRPC Health,watch-response-break,fanout4,4,1,25,8,0,1,0,1,1,1
pair-13-case-091,gRPC Health,watch-response-break,fanout4,4,1,37,8,0,1,0,1,1,1
pair-13-case-092,gRPC Health,watch-response-break,fanout4,3,1,39,8,0,1,0,1,1,1
pair-13-case-093,gRPC Health,watch-response-break,fanout4,4,1,21,8,0,1,0,1,1,1
pair-13-case-094,gRPC Health,watch-response-break,fanout4,4,1,23,8,0,1,0,1,1,1
pair-13-case-095,gRPC Health,watch-response-break,fanout4,4,1,31,8,0,1,0,1,1,1
pair-13-case-096,gRPC Health,watch-response-break,fanout4,3,1,37,8,0,1,0,1,1,1
pair-13-case-097,gRPC Health,watch-response-break,fanout4,3,1,36,8,0,1,0,1,1,1
pair-13-case-098,gRPC Health,watch-response-break,fanout4,4,1,25,8,0,1,0,1,1,1
pair-13-case-099,gRPC Health,watch-response-break,fanout4,4,1,20,8,0,1,0,1,1,1
pair-13-case-100,gRPC Health,watch-response-break,fanout4,3,1,37,8,0,1,0,1,1,1
pair-13-case-101,gRPC Health,watch-response-break,fanout4,3,1,35,8,0,1,0,1,1,1
pair-13-case-102,gRPC Health,watch-response-break,fanout4,3,1,37,8,0,1,0,1,1,1
pair-13-case-103,gRPC Health,watch-response-break,fanout4,3,1,31,8,0,1,0,1,1,1
pair-13-case-104,gRPC Health,watch-response-break,fanout4,2,1,49,8,0,1,0,1,1,1
pair-13-case-105,gRPC Health,watch-response-break,fanout4,2,1,49,8,0,1,0,1,1,1
pair-13-case-106,gRPC Health,watch-response-break,fanout4,4,1,27,8,0,1,0,1,1,1
pair-13-case-107,gRPC Health,watch-response-break,fanout4,2,1,51,8,0,1,0,1,1,1
pair-13-case-108,gRPC Health,watch-response-break,fanout4,3,1,35,8,0,1,0,1,1,1
pair-13-case-109,gRPC Health,watch-response-break,fanout4,4,1,29,8,0,1,0,1,1,1
pair-13-case-110,gRPC Health,watch-response-break,fanout4,3,1,45,8,0,1,0,1,1,1
pair-13-case-111,gRPC Health,watch-response-break,fanout4,3,1,43,8,0,1,0,1,1,1
pair-13-case-112,gRPC Health,watch-response-break,fanout4,4,1,27,8,0,1,0,1,1,1
pair-13-case-113,gRPC Health,watch-response-break,fanout4,3,1,43,8,0,1,0,1,1,1
pair-13-case-114,gRPC Health,watch-response-break,fanout4,4,1,27,8,0,1,0,1,1,1
pair-13-case-115,gRPC Health,watch-response-break,fanout4,4,1,25,8,0,1,0,1,1,1
pair-13-case-116,gRPC Health,watch-response-break,fanout4,4,1,23,8,0,1,0,1,1,1
pair-13-case-117,gRPC Health,watch-response-break,fanout4,4,1,26,8,0,1,0,1,1,1
pair-13-case-118,gRPC Health,watch-response-break,fanout4,3,1,34,8,0,1,0,1,1,1
pair-13-case-119,gRPC Health,watch-response-break,fanout4,3,1,35,8,0,1,0,1,1,1
pair-13-case-120,gRPC Health,watch-response-break,fanout4,2,1,49,8,0,1,0,1,1,1
pair-13-case-121,gRPC Health,watch-response-break,fanout4,4,1,29,8,0,1,0,1,1,1
pair-13-case-122,gRPC Health,watch-response-break,fanout4,4,1,31,8,0,1,0,1,1,1
pair-13-case-123,gRPC Health,watch-response-break,fanout4,3,1,31,8,0,1,0,1,1,1
pair-13-case-124,gRPC Health,watch-response-break,fanout4,3,1,35,8,0,1,0,1,1,1
pair-13-case-125,gRPC Health,watch-response-break,fanout4,4,1,30,8,0,1,0,1,1,1
pair-13-case-126,gRPC Health,watch-response-break,fanout4,3,1,34,8,0,1,0,1,1,1
pair-13-case-127,gRPC Health,watch-response-break,fanout4,3,1,45,8,0,1,0,1,1,1
pair-13-case-128,gRPC Health,watch-response-break,fanout4,4,0,0,0,1,1,0,0,1,1
pair-13-case-129,gRPC Health,watch-response-break,fanout4,4,0,17,0,1,1,0,0,1,1
pair-13-case-130,gRPC Health,watch-response-break,fanout4,4,0,0,0,1,0,0,0,1,1
pair-13-case-131,gRPC Health,watch-response-break,fanout4,4,0,0,0,1,0,0,0,1,1
pair-13-case-132,gRPC Health,watch-response-break,fanout4,4,0,0,0,1,0,0,0,1,1
pair-13-case-133,gRPC Health,watch-response-break,fanout4,4,0,0,0,1,0,0,0,1,1
pair-13-case-134,gRPC Health,watch-response-break,fanout4,4,0,0,0,1,0,0,0,1,1
pair-13-case-135,gRPC Health,watch-response-break,fanout4,4,0,0,0,1,0,0,0,1,1
pair-13-case-136,gRPC Health,watch-response-break,fanout4,4,0,0,0,1,0,0,0,1,1
pair-13-case-137,gRPC Health,watch-response-break,fanout4,4,0,0,0,1,1,0,0,1,1
pair-13-case-138,gRPC Health,watch-response-break,fanout4,4,0,0,0,1,0,0,0,1,1
pair-13-case-139,gRPC Health,watch-response-break,fanout4,3,0,3,0,1,0,0,0,1,1
pair-13-case-140,gRPC Health,watch-response-break,fanout4,4,0,0,0,1,0,0,0,1,1
pair-13-case-141,gRPC Health,watch-response-break,fanout4,4,0,0,0,1,0,0,0,1,1
pair-13-case-142,gRPC Health,watch-response-break,fanout4,4,0,3,0,1,1,0,0,1,1
pair-13-case-143,gRPC Health,watch-response-break,fanout4,3,0,6,0,1,0,0,1,1,1
pair-13-case-144,gRPC Health,watch-response-break,fanout4,4,0,0,0,1,1,0,0,1,1
pair-13-case-145,gRPC Health,watch-response-break,fanout4,4,0,0,0,1,1,0,0,1,1
pair-13-case-146,gRPC Health,watch-response-break,fanout4,3,0,0,0,1,0,0,0,1,1
pair-13-case-147,gRPC Health,watch-response-break,fanout4,3,0,0,0,1,0,0,0,1,1
pair-13-case-148,gRPC Health,watch-response-break,fanout4,4,0,21,0,1,1,0,0,1,1
pair-13-case-149,gRPC Health,watch-response-break,fanout4,4,0,0,0,1,0,0,0,1,1
pair-13-case-150,gRPC Health,watch-response-break,fanout4,4,0,0,0,1,0,0,0,1,1
pair-13-case-151,gRPC Health,watch-response-break,fanout4,4,0,0,0,1,0,0,0,1,1
pair-13-case-152,gRPC Health,watch-response-break,fanout4,4,0,9,0,1,1,0,0,1,1
pair-13-case-153,gRPC Health,watch-response-break,fanout4,4,0,0,0,1,1,0,0,1,1
pair-13-case-154,gRPC Health,watch-response-break,fanout4,4,0,0,0,1,1,0,0,1,1
pair-13-case-155,gRPC Health,watch-response-break,fanout4,4,0,0,0,1,0,0,0,1,1
pair-13-case-156,gRPC Health,watch-response-break,fanout4,3,0,9,0,1,0,0,1,1,1
pair-13-case-157,gRPC Health,watch-response-break,fanout4,4,0,0,0,1,0,0,0,1,1
pair-13-case-158,gRPC Health,watch-response-break,fanout4,4,0,0,0,1,0,0,0,1,1
pair-13-case-159,gRPC Health,watch-response-break,fanout4,4,0,0,0,1,0,0,0,1,1
pair-13-case-160,gRPC Health,watch-response-break,fanout4,4,0,0,0,1,0,0,0,1,1
pair-13-case-161,gRPC Health,watch-response-break,fanout4,3,0,0,0,1,0,0,0,1,1
pair-13-case-162,gRPC Health,watch-response-break,fanout4,4,0,0,0,1,0,0,0,1,1
pair-13-case-163,gRPC Health,watch-response-break,fanout4,4,0,0,0,1,0,0,0,1,1
pair-13-case-164,gRPC Health,watch-response-break,fanout4,3,0,0,0,1,0,0,0,1,1
pair-13-case-165,gRPC Health,watch-response-break,fanout4,4,0,0,0,1,0,0,0,1,1
pair-13-case-166,gRPC Health,watch-response-break,fanout4,4,0,0,0,1,1,0,0,1,1
pair-13-case-167,gRPC Health,watch-response-break,fanout4,3,0,27,0,1,1,0,0,1,1
pair-13-case-168,gRPC Health,watch-response-break,fanout4,4,0,0,0,1,0,0,0,1,1
pair-13-case-169,gRPC Health,watch-response-break,fanout4,4,0,0,0,1,0,0,0,1,1
pair-13-case-170,gRPC Health,watch-response-break,fanout4,4,0,9,0,1,0,0,0,1,1
pair-13-case-171,gRPC Health,watch-response-break,fanout4,4,0,0,0,1,0,0,0,1,1
pair-13-case-172,gRPC Health,watch-response-break,fanout4,4,0,0,0,1,0,0,0,1,1
pair-13-case-173,gRPC Health,watch-response-break,fanout4,4,0,0,0,1,0,0,0,1,1
pair-13-case-174,gRPC Health,watch-response-break,fanout4,4,0,0,0,1,0,0,0,1,1
pair-13-case-175,gRPC Health,watch-response-break,fanout4,4,0,3,0,1,0,0,1,1,1
pair-13-case-176,gRPC Health,watch-response-break,fanout4,3,0,0,0,1,1,1,0,1,1
pair-13-case-177,gRPC Health,watch-response-break,fanout4,4,0,0,0,1,1,0,0,1,1
pair-13-case-178,gRPC Health,watch-response-break,fanout4,4,0,0,0,1,1,0,0,1,1
pair-13-case-179,gRPC Health,watch-response-break,fanout4,4,0,0,0,1,0,0,0,1,1
pair-13-case-180,gRPC Health,watch-response-break,fanout4,4,0,0,0,1,0,0,0,1,1
pair-13-case-181,gRPC Health,watch-response-break,fanout4,4,0,3,0,1,0,0,0,1,1
pair-13-case-182,gRPC Health,watch-response-break,fanout4,3,0,0,0,1,0,0,0,1,1
pair-13-case-183,gRPC Health,watch-response-break,fanout4,4,0,0,0,1,1,0,0,1,1
pair-13-case-184,gRPC Health,watch-response-break,fanout4,3,0,0,0,1,0,0,0,1,1
pair-13-case-185,gRPC Health,watch-response-break,fanout4,4,0,0,0,1,0,0,0,1,1
pair-13-case-186,gRPC Health,watch-response-break,fanout4,4,0,0,0,1,0,0,0,1,1
pair-13-case-187,gRPC Health,watch-response-break,fanout4,4,0,7,0,1,0,0,1,1,1
pair-13-case-188,gRPC Health,watch-response-break,fanout4,4,0,0,0,1,1,0,0,1,1
pair-13-case-189,gRPC Health,watch-response-break,fanout4,4,0,0,0,1,0,0,0,1,1
pair-13-case-190,gRPC Health,watch-response-break,fanout4,4,0,0,0,1,0,0,0,1,1
pair-13-case-191,gRPC Health,watch-response-break,fanout4,3,0,0,0,1,0,0,0,1,1
pair-13-case-192,gRPC Health,watch-response-break,fanout4,4,0,9,0,1,0,0,0,1,1
pair-13-case-193,gRPC Health,watch-response-break,fanout4,4,0,1,0,1,0,0,1,1,1
pair-13-case-194,gRPC Health,watch-response-break,fanout4,4,0,0,0,1,0,0,0,1,1
pair-13-case-195,gRPC Health,watch-response-break,fanout4,4,0,3,0,1,0,0,0,1,1
pair-13-case-196,gRPC Health,watch-response-break,fanout4,4,0,0,0,1,0,0,0,1,1
pair-13-case-197,gRPC Health,watch-response-break,fanout4,4,0,0,0,1,1,0,0,1,1
pair-13-case-198,gRPC Health,watch-response-break,fanout4,3,0,0,0,1,0,0,0,1,1
pair-13-case-199,gRPC Health,watch-response-break,fanout4,4,0,2,0,1,0,0,0,1,1
pair-13-case-200,gRPC Health,watch-response-break,fanout4,3,0,0,0,1,0,0,0,1,1
pair-13-case-201,gRPC Health,watch-response-break,fanout4,4,0,0,0,1,0,0,0,1,1
pair-13-case-202,gRPC Health,watch-response-break,fanout4,4,0,0,0,1,0,0,0,1,1
pair-13-case-203,gRPC Health,watch-response-break,fanout4,4,0,0,0,1,0,0,0,1,1
pair-13-case-204,gRPC Health,watch-response-break,fanout4,4,0,0,0,1,1,0,0,1,1
pair-13-case-205,gRPC Health,watch-response-break,fanout4,4,0,0,0,1,0,0,0,1,1
pair-13-case-206,gRPC Health,watch-response-break,fanout4,4,0,0,0,1,0,0,0,1,1
pair-13-case-207,gRPC Health,watch-response-break,fanout4,4,0,0,0,1,0,0,0,1,1
pair-13-case-208,gRPC Health,watch-response-break,fanout4,4,0,0,0,1,0,0,0,1,1
pair-13-case-209,gRPC Health,watch-response-break,fanout4,4,0,0,0,1,0,0,0,1,1
pair-13-case-210,gRPC Health,watch-response-break,fanout4,4,0,0,0,1,0,0,0,1,1
pair-13-case-211,gRPC Health,watch-response-break,fanout4,4,0,0,0,1,0,0,0,1,1
pair-13-case-212,gRPC Health,watch-response-break,fanout4,4,0,0,0,1,0,0,0,1,1
pair-13-case-213,gRPC Health,watch-response-break,fanout4,4,0,9,0,1,0,0,0,1,1
pair-13-case-214,gRPC Health,watch-response-break,fanout4,4,0,3,0,1,1,0,0,1,1
pair-13-case-215,gRPC Health,watch-response-break,fanout4,4,0,6,0,1,1,0,1,1,1
pair-13-case-216,gRPC Health,watch-response-break,fanout4,3,0,3,0,1,0,0,1,1,1
pair-13-case-217,gRPC Health,watch-response-break,fanout4,4,0,0,0,1,0,0,0,1,1
pair-13-case-218,gRPC Health,watch-response-break,fanout4,4,0,0,0,1,1,1,0,1,1
pair-13-case-219,gRPC Health,watch-response-break,fanout4,4,0,0,0,1,0,0,0,1,1
pair-13-case-220,gRPC Health,watch-response-break,fanout4,4,0,3,0,1,0,0,1,1,1
pair-13-case-221,gRPC Health,watch-response-break,fanout4,4,0,0,0,1,0,0,0,1,1
pair-13-case-222,gRPC Health,watch-response-break,fanout4,4,0,0,0,1,0,0,0,1,1
pair-13-case-223,gRPC Health,watch-response-break,fanout4,4,0,0,0,1,0,0,0,1,1
pair-13-case-224,gRPC Health,watch-response-break,fanout4,4,0,0,0,1,0,0,0,1,1
pair-13-case-225,gRPC Health,watch-response-break,fanout4,4,0,0,0,1,1,0,0,1,1
pair-13-case-226,gRPC Health,watch-response-break,fanout4,4,0,0,0,1,0,0,0,1,1
pair-13-case-227,gRPC Health,watch-response-break,fanout4,4,0,0,0,1,1,0,0,1,1
pair-13-case-228,gRPC Health,watch-response-break,fanout4,4,0,0,0,1,0,0,0,1,1
pair-13-case-229,gRPC Health,watch-response-break,fanout4,4,0,0,0,1,0,0,0,1,1
pair-13-case-230,gRPC Health,watch-response-break,fanout4,4,0,0,0,1,0,0,0,1,1
pair-13-case-231,gRPC Health,watch-response-break,fanout4,4,0,0,0,1,0,0,0,1,1
pair-13-case-232,gRPC Health,watch-response-break,fanout4,4,0,0,0,1,1,0,0,1,1
pair-13-case-233,gRPC Health,watch-response-break,fanout4,4,0,0,0,1,0,0,0,1,1
pair-13-case-234,gRPC Health,watch-response-break,fanout4,4,0,0,0,1,0,0,0,1,1
pair-13-case-235,gRPC Health,watch-response-break,fanout4,4,0,0,0,1,0,0,0,1,1
pair-13-case-236,gRPC Health,watch-response-break,fanout4,4,0,0,0,1,0,0,0,1,1
pair-13-case-237,gRPC Health,watch-response-break,fanout4,4,0,0,0,1,1,0,0,1,1
pair-13-case-238,gRPC Health,watch-response-break,fanout4,4,0,0,0,1,0,0,0,1,1
pair-13-case-239,gRPC Health,watch-response-break,fanout4,4,0,0,0,1,0,0,0,1,1
pair-13-case-240,gRPC Health,watch-response-break,fanout4,3,0,0,0,1,0,0,0,1,1
pair-13-case-241,gRPC Health,watch-response-break,fanout4,4,0,0,0,1,0,0,0,1,1
pair-13-case-242,gRPC Health,watch-response-break,fanout4,4,0,0,0,1,1,0,0,1,1
pair-13-case-243,gRPC Health,watch-response-break,fanout4,4,0,0,0,1,1,0,0,1,1
pair-13-case-244,gRPC Health,watch-response-break,fanout4,4,0,0,0,1,1,0,0,1,1
pair-13-case-245,gRPC Health,watch-response-break,fanout4,4,0,0,0,1,0,0,0,1,1
pair-13-case-246,gRPC Health,watch-response-break,fanout4,4,0,0,0,1,1,0,0,1,1
pair-13-case-247,gRPC Health,watch-response-break,fanout4,4,0,9,0,1,1,0,1,1,1
pair-13-case-248,gRPC Health,watch-response-break,fanout4,4,0,0,0,1,0,0,0,1,1
pair-13-case-249,gRPC Health,watch-response-break,fanout4,4,0,0,0,1,1,0,0,1,1
pair-13-case-250,gRPC Health,watch-response-break,fanout4,4,0,0,0,1,1,0,0,1,1
pair-13-case-251,gRPC Health,watch-response-break,fanout4,3,0,0,0,1,0,0,0,1,1
pair-13-case-252,gRPC Health,watch-response-break,fanout4,2,0,0,0,1,1,1,0,1,1
pair-13-case-253,gRPC Health,watch-response-break,fanout4,4,0,0,0,1,0,0,0,1,1
pair-13-case-254,gRPC Health,watch-response-break,fanout4,4,0,0,0,1,1,0,0,1,1
pair-13-case-255,gRPC Health,watch-response-break,fanout4,4,0,0,0,1,0,0,0,1,1
pair-13-case-256,gRPC Health,watch-response-break,fanout4,4,0,1,0,1,1,0,1,1,1
pair-13-case-257,gRPC Health,watch-response-break,fanout4,4,0,3,0,1,0,0,1,1,1
pair-13-case-258,gRPC Health,watch-response-break,fanout4,4,0,0,0,1,0,0,0,1,1
pair-13-case-259,gRPC Health,watch-response-break,fanout4,4,0,0,0,1,0,0,0,1,1
pair-13-case-260,gRPC Health,watch-response-break,fanout4,4,0,0,0,1,0,0,0,1,1
pair-13-case-261,gRPC Health,watch-response-break,fanout4,4,0,0,0,1,1,0,0,1,1
pair-13-case-262,gRPC Health,watch-response-break,fanout4,4,0,0,0,1,0,0,0,1,1
pair-13-case-263,gRPC Health,watch-response-break,fanout4,4,0,0,0,1,1,0,0,1,1
pair-13-case-264,gRPC Health,watch-response-break,fanout4,4,0,0,0,1,0,0,0,1,1
pair-13-case-265,gRPC Health,watch-response-break,fanout4,4,0,3,0,1,0,0,0,1,1
pair-13-case-266,gRPC Health,watch-response-break,fanout4,4,0,0,0,1,0,0,0,1,1
pair-13-case-267,gRPC Health,watch-response-break,fanout4,4,0,0,0,1,0,0,0,1,1
pair-13-case-268,gRPC Health,watch-response-break,fanout4,4,0,0,0,1,0,0,0,1,1
pair-13-case-269,gRPC Health,watch-response-break,fanout4,4,0,0,0,1,0,0,0,1,1
pair-13-case-270,gRPC Health,watch-response-break,fanout4,4,0,0,0,1,1,0,0,1,1
pair-13-case-271,gRPC Health,watch-response-break,fanout4,4,0,0,0,1,0,0,0,1,1
pair-13-case-272,gRPC Health,watch-response-break,fanout4,4,0,0,0,1,0,0,0,1,1
pair-13-case-273,gRPC Health,watch-response-break,fanout4,4,0,0,0,1,0,0,0,1,1
pair-13-case-274,gRPC Health,watch-response-break,fanout4,4,0,0,0,1,1,0,0,1,1
pair-13-case-275,gRPC Health,watch-response-break,fanout4,4,0,0,0,1,0,0,0,1,1
pair-13-case-276,gRPC Health,watch-response-break,fanout4,3,0,0,0,1,1,0,0,1,1
pair-13-case-277,gRPC Health,watch-response-break,fanout4,4,0,0,0,1,0,0,0,1,1
pair-13-case-278,gRPC Health,watch-response-break,fanout4,4,0,0,0,1,1,0,0,1,1
pair-13-case-279,gRPC Health,watch-response-break,fanout4,3,0,0,0,1,1,1,0,1,1
pair-13-case-280,gRPC Health,watch-response-break,fanout4,4,0,0,0,1,0,0,0,1,1
pair-13-case-281,gRPC Health,watch-response-break,fanout4,4,0,0,0,1,0,0,0,1,1
pair-13-case-282,gRPC Health,watch-response-break,fanout4,3,0,0,0,1,0,0,0,1,1
pair-13-case-283,gRPC Health,watch-response-break,fanout4,3,0,15,0,1,1,0,1,1,1
pair-13-case-284,gRPC Health,watch-response-break,fanout4,4,0,0,0,1,0,0,0,1,1
pair-13-case-285,gRPC Health,watch-response-break,fanout4,4,0,0,0,1,0,0,0,1,1
pair-13-case-286,gRPC Health,watch-response-break,fanout4,4,0,0,0,1,0,0,0,1,1
pair-13-case-287,gRPC Health,watch-response-break,fanout4,3,0,0,0,1,1,0,0,1,1
pair-13-case-288,gRPC Health,watch-response-break,fanout4,4,0,0,0,1,0,0,0,1,1
pair-13-case-289,gRPC Health,watch-response-break,fanout4,4,0,0,0,1,0,0,0,1,1
pair-13-case-290,gRPC Health,watch-response-break,fanout4,4,0,0,0,1,0,0,0,1,1
pair-13-case-291,gRPC Health,watch-response-break,fanout4,4,0,3,0,1,0,0,0,1,1
pair-13-case-292,gRPC Health,watch-response-break,fanout4,4,0,0,0,1,0,0,0,1,1
pair-13-case-293,gRPC Health,watch-response-break,fanout4,4,0,0,0,1,0,0,0,1,1
pair-13-case-294,gRPC Health,watch-response-break,fanout4,4,0,0,0,1,1,0,0,1,1
pair-13-case-295,gRPC Health,watch-response-break,fanout4,4,0,0,0,1,1,0,0,1,1
pair-13-case-296,gRPC Health,watch-response-break,fanout4,4,0,0,0,1,0,0,0,1,1
pair-13-case-297,gRPC Health,watch-response-break,fanout4,4,0,0,0,1,0,0,0,1,1
pair-13-case-298,gRPC Health,watch-response-break,fanout4,4,0,0,0,1,0,0,0,1,1
pair-13-case-299,gRPC Health,watch-response-break,fanout4,4,0,3,0,1,1,0,0,1,1
pair-13-case-300,gRPC Health,watch-response-break,fanout4,4,0,0,0,1,0,0,0,1,1
pair-13-case-301,gRPC Health,watch-response-break,fanout4,4,0,0,0,1,0,0,0,1,1
pair-13-case-302,gRPC Health,watch-response-break,fanout4,3,0,0,0,1,1,1,0,1,1
pair-13-case-303,gRPC Health,watch-response-break,fanout4,4,0,0,0,1,0,0,0,1,1
pair-13-case-304,gRPC Health,watch-response-break,fanout4,4,0,0,0,1,1,0,0,1,1
pair-13-case-305,gRPC Health,watch-response-break,fanout4,4,0,0,0,1,0,0,0,1,1
pair-13-case-306,gRPC Health,watch-response-break,fanout4,4,0,0,0,1,0,0,0,1,1
pair-13-case-307,gRPC Health,watch-response-break,fanout4,4,0,0,0,1,1,0,0,1,1
pair-13-case-308,gRPC Health,watch-response-break,fanout4,4,0,0,0,1,1,0,0,1,1
pair-13-case-309,gRPC Health,watch-response-break,fanout4,4,0,0,0,1,0,0,0,1,1
pair-13-case-310,gRPC Health,watch-response-break,fanout4,4,0,0,0,1,0,0,0,1,1
pair-13-case-311,gRPC Health,watch-response-break,fanout4,4,0,0,0,1,0,0,0,1,1
pair-13-case-312,gRPC Health,watch-response-break,fanout4,3,0,0,0,1,1,0,0,1,1
pair-13-case-313,gRPC Health,watch-response-break,fanout4,4,0,0,0,1,1,0,0,1,1
pair-13-case-314,gRPC Health,watch-response-break,fanout4,4,0,0,0,1,0,0,0,1,1
pair-13-case-315,gRPC Health,watch-response-break,fanout4,4,0,0,0,1,0,0,0,1,1
pair-13-case-316,gRPC Health,watch-response-break,fanout4,4,0,9,0,1,0,0,0,1,1
pair-13-case-317,gRPC Health,watch-response-break,fanout4,3,0,0,0,1,0,0,0,1,1
pair-13-case-318,gRPC Health,watch-response-break,fanout4,4,0,0,0,1,0,0,0,1,1
pair-13-case-319,gRPC Health,watch-response-break,fanout4,3,0,0,0,1,0,0,0,1,1
pair-13-case-320,gRPC Health,watch-response-break,fanout4,4,0,0,0,1,0,0,0,1,1
pair-13-case-321,gRPC Health,watch-response-break,fanout4,4,0,0,0,1,0,0,0,1,1
pair-13-case-322,gRPC Health,watch-response-break,fanout4,4,0,3,0,1,0,0,1,1,1
pair-13-case-323,gRPC Health,watch-response-break,fanout4,4,0,0,0,1,1,0,0,1,1
pair-13-case-324,gRPC Health,watch-response-break,fanout4,3,0,0,0,1,0,0,0,1,1
pair-13-case-325,gRPC Health,watch-response-break,fanout4,4,0,0,0,1,0,0,0,1,1
pair-13-case-326,gRPC Health,watch-response-break,fanout4,4,0,0,0,1,1,0,0,1,1
pair-13-case-327,gRPC Health,watch-response-break,fanout4,4,0,0,0,1,0,0,0,1,1
pair-13-case-328,gRPC Health,watch-response-break,fanout4,4,0,0,0,1,1,0,0,1,1
pair-13-case-329,gRPC Health,watch-response-break,fanout4,4,0,0,0,1,0,0,0,1,1
pair-13-case-330,gRPC Health,watch-response-break,fanout4,4,0,0,0,1,1,0,0,1,1
pair-13-case-331,gRPC Health,watch-response-break,fanout4,4,0,0,0,1,0,0,0,1,1
pair-13-case-332,gRPC Health,watch-response-break,fanout4,4,0,0,0,1,0,0,0,1,1
pair-13-case-333,gRPC Health,watch-response-break,fanout4,4,0,0,0,1,0,0,0,1,1
pair-13-case-334,gRPC Health,watch-response-break,fanout4,4,0,0,0,1,0,0,0,1,1
pair-13-case-335,gRPC Health,watch-response-break,fanout4,4,0,0,0,1,0,0,0,1,1
pair-13-case-336,gRPC Health,watch-response-break,fanout4,3,0,7,0,1,1,0,1,1,1
pair-13-case-337,gRPC Health,watch-response-break,fanout4,4,0,0,0,1,0,0,0,1,1
pair-13-case-338,gRPC Health,watch-response-break,fanout4,4,0,0,0,1,1,0,0,1,1
pair-13-case-339,gRPC Health,watch-response-break,fanout4,4,0,0,0,1,0,0,0,1,1
pair-13-case-340,gRPC Health,watch-response-break,fanout4,4,0,0,0,1,0,0,0,1,1
pair-13-case-341,gRPC Health,watch-response-break,fanout4,4,0,0,0,1,1,1,0,1,1
pair-13-case-342,gRPC Health,watch-response-break,fanout4,4,0,0,0,1,0,0,0,1,1
pair-13-case-343,gRPC Health,watch-response-break,fanout4,4,0,0,0,1,0,0,0,1,1
pair-13-case-344,gRPC Health,watch-response-break,fanout4,4,0,0,0,1,0,0,0,1,1
pair-13-case-345,gRPC Health,watch-response-break,fanout4,4,0,0,0,1,1,0,0,1,1
pair-13-case-346,gRPC Health,watch-response-break,fanout4,4,0,0,0,1,0,0,0,1,1
pair-13-case-347,gRPC Health,watch-response-break,fanout4,4,0,0,0,1,0,0,0,1,1
pair-13-case-348,gRPC Health,watch-response-break,fanout4,4,0,0,0,1,1,0,0,1,1
pair-13-case-349,gRPC Health,watch-response-break,fanout4,4,0,0,0,1,1,0,0,1,1
pair-13-case-350,gRPC Health,watch-response-break,fanout4,4,0,0,0,1,0,0,0,1,1
pair-13-case-351,gRPC Health,watch-response-break,fanout4,4,0,0,0,1,1,0,0,1,1
pair-13-case-352,gRPC Health,watch-response-break,fanout4,4,0,0,0,1,0,0,0,1,1
pair-13-case-353,gRPC Health,watch-response-break,fanout4,4,0,0,0,1,1,0,0,1,1
pair-13-case-354,gRPC Health,watch-response-break,fanout4,4,0,0,0,1,0,0,0,1,1
pair-13-case-355,gRPC Health,watch-response-break,fanout4,4,0,3,0,1,0,0,0,1,1
pair-13-case-356,gRPC Health,watch-response-break,fanout4,3,0,0,0,1,0,0,0,1,1
pair-13-case-357,gRPC Health,watch-response-break,fanout4,4,0,0,0,1,0,0,0,1,1
pair-13-case-358,gRPC Health,watch-response-break,fanout4,4,0,0,0,1,0,0,0,1,1
pair-13-case-359,gRPC Health,watch-response-break,fanout4,3,0,27,0,1,1,0,0,1,1
pair-13-case-360,gRPC Health,watch-response-break,fanout4,4,0,0,0,1,0,0,0,1,1
pair-13-case-361,gRPC Health,watch-response-break,fanout4,4,0,0,0,1,1,0,0,1,1
pair-13-case-362,gRPC Health,watch-response-break,fanout4,3,0,0,0,1,0,0,0,1,1
pair-13-case-363,gRPC Health,watch-response-break,fanout4,4,0,0,0,1,0,0,0,1,1
pair-13-case-364,gRPC Health,watch-response-break,fanout4,4,0,0,0,1,0,0,0,1,1
pair-13-case-365,gRPC Health,watch-response-break,fanout4,4,0,0,0,1,0,0,0,1,1
pair-13-case-366,gRPC Health,watch-response-break,fanout4,4,0,0,0,1,1,0,0,1,1
pair-13-case-367,gRPC Health,watch-response-break,fanout4,4,0,0,0,1,1,0,0,1,1
pair-13-case-368,gRPC Health,watch-response-break,fanout4,2,0,0,0,1,1,0,0,1,1
pair-13-case-369,gRPC Health,watch-response-break,fanout4,3,0,0,0,1,0,0,0,1,1
pair-13-case-370,gRPC Health,watch-response-break,fanout4,4,0,0,0,1,0,0,0,1,1
pair-13-case-371,gRPC Health,watch-response-break,fanout4,4,0,0,0,1,0,0,0,1,1
pair-13-case-372,gRPC Health,watch-response-break,fanout4,4,0,0,0,1,0,0,0,1,1
pair-13-case-373,gRPC Health,watch-response-break,fanout4,3,0,18,0,1,0,0,1,1,1
pair-13-case-374,gRPC Health,watch-response-break,fanout4,4,0,0,0,1,1,0,0,1,1
pair-13-case-375,gRPC Health,watch-response-break,fanout4,4,0,0,0,1,0,0,0,1,1
pair-13-case-376,gRPC Health,watch-response-break,fanout4,4,0,0,0,1,0,0,0,1,1
pair-13-case-377,gRPC Health,watch-response-break,fanout4,4,0,0,0,1,0,0,0,1,1
pair-13-case-378,gRPC Health,watch-response-break,fanout4,4,0,0,0,1,0,0,0,1,1
pair-13-case-379,gRPC Health,watch-response-break,fanout4,4,0,0,0,1,0,0,0,1,1
pair-13-case-380,gRPC Health,watch-response-break,fanout4,2,0,21,0,1,1,0,0,1,1
pair-13-case-381,gRPC Health,watch-response-break,fanout4,4,0,0,0,1,0,0,0,1,1
pair-13-case-382,gRPC Health,watch-response-break,fanout4,4,0,0,0,1,1,0,0,1,1
pair-13-case-383,gRPC Health,watch-response-break,fanout4,4,0,0,0,1,1,0,0,1,1
pair-13-case-384,gRPC Health,watch-response-break,fanout4,4,0,0,0,1,1,0,0,1,1
pair-13-case-385,gRPC Health,watch-response-break,fanout4,3,0,0,0,1,1,1,0,1,1
pair-13-case-386,gRPC Health,watch-response-break,fanout4,3,0,0,0,1,0,0,0,1,1
pair-13-case-387,gRPC Health,watch-response-break,fanout4,2,0,9,0,1,0,0,1,1,1
pair-13-case-388,gRPC Health,watch-response-break,fanout4,4,0,0,0,1,0,0,0,1,1
pair-13-case-389,gRPC Health,watch-response-break,fanout4,4,0,3,0,1,0,0,1,1,1
pair-13-case-390,gRPC Health,watch-response-break,fanout4,3,0,0,0,1,0,0,0,1,1
pair-13-case-391,gRPC Health,watch-response-break,fanout4,4,0,0,0,1,0,0,0,1,1
pair-13-case-392,gRPC Health,watch-response-break,fanout4,4,0,0,0,1,1,0,0,1,1
pair-13-case-393,gRPC Health,watch-response-break,fanout4,4,0,0,0,1,0,0,0,1,1
pair-13-case-394,gRPC Health,watch-response-break,fanout4,4,0,0,0,1,0,0,0,1,1
pair-13-case-395,gRPC Health,watch-response-break,fanout4,4,0,3,0,1,1,0,0,1,1
pair-13-case-396,gRPC Health,watch-response-break,fanout4,4,0,0,0,1,0,0,0,1,1
pair-13-case-397,gRPC Health,watch-response-break,fanout4,4,0,0,0,1,1,0,0,1,1
pair-13-case-398,gRPC Health,watch-response-break,fanout4,4,0,0,0,1,0,0,0,1,1
pair-13-case-399,gRPC Health,watch-response-break,fanout4,4,0,0,0,1,1,0,0,1,1
pair-13-case-400,gRPC Health,watch-response-break,fanout4,4,0,0,0,1,0,0,0,1,1
pair-13-case-401,gRPC Health,watch-response-break,fanout4,4,0,0,0,1,0,0,0,1,1
pair-13-case-402,gRPC Health,watch-response-break,fanout4,4,0,0,0,1,0,0,0,1,1
pair-13-case-403,gRPC Health,watch-response-break,fanout4,4,0,0,0,1,0,0,0,1,1
pair-13-case-404,gRPC Health,watch-response-break,fanout4,4,0,0,0,1,0,0,0,1,1
pair-13-case-405,gRPC Health,watch-response-break,fanout4,4,0,0,0,1,1,0,0,1,1
pair-13-case-406,gRPC Health,watch-response-break,fanout4,3,0,0,0,1,0,0,0,1,1
pair-13-case-407,gRPC Health,watch-response-break,fanout4,4,0,0,0,1,0,0,0,1,1
pair-13-case-408,gRPC Health,watch-response-break,fanout4,4,0,0,0,1,1,0,0,1,1
pair-13-case-409,gRPC Health,watch-response-break,fanout4,4,0,0,0,1,1,0,0,1,1
pair-13-case-410,gRPC Health,watch-response-break,fanout4,4,0,3,0,1,0,0,0,1,1
pair-13-case-411,gRPC Health,watch-response-break,fanout4,4,0,9,0,1,0,0,1,1,1
pair-13-case-412,gRPC Health,watch-response-break,fanout4,4,0,0,0,1,0,0,0,1,1
pair-13-case-413,gRPC Health,watch-response-break,fanout4,4,0,0,0,1,1,0,0,1,1
pair-13-case-414,gRPC Health,watch-response-break,fanout4,4,0,0,0,1,0,0,0,1,1
pair-13-case-415,gRPC Health,watch-response-break,fanout4,3,0,0,0,1,1,0,0,1,1
pair-13-case-416,gRPC Health,watch-response-break,fanout4,4,0,0,0,1,0,0,0,1,1
pair-13-case-417,gRPC Health,watch-response-break,fanout4,3,0,7,0,1,0,0,1,1,1
pair-13-case-418,gRPC Health,watch-response-break,fanout4,4,0,0,0,1,1,0,0,1,1
pair-13-case-419,gRPC Health,watch-response-break,fanout4,3,0,0,0,1,0,0,0,1,1
pair-13-case-420,gRPC Health,watch-response-break,fanout4,4,0,0,0,1,0,0,0,1,1
pair-13-case-421,gRPC Health,watch-response-break,fanout4,4,0,0,0,1,0,0,0,1,1
pair-13-case-422,gRPC Health,watch-response-break,fanout4,4,0,0,0,1,1,0,0,1,1
pair-13-case-423,gRPC Health,watch-response-break,fanout4,4,0,0,0,1,1,0,0,1,1
pair-13-case-424,gRPC Health,watch-response-break,fanout4,4,0,0,0,1,1,0,0,1,1
pair-13-case-425,gRPC Health,watch-response-break,fanout4,4,0,0,0,1,0,0,0,1,1
pair-13-case-426,gRPC Health,watch-response-break,fanout4,4,0,0,0,1,0,0,0,1,1
pair-13-case-427,gRPC Health,watch-response-break,fanout4,4,0,0,0,1,1,0,0,1,1
pair-13-case-428,gRPC Health,watch-response-break,fanout4,4,0,0,0,1,0,0,0,1,1
pair-13-case-429,gRPC Health,watch-response-break,fanout4,4,0,0,0,1,0,0,0,1,1
pair-13-case-430,gRPC Health,watch-response-break,fanout4,4,0,0,0,1,0,0,0,1,1
pair-13-case-431,gRPC Health,watch-response-break,fanout4,4,0,0,0,1,0,0,0,1,1
pair-13-case-432,gRPC Health,watch-response-break,fanout4,4,0,0,0,1,0,0,0,1,1
pair-13-case-433,gRPC Health,watch-response-break,fanout4,3,0,0,0,1,1,0,0,1,1
pair-13-case-434,gRPC Health,watch-response-break,fanout4,4,0,0,0,1,0,0,0,1,1
pair-13-case-435,gRPC Health,watch-response-break,fanout4,3,0,0,0,1,0,0,0,1,1
pair-13-case-436,gRPC Health,watch-response-break,fanout4,4,0,0,0,1,0,0,0,1,1
pair-13-case-437,gRPC Health,watch-response-break,fanout4,4,0,0,0,1,0,0,0,1,1
pair-13-case-438,gRPC Health,watch-response-break,fanout4,4,0,0,0,1,0,0,0,1,1
pair-13-case-439,gRPC Health,watch-response-break,fanout4,4,0,0,0,1,0,0,0,1,1
pair-13-case-440,gRPC Health,watch-response-break,fanout4,4,0,0,0,1,0,0,0,1,1
pair-13-case-441,gRPC Health,watch-response-break,fanout4,4,0,0,0,1,0,0,0,1,1
pair-13-case-442,gRPC Health,watch-response-break,fanout4,3,0,0,0,1,1,0,0,1,1
pair-13-case-443,gRPC Health,watch-response-break,fanout4,3,0,0,0,1,0,0,0,1,1
pair-13-case-444,gRPC Health,watch-response-break,fanout4,4,0,0,0,1,0,0,0,1,1
pair-13-case-445,gRPC Health,watch-response-break,fanout4,4,0,0,0,1,0,0,0,1,1
pair-13-case-446,gRPC Health,watch-response-break,fanout4,4,0,12,0,1,1,0,0,1,1
pair-13-case-447,gRPC Health,watch-response-break,fanout4,3,0,15,0,1,1,0,1,1,1
pair-13-case-448,gRPC Health,watch-response-break,fanout4,4,0,0,0,1,1,0,0,1,1
pair-13-case-449,gRPC Health,watch-response-break,fanout4,4,0,0,0,1,1,0,0,1,1
pair-13-case-450,gRPC Health,watch-response-break,fanout4,4,0,3,0,1,1,0,1,1,1
pair-13-case-451,gRPC Health,watch-response-break,fanout4,4,0,0,0,1,0,0,0,1,1
pair-13-case-452,gRPC Health,watch-response-break,fanout4,4,0,0,0,1,1,0,0,1,1
pair-13-case-453,gRPC Health,watch-response-break,fanout4,4,0,0,0,1,0,0,0,1,1
pair-13-case-454,gRPC Health,watch-response-break,fanout4,4,0,12,0,1,0,0,1,1,1
pair-13-case-455,gRPC Health,watch-response-break,fanout4,4,0,0,0,1,1,0,0,1,1
pair-13-case-456,gRPC Health,watch-response-break,fanout4,4,0,0,0,1,0,0,0,1,1
pair-13-case-457,gRPC Health,watch-response-break,fanout4,3,0,0,0,1,1,0,0,1,1
pair-13-case-458,gRPC Health,watch-response-break,fanout4,4,0,0,0,1,0,0,0,1,1
pair-13-case-459,gRPC Health,watch-response-break,fanout4,4,0,0,0,1,1,0,0,1,1
pair-13-case-460,gRPC Health,watch-response-break,fanout4,4,0,0,0,1,0,0,0,1,1
pair-13-case-461,gRPC Health,watch-response-break,fanout4,4,0,0,0,1,0,0,0,1,1
pair-13-case-462,gRPC Health,watch-response-break,fanout4,4,0,0,0,1,0,0,0,1,1
pair-13-case-463,gRPC Health,watch-response-break,fanout4,3,0,0,0,1,1,0,0,1,1
pair-13-case-464,gRPC Health,watch-response-break,fanout4,4,0,0,0,1,0,0,0,1,1
pair-13-case-465,gRPC Health,watch-response-break,fanout4,4,0,0,0,1,1,0,0,1,1
pair-13-case-466,gRPC Health,watch-response-break,fanout4,4,0,0,0,1,1,0,0,1,1
pair-13-case-467,gRPC Health,watch-response-break,fanout4,4,0,0,0,1,0,0,0,1,1
pair-13-case-468,gRPC Health,watch-response-break,fanout4,4,0,0,0,1,0,0,0,1,1
pair-13-case-469,gRPC Health,watch-response-break,fanout4,4,0,0,0,1,0,0,0,1,1
pair-13-case-470,gRPC Health,watch-response-break,fanout4,4,0,0,0,1,0,0,0,1,1
pair-13-case-471,gRPC Health,watch-response-break,fanout4,4,0,0,0,1,1,0,0,1,1
pair-13-case-472,gRPC Health,watch-response-break,fanout4,4,0,0,0,1,0,0,0,1,1
pair-13-case-473,gRPC Health,watch-response-break,fanout4,4,0,0,0,1,0,0,0,1,1
pair-13-case-474,gRPC Health,watch-response-break,fanout4,4,0,1,0,1,0,0,1,1,1
pair-13-case-475,gRPC Health,watch-response-break,fanout4,4,0,0,0,1,0,0,0,1,1
pair-13-case-476,gRPC Health,watch-response-break,fanout4,4,0,2,0,1,1,0,0,1,1
pair-13-case-477,gRPC Health,watch-response-break,fanout4,4,0,0,0,1,0,0,0,1,1
pair-13-case-478,gRPC Health,watch-response-break,fanout4,4,0,0,0,1,1,0,0,1,1
pair-13-case-479,gRPC Health,watch-response-break,fanout4,3,0,9,0,1,0,0,1,1,1
pair-13-case-480,gRPC Health,watch-response-break,fanout4,4,0,0,0,1,0,0,0,1,1
pair-13-case-481,gRPC Health,watch-response-break,fanout4,4,0,0,0,1,0,0,0,1,1
pair-13-case-482,gRPC Health,watch-response-break,fanout4,4,0,0,0,1,0,0,0,1,1
pair-13-case-483,gRPC Health,watch-response-break,fanout4,3,0,0,0,1,0,0,0,1,1
pair-13-case-484,gRPC Health,watch-response-break,fanout4,4,0,0,0,1,0,0,0,1,1
pair-13-case-485,gRPC Health,watch-response-break,fanout4,4,0,0,0,1,0,0,0,1,1
pair-13-case-486,gRPC Health,watch-response-break,fanout4,3,0,0,0,1,0,0,0,1,1
pair-13-case-487,gRPC Health,watch-response-break,fanout4,4,0,0,0,1,0,0,0,1,1
pair-13-case-488,gRPC Health,watch-response-break,fanout4,4,0,0,0,1,1,0,0,1,1
pair-13-case-489,gRPC Health,watch-response-break,fanout4,4,0,0,0,1,1,0,0,1,1
pair-13-case-490,gRPC Health,watch-response-break,fanout4,4,0,7,0,1,1,0,1,1,1
pair-13-case-491,gRPC Health,watch-response-break,fanout4,4,0,0,0,1,0,0,0,1,1
pair-13-case-492,gRPC Health,watch-response-break,fanout4,3,0,0,0,1,0,0,0,1,1
pair-13-case-493,gRPC Health,watch-response-break,fanout4,4,0,0,0,1,0,0,0,1,1
pair-13-case-494,gRPC Health,watch-response-break,fanout4,4,0,0,0,1,0,0,0,1,1
pair-13-case-495,gRPC Health,watch-response-break,fanout4,4,0,0,0,1,0,0,0,1,1
pair-13-case-496,gRPC Health,watch-response-break,fanout4,3,0,3,0,1,0,0,1,1,1
pair-13-case-497,gRPC Health,watch-response-break,fanout4,4,0,0,0,1,1,0,0,1,1
pair-13-case-498,gRPC Health,watch-response-break,fanout4,4,0,0,0,1,0,0,0,1,1
pair-13-case-499,gRPC Health,watch-response-break,fanout4,4,0,0,0,1,0,0,0,1,1
pair-14-case-000,gRPC Health,watch-state-recode,diamond4,0,1,81,8,0,1,1,1,1,1
pair-14-case-001,gRPC Health,watch-state-recode,diamond4,1,0,0,0,1,0,0,0,1,1
pair-14-case-002,gRPC Health,watch-state-recode,diamond4,1,0,27,0,1,0,0,1,1,1
pair-14-case-003,gRPC Health,watch-state-recode,diamond4,1,0,0,0,1,1,1,0,1,1
pair-14-case-004,gRPC Health,watch-state-recode,diamond4,1,0,0,0,1,1,1,0,1,1
pair-14-case-005,gRPC Health,watch-state-recode,diamond4,1,0,27,0,1,1,0,1,1,1
pair-14-case-006,gRPC Health,watch-state-recode,diamond4,1,0,0,0,1,0,0,0,1,1
pair-14-case-007,gRPC Health,watch-state-recode,diamond4,1,0,27,0,1,0,0,1,1,1
pair-14-case-008,gRPC Health,watch-state-recode,diamond4,1,0,0,0,1,1,1,0,1,1
pair-14-case-009,gRPC Health,watch-state-recode,diamond4,1,0,0,0,1,1,1,0,1,1
pair-14-case-010,gRPC Health,watch-state-recode,diamond4,1,0,27,0,1,1,0,1,1,1
pair-14-case-011,gRPC Health,watch-state-recode,diamond4,1,0,0,0,1,0,0,0,1,1
pair-14-case-012,gRPC Health,watch-state-recode,diamond4,1,0,27,0,1,0,0,1,1,1
pair-14-case-013,gRPC Health,watch-state-recode,diamond4,1,0,27,0,1,1,1,0,1,1
pair-14-case-014,gRPC Health,watch-state-recode,diamond4,1,0,0,0,1,1,1,0,1,1
pair-14-case-015,gRPC Health,watch-state-recode,diamond4,1,0,0,0,1,1,1,0,1,1
pair-14-case-016,gRPC Health,watch-state-recode,diamond4,1,0,27,0,1,1,0,1,1,1
pair-14-case-017,gRPC Health,watch-state-recode,diamond4,1,0,0,0,1,0,0,0,1,1
pair-14-case-018,gRPC Health,watch-state-recode,diamond4,1,0,27,0,1,0,0,1,1,1
pair-14-case-019,gRPC Health,watch-state-recode,diamond4,1,0,27,0,1,1,1,0,1,1
pair-14-case-020,gRPC Health,watch-state-recode,diamond4,1,0,0,0,1,1,1,0,1,1
pair-14-case-021,gRPC Health,watch-state-recode,diamond4,1,0,0,0,1,1,1,0,1,1
pair-14-case-022,gRPC Health,watch-state-recode,diamond4,1,0,27,0,1,1,0,1,1,1
pair-14-case-023,gRPC Health,watch-state-recode,diamond4,1,1,63,8,0,1,0,1,1,1
pair-14-case-024,gRPC Health,watch-state-recode,diamond4,1,1,63,8,0,1,0,1,1,1
pair-14-case-025,gRPC Health,watch-state-recode,diamond4,1,1,63,8,0,1,0,1,1,1
pair-14-case-026,gRPC Health,watch-state-recode,diamond4,1,1,63,8,0,1,0,1,1,1
pair-14-case-027,gRPC Health,watch-state-recode,diamond4,1,1,63,8,0,1,0,1,1,1
pair-14-case-028,gRPC Health,watch-state-recode,diamond4,1,1,63,8,0,1,0,1,1,1
pair-14-case-029,gRPC Health,watch-state-recode,diamond4,1,1,63,8,0,1,0,1,1,1
pair-14-case-030,gRPC Health,watch-state-recode,diamond4,1,1,63,8,0,1,0,1,1,1
pair-14-case-031,gRPC Health,watch-state-recode,diamond4,4,1,25,8,0,1,0,1,1,1
pair-14-case-032,gRPC Health,watch-state-recode,diamond4,2,1,49,8,0,1,0,1,1,1
pair-14-case-033,gRPC Health,watch-state-recode,diamond4,4,1,27,8,0,1,0,1,1,1
pair-14-case-034,gRPC Health,watch-state-recode,diamond4,3,1,34,8,0,1,0,1,1,1
pair-14-case-035,gRPC Health,watch-state-recode,diamond4,2,1,45,8,0,1,0,1,1,1
pair-14-case-036,gRPC Health,watch-state-recode,diamond4,2,1,45,8,0,1,0,1,1,1
pair-14-case-037,gRPC Health,watch-state-recode,diamond4,4,1,21,8,0,1,0,1,1,1
pair-14-case-038,gRPC Health,watch-state-recode,diamond4,4,1,25,8,0,1,0,1,1,1
pair-14-case-039,gRPC Health,watch-state-recode,diamond4,2,1,57,8,0,1,0,1,1,1
pair-14-case-040,gRPC Health,watch-state-recode,diamond4,3,1,43,8,0,1,0,1,1,1
pair-14-case-041,gRPC Health,watch-state-recode,diamond4,4,1,31,8,0,1,0,1,1,1
pair-14-case-042,gRPC Health,watch-state-recode,diamond4,4,1,29,8,0,1,0,1,1,1
pair-14-case-043,gRPC Health,watch-state-recode,diamond4,4,1,26,8,0,1,0,1,1,1
pair-14-case-044,gRPC Health,watch-state-recode,diamond4,3,1,37,8,0,1,0,1,1,1
pair-14-case-045,gRPC Health,watch-state-recode,diamond4,4,1,31,8,0,1,0,1,1,1
pair-14-case-046,gRPC Health,watch-state-recode,diamond4,3,1,39,8,0,1,0,1,1,1
pair-14-case-047,gRPC Health,watch-state-recode,diamond4,4,1,26,8,0,1,0,1,1,1
pair-14-case-048,gRPC Health,watch-state-recode,diamond4,2,1,51,8,0,1,0,1,1,1
pair-14-case-049,gRPC Health,watch-state-recode,diamond4,2,1,49,8,0,1,0,1,1,1
pair-14-case-050,gRPC Health,watch-state-recode,diamond4,4,1,33,8,0,1,0,1,1,1
pair-14-case-051,gRPC Health,watch-state-recode,diamond4,3,1,37,8,0,1,0,1,1,1
pair-14-case-052,gRPC Health,watch-state-recode,diamond4,4,1,27,8,0,1,0,1,1,1
pair-14-case-053,gRPC Health,watch-state-recode,diamond4,3,1,31,8,0,1,0,1,1,1
pair-14-case-054,gRPC Health,watch-state-recode,diamond4,3,1,39,8,0,1,0,1,1,1
pair-14-case-055,gRPC Health,watch-state-recode,diamond4,4,1,33,8,0,1,0,1,1,1
pair-14-case-056,gRPC Health,watch-state-recode,diamond4,4,1,26,8,0,1,0,1,1,1
pair-14-case-057,gRPC Health,watch-state-recode,diamond4,3,1,45,8,0,1,0,1,1,1
pair-14-case-058,gRPC Health,watch-state-recode,diamond4,4,1,25,8,0,1,0,1,1,1
pair-14-case-059,gRPC Health,watch-state-recode,diamond4,2,1,45,8,0,1,0,1,1,1
pair-14-case-060,gRPC Health,watch-state-recode,diamond4,4,1,33,8,0,1,0,1,1,1
pair-14-case-061,gRPC Health,watch-state-recode,diamond4,3,1,34,8,0,1,0,1,1,1
pair-14-case-062,gRPC Health,watch-state-recode,diamond4,3,1,34,8,0,1,0,1,1,1
pair-14-case-063,gRPC Health,watch-state-recode,diamond4,4,1,27,8,0,1,0,1,1,1
pair-14-case-064,gRPC Health,watch-state-recode,diamond4,4,1,25,8,0,1,0,1,1,1
pair-14-case-065,gRPC Health,watch-state-recode,diamond4,3,1,39,8,0,1,0,1,1,1
pair-14-case-066,gRPC Health,watch-state-recode,diamond4,2,1,51,8,0,1,0,1,1,1
pair-14-case-067,gRPC Health,watch-state-recode,diamond4,3,1,35,8,0,1,0,1,1,1
pair-14-case-068,gRPC Health,watch-state-recode,diamond4,4,1,31,8,0,1,0,1,1,1
pair-14-case-069,gRPC Health,watch-state-recode,diamond4,3,1,35,8,0,1,0,1,1,1
pair-14-case-070,gRPC Health,watch-state-recode,diamond4,2,1,48,8,0,1,0,1,1,1
pair-14-case-071,gRPC Health,watch-state-recode,diamond4,3,1,35,8,0,1,0,1,1,1
pair-14-case-072,gRPC Health,watch-state-recode,diamond4,3,1,36,8,0,1,0,1,1,1
pair-14-case-073,gRPC Health,watch-state-recode,diamond4,4,1,27,8,0,1,0,1,1,1
pair-14-case-074,gRPC Health,watch-state-recode,diamond4,2,1,45,8,0,1,0,1,1,1
pair-14-case-075,gRPC Health,watch-state-recode,diamond4,4,1,31,8,0,1,0,1,1,1
pair-14-case-076,gRPC Health,watch-state-recode,diamond4,3,1,37,8,0,1,0,1,1,1
pair-14-case-077,gRPC Health,watch-state-recode,diamond4,3,1,33,8,0,1,0,1,1,1
pair-14-case-078,gRPC Health,watch-state-recode,diamond4,2,1,49,8,0,1,0,1,1,1
pair-14-case-079,gRPC Health,watch-state-recode,diamond4,4,1,27,8,0,1,0,1,1,1
pair-14-case-080,gRPC Health,watch-state-recode,diamond4,3,1,45,8,0,1,0,1,1,1
pair-14-case-081,gRPC Health,watch-state-recode,diamond4,4,1,26,8,0,1,0,1,1,1
pair-14-case-082,gRPC Health,watch-state-recode,diamond4,4,1,27,8,0,1,0,1,1,1
pair-14-case-083,gRPC Health,watch-state-recode,diamond4,4,1,31,8,0,1,0,1,1,1
pair-14-case-084,gRPC Health,watch-state-recode,diamond4,2,1,49,8,0,1,0,1,1,1
pair-14-case-085,gRPC Health,watch-state-recode,diamond4,3,1,31,8,0,1,0,1,1,1
pair-14-case-086,gRPC Health,watch-state-recode,diamond4,3,1,34,8,0,1,0,1,1,1
pair-14-case-087,gRPC Health,watch-state-recode,diamond4,4,1,27,8,0,1,0,1,1,1
pair-14-case-088,gRPC Health,watch-state-recode,diamond4,3,1,39,8,0,1,0,1,1,1
pair-14-case-089,gRPC Health,watch-state-recode,diamond4,3,1,45,8,0,1,0,1,1,1
pair-14-case-090,gRPC Health,watch-state-recode,diamond4,3,1,37,8,0,1,0,1,1,1
pair-14-case-091,gRPC Health,watch-state-recode,diamond4,3,1,31,8,0,1,0,1,1,1
pair-14-case-092,gRPC Health,watch-state-recode,diamond4,4,1,31,8,0,1,0,1,1,1
pair-14-case-093,gRPC Health,watch-state-recode,diamond4,4,1,20,8,0,1,0,1,1,1
pair-14-case-094,gRPC Health,watch-state-recode,diamond4,4,1,35,8,0,1,0,1,1,1
pair-14-case-095,gRPC Health,watch-state-recode,diamond4,4,1,27,8,0,1,0,1,1,1
pair-14-case-096,gRPC Health,watch-state-recode,diamond4,4,1,29,8,0,1,0,1,1,1
pair-14-case-097,gRPC Health,watch-state-recode,diamond4,2,1,45,8,0,1,0,1,1,1
pair-14-case-098,gRPC Health,watch-state-recode,diamond4,4,1,23,8,0,1,0,1,1,1
pair-14-case-099,gRPC Health,watch-state-recode,diamond4,4,1,23,8,0,1,0,1,1,1
pair-14-case-100,gRPC Health,watch-state-recode,diamond4,2,1,49,8,0,1,0,1,1,1
pair-14-case-101,gRPC Health,watch-state-recode,diamond4,2,1,48,8,0,1,0,1,1,1
pair-14-case-102,gRPC Health,watch-state-recode,diamond4,4,1,26,8,0,1,0,1,1,1
pair-14-case-103,gRPC Health,watch-state-recode,diamond4,3,1,43,8,0,1,0,1,1,1
pair-14-case-104,gRPC Health,watch-state-recode,diamond4,3,1,43,8,0,1,0,1,1,1
pair-14-case-105,gRPC Health,watch-state-recode,diamond4,4,1,33,8,0,1,0,1,1,1
pair-14-case-106,gRPC Health,watch-state-recode,diamond4,4,1,31,8,0,1,0,1,1,1
pair-14-case-107,gRPC Health,watch-state-recode,diamond4,4,1,30,8,0,1,0,1,1,1
pair-14-case-108,gRPC Health,watch-state-recode,diamond4,3,1,37,8,0,1,0,1,1,1
pair-14-case-109,gRPC Health,watch-state-recode,diamond4,3,1,41,8,0,1,0,1,1,1
pair-14-case-110,gRPC Health,watch-state-recode,diamond4,4,1,29,8,0,1,0,1,1,1
pair-14-case-111,gRPC Health,watch-state-recode,diamond4,4,1,23,8,0,1,0,1,1,1
pair-14-case-112,gRPC Health,watch-state-recode,diamond4,2,1,57,8,0,1,0,1,1,1
pair-14-case-113,gRPC Health,watch-state-recode,diamond4,4,1,26,8,0,1,0,1,1,1
pair-14-case-114,gRPC Health,watch-state-recode,diamond4,3,1,37,8,0,1,0,1,1,1
pair-14-case-115,gRPC Health,watch-state-recode,diamond4,3,1,35,8,0,1,0,1,1,1
pair-14-case-116,gRPC Health,watch-state-recode,diamond4,3,1,35,8,0,1,0,1,1,1
pair-14-case-117,gRPC Health,watch-state-recode,diamond4,2,1,45,8,0,1,0,1,1,1
pair-14-case-118,gRPC Health,watch-state-recode,diamond4,3,1,33,8,0,1,0,1,1,1
pair-14-case-119,gRPC Health,watch-state-recode,diamond4,4,1,33,8,0,1,0,1,1,1
pair-14-case-120,gRPC Health,watch-state-recode,diamond4,3,1,37,8,0,1,0,1,1,1
pair-14-case-121,gRPC Health,watch-state-recode,diamond4,2,1,49,8,0,1,0,1,1,1
pair-14-case-122,gRPC Health,watch-state-recode,diamond4,2,1,49,8,0,1,0,1,1,1
pair-14-case-123,gRPC Health,watch-state-recode,diamond4,3,1,35,8,0,1,0,1,1,1
pair-14-case-124,gRPC Health,watch-state-recode,diamond4,3,1,33,8,0,1,0,1,1,1
pair-14-case-125,gRPC Health,watch-state-recode,diamond4,4,1,29,8,0,1,0,1,1,1
pair-14-case-126,gRPC Health,watch-state-recode,diamond4,2,1,45,8,0,1,0,1,1,1
pair-14-case-127,gRPC Health,watch-state-recode,diamond4,4,0,0,0,1,1,1,0,1,1
pair-14-case-128,gRPC Health,watch-state-recode,diamond4,4,0,0,0,1,0,0,0,1,1
pair-14-case-129,gRPC Health,watch-state-recode,diamond4,4,0,0,0,1,1,0,0,1,1
pair-14-case-130,gRPC Health,watch-state-recode,diamond4,4,0,0,0,1,0,0,0,1,1
pair-14-case-131,gRPC Health,watch-state-recode,diamond4,4,0,0,0,1,1,0,0,1,1
pair-14-case-132,gRPC Health,watch-state-recode,diamond4,4,0,0,0,1,1,0,0,1,1
pair-14-case-133,gRPC Health,watch-state-recode,diamond4,4,0,0,0,1,1,0,0,1,1
pair-14-case-134,gRPC Health,watch-state-recode,diamond4,4,0,0,0,1,0,0,0,1,1
pair-14-case-135,gRPC Health,watch-state-recode,diamond4,4,0,0,0,1,1,0,0,1,1
pair-14-case-136,gRPC Health,watch-state-recode,diamond4,4,0,0,0,1,0,0,0,1,1
pair-14-case-137,gRPC Health,watch-state-recode,diamond4,4,0,0,0,1,1,0,0,1,1
pair-14-case-138,gRPC Health,watch-state-recode,diamond4,4,0,0,0,1,0,0,0,1,1
pair-14-case-139,gRPC Health,watch-state-recode,diamond4,4,0,0,0,1,1,0,0,1,1
pair-14-case-140,gRPC Health,watch-state-recode,diamond4,4,0,0,0,1,1,0,0,1,1
pair-14-case-141,gRPC Health,watch-state-recode,diamond4,4,0,0,0,1,1,0,0,1,1
pair-14-case-142,gRPC Health,watch-state-recode,diamond4,4,0,0,0,1,0,0,0,1,1
pair-14-case-143,gRPC Health,watch-state-recode,diamond4,4,0,0,0,1,0,0,0,1,1
pair-14-case-144,gRPC Health,watch-state-recode,diamond4,4,0,0,0,1,0,0,0,1,1
pair-14-case-145,gRPC Health,watch-state-recode,diamond4,4,0,0,0,1,0,0,0,1,1
pair-14-case-146,gRPC Health,watch-state-recode,diamond4,4,0,0,0,1,0,0,0,1,1
pair-14-case-147,gRPC Health,watch-state-recode,diamond4,4,0,0,0,1,0,0,0,1,1
pair-14-case-148,gRPC Health,watch-state-recode,diamond4,4,0,0,0,1,1,0,0,1,1
pair-14-case-149,gRPC Health,watch-state-recode,diamond4,4,0,0,0,1,0,0,0,1,1
pair-14-case-150,gRPC Health,watch-state-recode,diamond4,3,0,0,0,1,0,0,0,1,1
pair-14-case-151,gRPC Health,watch-state-recode,diamond4,4,0,0,0,1,1,0,0,1,1
pair-14-case-152,gRPC Health,watch-state-recode,diamond4,4,0,3,0,1,0,0,1,1,1
pair-14-case-153,gRPC Health,watch-state-recode,diamond4,4,0,0,0,1,0,0,0,1,1
pair-14-case-154,gRPC Health,watch-state-recode,diamond4,4,0,0,0,1,0,0,0,1,1
pair-14-case-155,gRPC Health,watch-state-recode,diamond4,4,0,0,0,1,0,0,0,1,1
pair-14-case-156,gRPC Health,watch-state-recode,diamond4,4,0,0,0,1,0,0,0,1,1
pair-14-case-157,gRPC Health,watch-state-recode,diamond4,3,0,0,0,1,0,0,0,1,1
pair-14-case-158,gRPC Health,watch-state-recode,diamond4,4,0,0,0,1,1,0,0,1,1
pair-14-case-159,gRPC Health,watch-state-recode,diamond4,4,0,8,0,1,0,0,1,1,1
pair-14-case-160,gRPC Health,watch-state-recode,diamond4,4,0,0,0,1,0,0,0,1,1
pair-14-case-161,gRPC Health,watch-state-recode,diamond4,3,0,9,0,1,0,0,1,1,1
pair-14-case-162,gRPC Health,watch-state-recode,diamond4,4,0,12,0,1,1,0,1,1,1
pair-14-case-163,gRPC Health,watch-state-recode,diamond4,4,0,0,0,1,0,0,0,1,1
pair-14-case-164,gRPC Health,watch-state-recode,diamond4,4,0,0,0,1,0,0,0,1,1
pair-14-case-165,gRPC Health,watch-state-recode,diamond4,4,0,0,0,1,0,0,0,1,1
pair-14-case-166,gRPC Health,watch-state-recode,diamond4,4,0,0,0,1,1,0,0,1,1
pair-14-case-167,gRPC Health,watch-state-recode,diamond4,4,0,0,0,1,0,0,0,1,1
pair-14-case-168,gRPC Health,watch-state-recode,diamond4,4,0,0,0,1,0,0,0,1,1
pair-14-case-169,gRPC Health,watch-state-recode,diamond4,4,0,0,0,1,0,0,0,1,1
pair-14-case-170,gRPC Health,watch-state-recode,diamond4,4,0,0,0,1,0,0,0,1,1
pair-14-case-171,gRPC Health,watch-state-recode,diamond4,4,0,0,0,1,0,0,0,1,1
pair-14-case-172,gRPC Health,watch-state-recode,diamond4,4,0,0,0,1,0,0,0,1,1
pair-14-case-173,gRPC Health,watch-state-recode,diamond4,3,0,0,0,1,0,0,0,1,1
pair-14-case-174,gRPC Health,watch-state-recode,diamond4,4,0,0,0,1,1,1,0,1,1
pair-14-case-175,gRPC Health,watch-state-recode,diamond4,4,0,0,0,1,0,0,0,1,1
pair-14-case-176,gRPC Health,watch-state-recode,diamond4,4,0,0,0,1,1,0,0,1,1
pair-14-case-177,gRPC Health,watch-state-recode,diamond4,4,0,0,0,1,0,0,0,1,1
pair-14-case-178,gRPC Health,watch-state-recode,diamond4,4,0,0,0,1,0,0,0,1,1
pair-14-case-179,gRPC Health,watch-state-recode,diamond4,4,0,0,0,1,0,0,0,1,1
pair-14-case-180,gRPC Health,watch-state-recode,diamond4,4,0,0,0,1,1,0,0,1,1
pair-14-case-181,gRPC Health,watch-state-recode,diamond4,4,0,0,0,1,0,0,0,1,1
pair-14-case-182,gRPC Health,watch-state-recode,diamond4,4,0,3,0,1,0,0,1,1,1
pair-14-case-183,gRPC Health,watch-state-recode,diamond4,3,0,3,0,1,1,0,0,1,1
pair-14-case-184,gRPC Health,watch-state-recode,diamond4,4,0,0,0,1,0,0,0,1,1
pair-14-case-185,gRPC Health,watch-state-recode,diamond4,4,0,7,0,1,1,0,1,1,1
pair-14-case-186,gRPC Health,watch-state-recode,diamond4,4,0,3,0,1,0,0,1,1,1
pair-14-case-187,gRPC Health,watch-state-recode,diamond4,4,0,0,0,1,0,0,0,1,1
pair-14-case-188,gRPC Health,watch-state-recode,diamond4,4,0,0,0,1,0,0,0,1,1
pair-14-case-189,gRPC Health,watch-state-recode,diamond4,4,0,0,0,1,0,0,0,1,1
pair-14-case-190,gRPC Health,watch-state-recode,diamond4,4,0,0,0,1,1,0,0,1,1
pair-14-case-191,gRPC Health,watch-state-recode,diamond4,4,0,0,0,1,0,0,0,1,1
pair-14-case-192,gRPC Health,watch-state-recode,diamond4,4,0,0,0,1,0,0,0,1,1
pair-14-case-193,gRPC Health,watch-state-recode,diamond4,4,0,0,0,1,0,0,0,1,1
pair-14-case-194,gRPC Health,watch-state-recode,diamond4,4,0,0,0,1,0,0,0,1,1
pair-14-case-195,gRPC Health,watch-state-recode,diamond4,4,0,0,0,1,0,0,0,1,1
pair-14-case-196,gRPC Health,watch-state-recode,diamond4,4,0,0,0,1,0,0,0,1,1
pair-14-case-197,gRPC Health,watch-state-recode,diamond4,3,0,6,0,1,1,0,1,1,1
pair-14-case-198,gRPC Health,watch-state-recode,diamond4,4,0,0,0,1,0,0,0,1,1
pair-14-case-199,gRPC Health,watch-state-recode,diamond4,3,0,6,0,1,0,0,1,1,1
pair-14-case-200,gRPC Health,watch-state-recode,diamond4,4,0,0,0,1,1,0,0,1,1
pair-14-case-201,gRPC Health,watch-state-recode,diamond4,4,0,3,0,1,0,0,1,1,1
pair-14-case-202,gRPC Health,watch-state-recode,diamond4,4,0,3,0,1,0,0,0,1,1
pair-14-case-203,gRPC Health,watch-state-recode,diamond4,4,0,9,0,1,0,0,0,1,1
pair-14-case-204,gRPC Health,watch-state-recode,diamond4,3,0,0,0,1,0,0,0,1,1
pair-14-case-205,gRPC Health,watch-state-recode,diamond4,4,0,0,0,1,0,0,0,1,1
pair-14-case-206,gRPC Health,watch-state-recode,diamond4,3,0,0,0,1,0,0,0,1,1
pair-14-case-207,gRPC Health,watch-state-recode,diamond4,4,0,0,0,1,0,0,0,1,1
pair-14-case-208,gRPC Health,watch-state-recode,diamond4,4,0,0,0,1,0,0,0,1,1
pair-14-case-209,gRPC Health,watch-state-recode,diamond4,4,0,0,0,1,1,0,0,1,1
pair-14-case-210,gRPC Health,watch-state-recode,diamond4,4,0,0,0,1,0,0,0,1,1
pair-14-case-211,gRPC Health,watch-state-recode,diamond4,4,0,0,0,1,0,0,0,1,1
pair-14-case-212,gRPC Health,watch-state-recode,diamond4,4,0,0,0,1,0,0,0,1,1
pair-14-case-213,gRPC Health,watch-state-recode,diamond4,4,0,0,0,1,0,0,0,1,1
pair-14-case-214,gRPC Health,watch-state-recode,diamond4,4,0,0,0,1,0,0,0,1,1
pair-14-case-215,gRPC Health,watch-state-recode,diamond4,4,0,9,0,1,1,0,0,1,1
pair-14-case-216,gRPC Health,watch-state-recode,diamond4,4,0,0,0,1,0,0,0,1,1
pair-14-case-217,gRPC Health,watch-state-recode,diamond4,3,0,0,0,1,0,0,0,1,1
pair-14-case-218,gRPC Health,watch-state-recode,diamond4,4,0,0,0,1,0,0,0,1,1
pair-14-case-219,gRPC Health,watch-state-recode,diamond4,4,0,0,0,1,0,0,0,1,1
pair-14-case-220,gRPC Health,watch-state-recode,diamond4,4,0,0,0,1,0,0,0,1,1
pair-14-case-221,gRPC Health,watch-state-recode,diamond4,4,0,0,0,1,0,0,0,1,1
pair-14-case-222,gRPC Health,watch-state-recode,diamond4,4,0,0,0,1,0,0,0,1,1
pair-14-case-223,gRPC Health,watch-state-recode,diamond4,4,0,0,0,1,0,0,0,1,1
pair-14-case-224,gRPC Health,watch-state-recode,diamond4,3,0,0,0,1,0,0,0,1,1
pair-14-case-225,gRPC Health,watch-state-recode,diamond4,4,0,0,0,1,0,0,0,1,1
pair-14-case-226,gRPC Health,watch-state-recode,diamond4,4,0,0,0,1,0,0,0,1,1
pair-14-case-227,gRPC Health,watch-state-recode,diamond4,4,0,0,0,1,0,0,0,1,1
pair-14-case-228,gRPC Health,watch-state-recode,diamond4,3,0,9,0,1,0,0,1,1,1
pair-14-case-229,gRPC Health,watch-state-recode,diamond4,4,0,0,0,1,1,0,0,1,1
pair-14-case-230,gRPC Health,watch-state-recode,diamond4,4,0,0,0,1,0,0,0,1,1
pair-14-case-231,gRPC Health,watch-state-recode,diamond4,2,0,0,0,1,0,0,0,1,1
pair-14-case-232,gRPC Health,watch-state-recode,diamond4,4,0,0,0,1,0,0,0,1,1
pair-14-case-233,gRPC Health,watch-state-recode,diamond4,4,0,0,0,1,0,0,0,1,1
pair-14-case-234,gRPC Health,watch-state-recode,diamond4,4,0,0,0,1,0,0,0,1,1
pair-14-case-235,gRPC Health,watch-state-recode,diamond4,4,0,0,0,1,0,0,0,1,1
pair-14-case-236,gRPC Health,watch-state-recode,diamond4,4,0,0,0,1,0,0,0,1,1
pair-14-case-237,gRPC Health,watch-state-recode,diamond4,4,0,0,0,1,1,0,0,1,1
pair-14-case-238,gRPC Health,watch-state-recode,diamond4,4,0,0,0,1,0,0,0,1,1
pair-14-case-239,gRPC Health,watch-state-recode,diamond4,3,0,0,0,1,0,0,0,1,1
pair-14-case-240,gRPC Health,watch-state-recode,diamond4,4,0,0,0,1,0,0,0,1,1
pair-14-case-241,gRPC Health,watch-state-recode,diamond4,4,0,0,0,1,0,0,0,1,1
pair-14-case-242,gRPC Health,watch-state-recode,diamond4,4,0,0,0,1,1,0,0,1,1
pair-14-case-243,gRPC Health,watch-state-recode,diamond4,4,0,0,0,1,1,0,0,1,1
pair-14-case-244,gRPC Health,watch-state-recode,diamond4,4,0,0,0,1,0,0,0,1,1
pair-14-case-245,gRPC Health,watch-state-recode,diamond4,4,0,0,0,1,0,0,0,1,1
pair-14-case-246,gRPC Health,watch-state-recode,diamond4,4,0,0,0,1,0,0,0,1,1
pair-14-case-247,gRPC Health,watch-state-recode,diamond4,4,0,7,0,1,0,0,1,1,1
pair-14-case-248,gRPC Health,watch-state-recode,diamond4,4,0,0,0,1,1,0,0,1,1
pair-14-case-249,gRPC Health,watch-state-recode,diamond4,3,0,0,0,1,0,0,0,1,1
pair-14-case-250,gRPC Health,watch-state-recode,diamond4,4,0,0,0,1,1,0,0,1,1
pair-14-case-251,gRPC Health,watch-state-recode,diamond4,4,0,0,0,1,0,0,0,1,1
pair-14-case-252,gRPC Health,watch-state-recode,diamond4,4,0,0,0,1,0,0,0,1,1
pair-14-case-253,gRPC Health,watch-state-recode,diamond4,4,0,0,0,1,0,0,0,1,1
pair-14-case-254,gRPC Health,watch-state-recode,diamond4,4,0,0,0,1,0,0,0,1,1
pair-14-case-255,gRPC Health,watch-state-recode,diamond4,4,0,0,0,1,0,0,0,1,1
pair-14-case-256,gRPC Health,watch-state-recode,diamond4,4,0,0,0,1,0,0,0,1,1
pair-14-case-257,gRPC Health,watch-state-recode,diamond4,3,0,0,0,1,0,0,0,1,1
pair-14-case-258,gRPC Health,watch-state-recode,diamond4,4,0,18,0,1,0,0,1,1,1
pair-14-case-259,gRPC Health,watch-state-recode,diamond4,3,0,0,0,1,0,0,0,1,1
pair-14-case-260,gRPC Health,watch-state-recode,diamond4,4,0,0,0,1,0,0,0,1,1
pair-14-case-261,gRPC Health,watch-state-recode,diamond4,4,0,0,0,1,0,0,0,1,1
pair-14-case-262,gRPC Health,watch-state-recode,diamond4,4,0,0,0,1,0,0,0,1,1
pair-14-case-263,gRPC Health,watch-state-recode,diamond4,4,0,0,0,1,0,0,0,1,1
pair-14-case-264,gRPC Health,watch-state-recode,diamond4,4,0,0,0,1,0,0,0,1,1
pair-14-case-265,gRPC Health,watch-state-recode,diamond4,4,0,1,0,1,0,0,1,1,1
pair-14-case-266,gRPC Health,watch-state-recode,diamond4,4,0,0,0,1,0,0,0,1,1
pair-14-case-267,gRPC Health,watch-state-recode,diamond4,4,0,0,0,1,0,0,0,1,1
pair-14-case-268,gRPC Health,watch-state-recode,diamond4,4,0,0,0,1,0,0,0,1,1
pair-14-case-269,gRPC Health,watch-state-recode,diamond4,4,0,6,0,1,1,0,1,1,1
pair-14-case-270,gRPC Health,watch-state-recode,diamond4,4,0,0,0,1,0,0,0,1,1
pair-14-case-271,gRPC Health,watch-state-recode,diamond4,4,0,0,0,1,0,0,0,1,1
pair-14-case-272,gRPC Health,watch-state-recode,diamond4,4,0,0,0,1,0,0,0,1,1
pair-14-case-273,gRPC Health,watch-state-recode,diamond4,3,0,0,0,1,0,0,0,1,1
pair-14-case-274,gRPC Health,watch-state-recode,diamond4,3,0,0,0,1,1,0,0,1,1
pair-14-case-275,gRPC Health,watch-state-recode,diamond4,4,0,7,0,1,1,0,0,1,1
pair-14-case-276,gRPC Health,watch-state-recode,diamond4,3,0,0,0,1,0,0,0,1,1
pair-14-case-277,gRPC Health,watch-state-recode,diamond4,3,0,0,0,1,0,0,0,1,1
pair-14-case-278,gRPC Health,watch-state-recode,diamond4,2,0,0,0,1,0,0,0,1,1
pair-14-case-279,gRPC Health,watch-state-recode,diamond4,4,0,0,0,1,0,0,0,1,1
pair-14-case-280,gRPC Health,watch-state-recode,diamond4,3,0,0,0,1,1,0,0,1,1
pair-14-case-281,gRPC Health,watch-state-recode,diamond4,4,0,0,0,1,1,0,0,1,1
pair-14-case-282,gRPC Health,watch-state-recode,diamond4,4,0,0,0,1,0,0,0,1,1
pair-14-case-283,gRPC Health,watch-state-recode,diamond4,4,0,0,0,1,0,0,0,1,1
pair-14-case-284,gRPC Health,watch-state-recode,diamond4,4,0,0,0,1,0,0,0,1,1
pair-14-case-285,gRPC Health,watch-state-recode,diamond4,3,0,6,0,1,0,0,1,1,1
pair-14-case-286,gRPC Health,watch-state-recode,diamond4,4,0,0,0,1,0,0,0,1,1
pair-14-case-287,gRPC Health,watch-state-recode,diamond4,4,0,0,0,1,1,0,0,1,1
pair-14-case-288,gRPC Health,watch-state-recode,diamond4,4,0,0,0,1,0,0,0,1,1
pair-14-case-289,gRPC Health,watch-state-recode,diamond4,4,0,0,0,1,0,0,0,1,1
pair-14-case-290,gRPC Health,watch-state-recode,diamond4,4,0,3,0,1,0,0,1,1,1
pair-14-case-291,gRPC Health,watch-state-recode,diamond4,4,0,0,0,1,1,0,0,1,1
pair-14-case-292,gRPC Health,watch-state-recode,diamond4,4,0,0,0,1,0,0,0,1,1
pair-14-case-293,gRPC Health,watch-state-recode,diamond4,4,0,0,0,1,0,0,0,1,1
pair-14-case-294,gRPC Health,watch-state-recode,diamond4,4,0,0,0,1,0,0,0,1,1
pair-14-case-295,gRPC Health,watch-state-recode,diamond4,4,0,0,0,1,0,0,0,1,1
pair-14-case-296,gRPC Health,watch-state-recode,diamond4,4,0,0,0,1,1,0,0,1,1
pair-14-case-297,gRPC Health,watch-state-recode,diamond4,4,0,0,0,1,1,0,0,1,1
pair-14-case-298,gRPC Health,watch-state-recode,diamond4,3,0,0,0,1,1,0,0,1,1
pair-14-case-299,gRPC Health,watch-state-recode,diamond4,4,0,0,0,1,0,0,0,1,1
pair-14-case-300,gRPC Health,watch-state-recode,diamond4,4,0,0,0,1,0,0,0,1,1
pair-14-case-301,gRPC Health,watch-state-recode,diamond4,4,0,9,0,1,0,0,1,1,1
pair-14-case-302,gRPC Health,watch-state-recode,diamond4,4,0,0,0,1,1,1,0,1,1
pair-14-case-303,gRPC Health,watch-state-recode,diamond4,4,0,0,0,1,0,0,0,1,1
pair-14-case-304,gRPC Health,watch-state-recode,diamond4,4,0,3,0,1,1,0,0,1,1
pair-14-case-305,gRPC Health,watch-state-recode,diamond4,4,0,0,0,1,1,0,0,1,1
pair-14-case-306,gRPC Health,watch-state-recode,diamond4,4,0,0,0,1,1,0,0,1,1
pair-14-case-307,gRPC Health,watch-state-recode,diamond4,4,0,0,0,1,1,0,0,1,1
pair-14-case-308,gRPC Health,watch-state-recode,diamond4,4,0,0,0,1,0,0,0,1,1
pair-14-case-309,gRPC Health,watch-state-recode,diamond4,4,0,0,0,1,0,0,0,1,1
pair-14-case-310,gRPC Health,watch-state-recode,diamond4,4,0,0,0,1,1,0,0,1,1
pair-14-case-311,gRPC Health,watch-state-recode,diamond4,4,0,0,0,1,0,0,0,1,1
pair-14-case-312,gRPC Health,watch-state-recode,diamond4,4,0,1,0,1,0,0,0,1,1
pair-14-case-313,gRPC Health,watch-state-recode,diamond4,3,0,3,0,1,0,0,1,1,1
pair-14-case-314,gRPC Health,watch-state-recode,diamond4,4,0,0,0,1,1,0,0,1,1
pair-14-case-315,gRPC Health,watch-state-recode,diamond4,4,0,0,0,1,0,0,0,1,1
pair-14-case-316,gRPC Health,watch-state-recode,diamond4,4,0,0,0,1,0,0,0,1,1
pair-14-case-317,gRPC Health,watch-state-recode,diamond4,4,0,0,0,1,0,0,0,1,1
pair-14-case-318,gRPC Health,watch-state-recode,diamond4,4,0,0,0,1,0,0,0,1,1
pair-14-case-319,gRPC Health,watch-state-recode,diamond4,4,0,0,0,1,1,0,0,1,1
pair-14-case-320,gRPC Health,watch-state-recode,diamond4,4,0,0,0,1,0,0,0,1,1
pair-14-case-321,gRPC Health,watch-state-recode,diamond4,4,0,3,0,1,0,0,0,1,1
pair-14-case-322,gRPC Health,watch-state-recode,diamond4,4,0,0,0,1,1,0,0,1,1
pair-14-case-323,gRPC Health,watch-state-recode,diamond4,4,0,0,0,1,1,0,0,1,1
pair-14-case-324,gRPC Health,watch-state-recode,diamond4,4,0,0,0,1,0,0,0,1,1
pair-14-case-325,gRPC Health,watch-state-recode,diamond4,4,0,0,0,1,0,0,0,1,1
pair-14-case-326,gRPC Health,watch-state-recode,diamond4,4,0,0,0,1,0,0,0,1,1
pair-14-case-327,gRPC Health,watch-state-recode,diamond4,4,0,3,0,1,0,0,1,1,1
pair-14-case-328,gRPC Health,watch-state-recode,diamond4,4,0,0,0,1,1,0,0,1,1
pair-14-case-329,gRPC Health,watch-state-recode,diamond4,4,0,0,0,1,0,0,0,1,1
pair-14-case-330,gRPC Health,watch-state-recode,diamond4,4,0,0,0,1,0,0,0,1,1
pair-14-case-331,gRPC Health,watch-state-recode,diamond4,4,0,0,0,1,0,0,0,1,1
pair-14-case-332,gRPC Health,watch-state-recode,diamond4,4,0,0,0,1,0,0,0,1,1
pair-14-case-333,gRPC Health,watch-state-recode,diamond4,3,0,9,0,1,1,0,0,1,1
pair-14-case-334,gRPC Health,watch-state-recode,diamond4,3,0,0,0,1,0,0,0,1,1
pair-14-case-335,gRPC Health,watch-state-recode,diamond4,4,0,0,0,1,0,0,0,1,1
pair-14-case-336,gRPC Health,watch-state-recode,diamond4,4,0,0,0,1,0,0,0,1,1
pair-14-case-337,gRPC Health,watch-state-recode,diamond4,4,0,0,0,1,1,0,0,1,1
pair-14-case-338,gRPC Health,watch-state-recode,diamond4,4,0,0,0,1,1,0,0,1,1
pair-14-case-339,gRPC Health,watch-state-recode,diamond4,4,0,0,0,1,0,0,0,1,1
pair-14-case-340,gRPC Health,watch-state-recode,diamond4,4,0,0,0,1,0,0,0,1,1
pair-14-case-341,gRPC Health,watch-state-recode,diamond4,4,0,0,0,1,0,0,0,1,1
pair-14-case-342,gRPC Health,watch-state-recode,diamond4,4,0,0,0,1,0,0,0,1,1
pair-14-case-343,gRPC Health,watch-state-recode,diamond4,4,0,0,0,1,0,0,0,1,1
pair-14-case-344,gRPC Health,watch-state-recode,diamond4,4,0,0,0,1,1,0,0,1,1
pair-14-case-345,gRPC Health,watch-state-recode,diamond4,4,0,0,0,1,0,0,0,1,1
pair-14-case-346,gRPC Health,watch-state-recode,diamond4,4,0,0,0,1,0,0,0,1,1
pair-14-case-347,gRPC Health,watch-state-recode,diamond4,4,0,0,0,1,0,0,0,1,1
pair-14-case-348,gRPC Health,watch-state-recode,diamond4,4,0,0,0,1,0,0,0,1,1
pair-14-case-349,gRPC Health,watch-state-recode,diamond4,4,0,0,0,1,0,0,0,1,1
pair-14-case-350,gRPC Health,watch-state-recode,diamond4,4,0,0,0,1,1,0,0,1,1
pair-14-case-351,gRPC Health,watch-state-recode,diamond4,4,0,0,0,1,0,0,0,1,1
pair-14-case-352,gRPC Health,watch-state-recode,diamond4,4,0,0,0,1,0,0,0,1,1
pair-14-case-353,gRPC Health,watch-state-recode,diamond4,3,0,0,0,1,0,0,0,1,1
pair-14-case-354,gRPC Health,watch-state-recode,diamond4,4,0,0,0,1,0,0,0,1,1
pair-14-case-355,gRPC Health,watch-state-recode,diamond4,4,0,0,0,1,0,0,0,1,1
pair-14-case-356,gRPC Health,watch-state-recode,diamond4,4,0,0,0,1,1,0,0,1,1
pair-14-case-357,gRPC Health,watch-state-recode,diamond4,4,0,0,0,1,1,0,0,1,1
pair-14-case-358,gRPC Health,watch-state-recode,diamond4,4,0,0,0,1,0,0,0,1,1
pair-14-case-359,gRPC Health,watch-state-recode,diamond4,4,0,0,0,1,0,0,0,1,1
pair-14-case-360,gRPC Health,watch-state-recode,diamond4,4,0,0,0,1,1,0,0,1,1
pair-14-case-361,gRPC Health,watch-state-recode,diamond4,3,0,0,0,1,1,0,0,1,1
pair-14-case-362,gRPC Health,watch-state-recode,diamond4,4,0,0,0,1,0,0,0,1,1
pair-14-case-363,gRPC Health,watch-state-recode,diamond4,4,0,0,0,1,1,0,0,1,1
pair-14-case-364,gRPC Health,watch-state-recode,diamond4,4,0,0,0,1,0,0,0,1,1
pair-14-case-365,gRPC Health,watch-state-recode,diamond4,4,0,0,0,1,0,0,0,1,1
pair-14-case-366,gRPC Health,watch-state-recode,diamond4,3,0,0,0,1,0,0,0,1,1
pair-14-case-367,gRPC Health,watch-state-recode,diamond4,4,0,0,0,1,0,0,0,1,1
pair-14-case-368,gRPC Health,watch-state-recode,diamond4,4,0,2,0,1,0,0,1,1,1
pair-14-case-369,gRPC Health,watch-state-recode,diamond4,4,0,0,0,1,0,0,0,1,1
pair-14-case-370,gRPC Health,watch-state-recode,diamond4,4,0,0,0,1,0,0,0,1,1
pair-14-case-371,gRPC Health,watch-state-recode,diamond4,4,0,0,0,1,1,0,0,1,1
pair-14-case-372,gRPC Health,watch-state-recode,diamond4,4,0,0,0,1,0,0,0,1,1
pair-14-case-373,gRPC Health,watch-state-recode,diamond4,4,0,0,0,1,0,0,0,1,1
pair-14-case-374,gRPC Health,watch-state-recode,diamond4,4,0,0,0,1,0,0,0,1,1
pair-14-case-375,gRPC Health,watch-state-recode,diamond4,4,0,0,0,1,0,0,0,1,1
pair-14-case-376,gRPC Health,watch-state-recode,diamond4,4,0,15,0,1,0,0,1,1,1
pair-14-case-377,gRPC Health,watch-state-recode,diamond4,4,0,0,0,1,0,0,0,1,1
pair-14-case-378,gRPC Health,watch-state-recode,diamond4,4,0,6,0,1,0,0,0,1,1
pair-14-case-379,gRPC Health,watch-state-recode,diamond4,4,0,0,0,1,0,0,0,1,1
pair-14-case-380,gRPC Health,watch-state-recode,diamond4,4,0,0,0,1,1,1,0,1,1
pair-14-case-381,gRPC Health,watch-state-recode,diamond4,4,0,0,0,1,0,0,0,1,1
pair-14-case-382,gRPC Health,watch-state-recode,diamond4,4,0,0,0,1,0,0,0,1,1
pair-14-case-383,gRPC Health,watch-state-recode,diamond4,4,0,0,0,1,1,0,0,1,1
pair-14-case-384,gRPC Health,watch-state-recode,diamond4,3,0,0,0,1,0,0,0,1,1
pair-14-case-385,gRPC Health,watch-state-recode,diamond4,3,0,0,0,1,1,0,0,1,1
pair-14-case-386,gRPC Health,watch-state-recode,diamond4,3,0,0,0,1,1,0,0,1,1
pair-14-case-387,gRPC Health,watch-state-recode,diamond4,4,0,0,0,1,0,0,0,1,1
pair-14-case-388,gRPC Health,watch-state-recode,diamond4,4,0,0,0,1,0,0,0,1,1
pair-14-case-389,gRPC Health,watch-state-recode,diamond4,4,0,3,0,1,0,0,0,1,1
pair-14-case-390,gRPC Health,watch-state-recode,diamond4,4,0,6,0,1,0,0,1,1,1
pair-14-case-391,gRPC Health,watch-state-recode,diamond4,4,0,0,0,1,0,0,0,1,1
pair-14-case-392,gRPC Health,watch-state-recode,diamond4,4,0,0,0,1,0,0,0,1,1
pair-14-case-393,gRPC Health,watch-state-recode,diamond4,4,0,0,0,1,1,1,0,1,1
pair-14-case-394,gRPC Health,watch-state-recode,diamond4,4,0,0,0,1,0,0,0,1,1
pair-14-case-395,gRPC Health,watch-state-recode,diamond4,4,0,0,0,1,0,0,0,1,1
pair-14-case-396,gRPC Health,watch-state-recode,diamond4,4,0,0,0,1,0,0,0,1,1
pair-14-case-397,gRPC Health,watch-state-recode,diamond4,4,0,0,0,1,1,0,0,1,1
pair-14-case-398,gRPC Health,watch-state-recode,diamond4,4,0,2,0,1,1,0,1,1,1
pair-14-case-399,gRPC Health,watch-state-recode,diamond4,4,0,0,0,1,0,0,0,1,1
pair-14-case-400,gRPC Health,watch-state-recode,diamond4,4,0,0,0,1,1,0,0,1,1
pair-14-case-401,gRPC Health,watch-state-recode,diamond4,4,0,0,0,1,0,0,0,1,1
pair-14-case-402,gRPC Health,watch-state-recode,diamond4,4,0,0,0,1,1,0,0,1,1
pair-14-case-403,gRPC Health,watch-state-recode,diamond4,4,0,0,0,1,0,0,0,1,1
pair-14-case-404,gRPC Health,watch-state-recode,diamond4,3,0,0,0,1,0,0,0,1,1
pair-14-case-405,gRPC Health,watch-state-recode,diamond4,3,0,0,0,1,0,0,0,1,1
pair-14-case-406,gRPC Health,watch-state-recode,diamond4,4,0,0,0,1,1,0,0,1,1
pair-14-case-407,gRPC Health,watch-state-recode,diamond4,4,0,3,0,1,0,0,1,1,1
pair-14-case-408,gRPC Health,watch-state-recode,diamond4,4,0,0,0,1,0,0,0,1,1
pair-14-case-409,gRPC Health,watch-state-recode,diamond4,4,0,0,0,1,1,0,0,1,1
pair-14-case-410,gRPC Health,watch-state-recode,diamond4,4,0,0,0,1,0,0,0,1,1
pair-14-case-411,gRPC Health,watch-state-recode,diamond4,4,0,0,0,1,0,0,0,1,1
pair-14-case-412,gRPC Health,watch-state-recode,diamond4,3,0,0,0,1,0,0,0,1,1
pair-14-case-413,gRPC Health,watch-state-recode,diamond4,4,0,0,0,1,1,0,0,1,1
pair-14-case-414,gRPC Health,watch-state-recode,diamond4,3,0,9,0,1,0,0,0,1,1
pair-14-case-415,gRPC Health,watch-state-recode,diamond4,4,0,0,0,1,0,0,0,1,1
pair-14-case-416,gRPC Health,watch-state-recode,diamond4,4,0,9,0,1,0,0,1,1,1
pair-14-case-417,gRPC Health,watch-state-recode,diamond4,4,0,0,0,1,0,0,0,1,1
pair-14-case-418,gRPC Health,watch-state-recode,diamond4,4,0,0,0,1,0,0,0,1,1
pair-14-case-419,gRPC Health,watch-state-recode,diamond4,3,0,0,0,1,0,0,0,1,1
pair-14-case-420,gRPC Health,watch-state-recode,diamond4,4,0,0,0,1,0,0,0,1,1
pair-14-case-421,gRPC Health,watch-state-recode,diamond4,4,0,0,0,1,0,0,0,1,1
pair-14-case-422,gRPC Health,watch-state-recode,diamond4,4,0,0,0,1,0,0,0,1,1
pair-14-case-423,gRPC Health,watch-state-recode,diamond4,3,0,0,0,1,0,0,0,1,1
pair-14-case-424,gRPC Health,watch-state-recode,diamond4,4,0,0,0,1,1,0,0,1,1
pair-14-case-425,gRPC Health,watch-state-recode,diamond4,3,0,0,0,1,0,0,0,1,1
pair-14-case-426,gRPC Health,watch-state-recode,diamond4,3,0,0,0,1,0,0,0,1,1
pair-14-case-427,gRPC Health,watch-state-recode,diamond4,4,0,0,0,1,0,0,0,1,1
pair-14-case-428,gRPC Health,watch-state-recode,diamond4,4,0,0,0,1,0,0,0,1,1
pair-14-case-429,gRPC Health,watch-state-recode,diamond4,4,0,0,0,1,0,0,0,1,1
pair-14-case-430,gRPC Health,watch-state-recode,diamond4,4,0,0,0,1,0,0,0,1,1
pair-14-case-431,gRPC Health,watch-state-recode,diamond4,4,0,0,0,1,1,0,0,1,1
pair-14-case-432,gRPC Health,watch-state-recode,diamond4,4,0,0,0,1,1,0,0,1,1
pair-14-case-433,gRPC Health,watch-state-recode,diamond4,4,0,0,0,1,0,0,0,1,1
pair-14-case-434,gRPC Health,watch-state-recode,diamond4,4,0,0,0,1,1,0,0,1,1
pair-14-case-435,gRPC Health,watch-state-recode,diamond4,4,0,0,0,1,0,0,0,1,1
pair-14-case-436,gRPC Health,watch-state-recode,diamond4,3,0,0,0,1,0,0,0,1,1
pair-14-case-437,gRPC Health,watch-state-recode,diamond4,3,0,0,0,1,1,0,0,1,1
pair-14-case-438,gRPC Health,watch-state-recode,diamond4,4,0,2,0,1,0,0,1,1,1
pair-14-case-439,gRPC Health,watch-state-recode,diamond4,4,0,3,0,1,0,0,0,1,1
pair-14-case-440,gRPC Health,watch-state-recode,diamond4,4,0,0,0,1,0,0,0,1,1
pair-14-case-441,gRPC Health,watch-state-recode,diamond4,4,0,0,0,1,1,0,0,1,1
pair-14-case-442,gRPC Health,watch-state-recode,diamond4,4,0,0,0,1,0,0,0,1,1
pair-14-case-443,gRPC Health,watch-state-recode,diamond4,4,0,0,0,1,0,0,0,1,1
pair-14-case-444,gRPC Health,watch-state-recode,diamond4,4,0,3,0,1,1,0,1,1,1
pair-14-case-445,gRPC Health,watch-state-recode,diamond4,4,0,0,0,1,0,0,0,1,1
pair-14-case-446,gRPC Health,watch-state-recode,diamond4,4,0,0,0,1,0,0,0,1,1
pair-14-case-447,gRPC Health,watch-state-recode,diamond4,2,0,0,0,1,1,1,0,1,1
pair-14-case-448,gRPC Health,watch-state-recode,diamond4,4,0,0,0,1,0,0,0,1,1
pair-14-case-449,gRPC Health,watch-state-recode,diamond4,4,0,0,0,1,0,0,0,1,1
pair-14-case-450,gRPC Health,watch-state-recode,diamond4,4,0,0,0,1,0,0,0,1,1
pair-14-case-451,gRPC Health,watch-state-recode,diamond4,4,0,0,0,1,0,0,0,1,1
pair-14-case-452,gRPC Health,watch-state-recode,diamond4,4,0,0,0,1,0,0,0,1,1
pair-14-case-453,gRPC Health,watch-state-recode,diamond4,4,0,0,0,1,0,0,0,1,1
pair-14-case-454,gRPC Health,watch-state-recode,diamond4,3,0,6,0,1,0,0,1,1,1
pair-14-case-455,gRPC Health,watch-state-recode,diamond4,4,0,0,0,1,1,0,0,1,1
pair-14-case-456,gRPC Health,watch-state-recode,diamond4,4,0,0,0,1,0,0,0,1,1
pair-14-case-457,gRPC Health,watch-state-recode,diamond4,4,0,0,0,1,0,0,0,1,1
pair-14-case-458,gRPC Health,watch-state-recode,diamond4,3,0,0,0,1,0,0,0,1,1
pair-14-case-459,gRPC Health,watch-state-recode,diamond4,4,0,9,0,1,0,0,0,1,1
pair-14-case-460,gRPC Health,watch-state-recode,diamond4,4,0,0,0,1,0,0,0,1,1
pair-14-case-461,gRPC Health,watch-state-recode,diamond4,4,0,0,0,1,0,0,0,1,1
pair-14-case-462,gRPC Health,watch-state-recode,diamond4,4,0,0,0,1,1,0,0,1,1
pair-14-case-463,gRPC Health,watch-state-recode,diamond4,4,0,0,0,1,1,0,0,1,1
pair-14-case-464,gRPC Health,watch-state-recode,diamond4,4,0,0,0,1,0,0,0,1,1
pair-14-case-465,gRPC Health,watch-state-recode,diamond4,4,0,0,0,1,0,0,0,1,1
pair-14-case-466,gRPC Health,watch-state-recode,diamond4,3,0,0,0,1,1,0,0,1,1
pair-14-case-467,gRPC Health,watch-state-recode,diamond4,4,0,0,0,1,0,0,0,1,1
pair-14-case-468,gRPC Health,watch-state-recode,diamond4,4,0,0,0,1,0,0,0,1,1
pair-14-case-469,gRPC Health,watch-state-recode,diamond4,4,0,0,0,1,0,0,0,1,1
pair-14-case-470,gRPC Health,watch-state-recode,diamond4,4,0,0,0,1,0,0,0,1,1
pair-14-case-471,gRPC Health,watch-state-recode,diamond4,4,0,0,0,1,0,0,0,1,1
pair-14-case-472,gRPC Health,watch-state-recode,diamond4,4,0,0,0,1,0,0,0,1,1
pair-14-case-473,gRPC Health,watch-state-recode,diamond4,3,0,0,0,1,1,1,0,1,1
pair-14-case-474,gRPC Health,watch-state-recode,diamond4,4,0,0,0,1,1,0,0,1,1
pair-14-case-475,gRPC Health,watch-state-recode,diamond4,3,0,9,0,1,0,0,0,1,1
pair-14-case-476,gRPC Health,watch-state-recode,diamond4,4,0,0,0,1,0,0,0,1,1
pair-14-case-477,gRPC Health,watch-state-recode,diamond4,4,0,0,0,1,0,0,0,1,1
pair-14-case-478,gRPC Health,watch-state-recode,diamond4,3,0,15,0,1,1,0,0,1,1
pair-14-case-479,gRPC Health,watch-state-recode,diamond4,4,0,0,0,1,0,0,0,1,1
pair-14-case-480,gRPC Health,watch-state-recode,diamond4,4,0,0,0,1,0,0,0,1,1
pair-14-case-481,gRPC Health,watch-state-recode,diamond4,3,0,0,0,1,0,0,0,1,1
pair-14-case-482,gRPC Health,watch-state-recode,diamond4,3,0,0,0,1,1,0,0,1,1
pair-14-case-483,gRPC Health,watch-state-recode,diamond4,4,0,0,0,1,0,0,0,1,1
pair-14-case-484,gRPC Health,watch-state-recode,diamond4,4,0,0,0,1,1,1,0,1,1
pair-14-case-485,gRPC Health,watch-state-recode,diamond4,4,0,0,0,1,1,0,0,1,1
pair-14-case-486,gRPC Health,watch-state-recode,diamond4,4,0,0,0,1,0,0,0,1,1
pair-14-case-487,gRPC Health,watch-state-recode,diamond4,4,0,0,0,1,0,0,0,1,1
pair-14-case-488,gRPC Health,watch-state-recode,diamond4,4,0,0,0,1,0,0,0,1,1
pair-14-case-489,gRPC Health,watch-state-recode,diamond4,4,0,0,0,1,1,0,0,1,1
pair-14-case-490,gRPC Health,watch-state-recode,diamond4,4,0,0,0,1,0,0,0,1,1
pair-14-case-491,gRPC Health,watch-state-recode,diamond4,4,0,0,0,1,0,0,0,1,1
pair-14-case-492,gRPC Health,watch-state-recode,diamond4,4,0,0,0,1,0,0,0,1,1
pair-14-case-493,gRPC Health,watch-state-recode,diamond4,4,0,0,0,1,1,0,0,1,1
pair-14-case-494,gRPC Health,watch-state-recode,diamond4,3,0,0,0,1,1,0,0,1,1
pair-14-case-495,gRPC Health,watch-state-recode,diamond4,4,0,0,0,1,0,0,0,1,1
pair-14-case-496,gRPC Health,watch-state-recode,diamond4,4,0,0,0,1,0,0,0,1,1
pair-14-case-497,gRPC Health,watch-state-recode,diamond4,4,0,0,0,1,0,0,0,1,1
pair-14-case-498,gRPC Health,watch-state-recode,diamond4,4,0,0,0,1,1,0,0,1,1
pair-14-case-499,gRPC Health,watch-state-recode,diamond4,4,0,0,0,1,0,0,0,1,1
pair-15-case-000,gRPC Route Guide,point-metadata-additive,fanout4,0,1,81,8,0,1,1,1,1,1
pair-15-case-001,gRPC Route Guide,point-metadata-additive,fanout4,1,0,0,0,1,0,0,0,1,1
pair-15-case-002,gRPC Route Guide,point-metadata-additive,fanout4,1,0,27,0,1,0,0,1,1,1
pair-15-case-003,gRPC Route Guide,point-metadata-additive,fanout4,1,0,0,0,1,1,1,0,1,1
pair-15-case-004,gRPC Route Guide,point-metadata-additive,fanout4,1,0,0,0,1,1,1,0,1,1
pair-15-case-005,gRPC Route Guide,point-metadata-additive,fanout4,1,0,27,0,1,1,0,1,1,1
pair-15-case-006,gRPC Route Guide,point-metadata-additive,fanout4,1,0,0,0,1,0,0,0,1,1
pair-15-case-007,gRPC Route Guide,point-metadata-additive,fanout4,1,0,27,0,1,0,0,1,1,1
pair-15-case-008,gRPC Route Guide,point-metadata-additive,fanout4,1,0,27,0,1,1,1,0,1,1
pair-15-case-009,gRPC Route Guide,point-metadata-additive,fanout4,1,0,0,0,1,1,1,0,1,1
pair-15-case-010,gRPC Route Guide,point-metadata-additive,fanout4,1,0,0,0,1,1,1,0,1,1
pair-15-case-011,gRPC Route Guide,point-metadata-additive,fanout4,1,0,27,0,1,1,0,1,1,1
pair-15-case-012,gRPC Route Guide,point-metadata-additive,fanout4,1,0,0,0,1,0,0,0,1,1
pair-15-case-013,gRPC Route Guide,point-metadata-additive,fanout4,1,0,27,0,1,0,0,1,1,1
pair-15-case-014,gRPC Route Guide,point-metadata-additive,fanout4,1,0,27,0,1,1,1,0,1,1
pair-15-case-015,gRPC Route Guide,point-metadata-additive,fanout4,1,0,0,0,1,1,1,0,1,1
pair-15-case-016,gRPC Route Guide,point-metadata-additive,fanout4,1,0,0,0,1,1,1,0,1,1
pair-15-case-017,gRPC Route Guide,point-metadata-additive,fanout4,1,0,27,0,1,1,0,1,1,1
pair-15-case-018,gRPC Route Guide,point-metadata-additive,fanout4,1,0,0,0,1,0,0,0,1,1
pair-15-case-019,gRPC Route Guide,point-metadata-additive,fanout4,1,0,27,0,1,0,0,1,1,1
pair-15-case-020,gRPC Route Guide,point-metadata-additive,fanout4,1,0,27,0,1,1,1,0,1,1
pair-15-case-021,gRPC Route Guide,point-metadata-additive,fanout4,1,0,0,0,1,1,1,0,1,1
pair-15-case-022,gRPC Route Guide,point-metadata-additive,fanout4,1,0,0,0,1,1,1,0,1,1
pair-15-case-023,gRPC Route Guide,point-metadata-additive,fanout4,1,0,27,0,1,1,0,1,1,1
pair-15-case-024,gRPC Route Guide,point-metadata-additive,fanout4,1,1,63,8,0,1,0,1,1,1
pair-15-case-025,gRPC Route Guide,point-metadata-additive,fanout4,1,1,63,8,0,1,0,1,1,1
pair-15-case-026,gRPC Route Guide,point-metadata-additive,fanout4,1,1,63,8,0,1,0,1,1,1
pair-15-case-027,gRPC Route Guide,point-metadata-additive,fanout4,1,1,63,8,0,1,0,1,1,1
pair-15-case-028,gRPC Route Guide,point-metadata-additive,fanout4,1,1,63,8,0,1,0,1,1,1
pair-15-case-029,gRPC Route Guide,point-metadata-additive,fanout4,1,1,63,8,0,1,0,1,1,1
pair-15-case-030,gRPC Route Guide,point-metadata-additive,fanout4,1,1,63,8,0,1,0,1,1,1
pair-15-case-031,gRPC Route Guide,point-metadata-additive,fanout4,1,1,63,8,0,1,0,1,1,1
pair-15-case-032,gRPC Route Guide,point-metadata-additive,fanout4,3,1,36,8,0,1,0,1,1,1
pair-15-case-033,gRPC Route Guide,point-metadata-additive,fanout4,4,1,26,8,0,1,0,1,1,1
pair-15-case-034,gRPC Route Guide,point-metadata-additive,fanout4,4,1,23,8,0,1,0,1,1,1
pair-15-case-035,gRPC Route Guide,point-metadata-additive,fanout4,4,1,27,8,0,1,0,1,1,1
pair-15-case-036,gRPC Route Guide,point-metadata-additive,fanout4,4,1,21,8,0,1,0,1,1,1
pair-15-case-037,gRPC Route Guide,point-metadata-additive,fanout4,3,1,35,8,0,1,0,1,1,1
pair-15-case-038,gRPC Route Guide,point-metadata-additive,fanout4,2,1,51,8,0,1,0,1,1,1
pair-15-case-039,gRPC Route Guide,point-metadata-additive,fanout4,4,1,33,8,0,1,0,1,1,1
pair-15-case-040,gRPC Route Guide,point-metadata-additive,fanout4,3,1,39,8,0,1,0,1,1,1
pair-15-case-041,gRPC Route Guide,point-metadata-additive,fanout4,4,1,27,8,0,1,0,1,1,1
pair-15-case-042,gRPC Route Guide,point-metadata-additive,fanout4,2,1,51,8,0,1,0,1,1,1
pair-15-case-043,gRPC Route Guide,point-metadata-additive,fanout4,3,1,41,8,0,1,0,1,1,1
pair-15-case-044,gRPC Route Guide,point-metadata-additive,fanout4,4,1,27,8,0,1,0,1,1,1
pair-15-case-045,gRPC Route Guide,point-metadata-additive,fanout4,3,1,33,8,0,1,0,1,1,1
pair-15-case-046,gRPC Route Guide,point-metadata-additive,fanout4,2,1,49,8,0,1,0,1,1,1
pair-15-case-047,gRPC Route Guide,point-metadata-additive,fanout4,3,1,37,8,0,1,0,1,1,1
pair-15-case-048,gRPC Route Guide,point-metadata-additive,fanout4,4,1,31,8,0,1,0,1,1,1
pair-15-case-049,gRPC Route Guide,point-metadata-additive,fanout4,3,1,36,8,0,1,0,1,1,1
pair-15-case-050,gRPC Route Guide,point-metadata-additive,fanout4,4,1,25,8,0,1,0,1,1,1
pair-15-case-051,gRPC Route Guide,point-metadata-additive,fanout4,3,1,43,8,0,1,0,1,1,1
pair-15-case-052,gRPC Route Guide,point-metadata-additive,fanout4,4,1,25,8,0,1,0,1,1,1
pair-15-case-053,gRPC Route Guide,point-metadata-additive,fanout4,4,1,31,8,0,1,0,1,1,1
pair-15-case-054,gRPC Route Guide,point-metadata-additive,fanout4,4,1,27,8,0,1,0,1,1,1
pair-15-case-055,gRPC Route Guide,point-metadata-additive,fanout4,4,1,27,8,0,1,0,1,1,1
pair-15-case-056,gRPC Route Guide,point-metadata-additive,fanout4,4,1,21,8,0,1,0,1,1,1
pair-15-case-057,gRPC Route Guide,point-metadata-additive,fanout4,3,1,37,8,0,1,0,1,1,1
pair-15-case-058,gRPC Route Guide,point-metadata-additive,fanout4,3,1,39,8,0,1,0,1,1,1
pair-15-case-059,gRPC Route Guide,point-metadata-additive,fanout4,2,1,51,8,0,1,0,1,1,1
pair-15-case-060,gRPC Route Guide,point-metadata-additive,fanout4,2,1,57,8,0,1,0,1,1,1
pair-15-case-061,gRPC Route Guide,point-metadata-additive,fanout4,3,1,33,8,0,1,0,1,1,1
pair-15-case-062,gRPC Route Guide,point-metadata-additive,fanout4,4,1,33,8,0,1,0,1,1,1
pair-15-case-063,gRPC Route Guide,point-metadata-additive,fanout4,4,1,27,8,0,1,0,1,1,1
pair-15-case-064,gRPC Route Guide,point-metadata-additive,fanout4,3,1,35,8,0,1,0,1,1,1
pair-15-case-065,gRPC Route Guide,point-metadata-additive,fanout4,4,1,30,8,0,1,0,1,1,1
pair-15-case-066,gRPC Route Guide,point-metadata-additive,fanout4,2,1,48,8,0,1,0,1,1,1
pair-15-case-067,gRPC Route Guide,point-metadata-additive,fanout4,3,1,34,8,0,1,0,1,1,1
pair-15-case-068,gRPC Route Guide,point-metadata-additive,fanout4,3,1,35,8,0,1,0,1,1,1
pair-15-case-069,gRPC Route Guide,point-metadata-additive,fanout4,4,1,29,8,0,1,0,1,1,1
pair-15-case-070,gRPC Route Guide,point-metadata-additive,fanout4,3,1,33,8,0,1,0,1,1,1
pair-15-case-071,gRPC Route Guide,point-metadata-additive,fanout4,2,1,49,8,0,1,0,1,1,1
pair-15-case-072,gRPC Route Guide,point-metadata-additive,fanout4,4,1,35,8,0,1,0,1,1,1
pair-15-case-073,gRPC Route Guide,point-metadata-additive,fanout4,4,1,29,8,0,1,0,1,1,1
pair-15-case-074,gRPC Route Guide,point-metadata-additive,fanout4,3,1,31,8,0,1,0,1,1,1
pair-15-case-075,gRPC Route Guide,point-metadata-additive,fanout4,3,1,35,8,0,1,0,1,1,1
pair-15-case-076,gRPC Route Guide,point-metadata-additive,fanout4,4,1,26,8,0,1,0,1,1,1
pair-15-case-077,gRPC Route Guide,point-metadata-additive,fanout4,3,1,34,8,0,1,0,1,1,1
pair-15-case-078,gRPC Route Guide,point-metadata-additive,fanout4,3,1,31,8,0,1,0,1,1,1
pair-15-case-079,gRPC Route Guide,point-metadata-additive,fanout4,3,1,31,8,0,1,0,1,1,1
pair-15-case-080,gRPC Route Guide,point-metadata-additive,fanout4,3,1,33,8,0,1,0,1,1,1
pair-15-case-081,gRPC Route Guide,point-metadata-additive,fanout4,3,1,36,8,0,1,0,1,1,1
pair-15-case-082,gRPC Route Guide,point-metadata-additive,fanout4,3,1,36,8,0,1,0,1,1,1
pair-15-case-083,gRPC Route Guide,point-metadata-additive,fanout4,4,1,31,8,0,1,0,1,1,1
pair-15-case-084,gRPC Route Guide,point-metadata-additive,fanout4,3,1,39,8,0,1,0,1,1,1
pair-15-case-085,gRPC Route Guide,point-metadata-additive,fanout4,4,1,27,8,0,1,0,1,1,1
pair-15-case-086,gRPC Route Guide,point-metadata-additive,fanout4,4,1,29,8,0,1,0,1,1,1
pair-15-case-087,gRPC Route Guide,point-metadata-additive,fanout4,4,1,26,8,0,1,0,1,1,1
pair-15-case-088,gRPC Route Guide,point-metadata-additive,fanout4,4,1,27,8,0,1,0,1,1,1
pair-15-case-089,gRPC Route Guide,point-metadata-additive,fanout4,3,1,45,8,0,1,0,1,1,1
pair-15-case-090,gRPC Route Guide,point-metadata-additive,fanout4,4,1,26,8,0,1,0,1,1,1
pair-15-case-091,gRPC Route Guide,point-metadata-additive,fanout4,4,1,29,8,0,1,0,1,1,1
pair-15-case-092,gRPC Route Guide,point-metadata-additive,fanout4,3,1,43,8,0,1,0,1,1,1
pair-15-case-093,gRPC Route Guide,point-metadata-additive,fanout4,3,1,39,8,0,1,0,1,1,1
pair-15-case-094,gRPC Route Guide,point-metadata-additive,fanout4,3,1,31,8,0,1,0,1,1,1
pair-15-case-095,gRPC Route Guide,point-metadata-additive,fanout4,2,1,45,8,0,1,0,1,1,1
pair-15-case-096,gRPC Route Guide,point-metadata-additive,fanout4,2,1,45,8,0,1,0,1,1,1
pair-15-case-097,gRPC Route Guide,point-metadata-additive,fanout4,2,1,51,8,0,1,0,1,1,1
pair-15-case-098,gRPC Route Guide,point-metadata-additive,fanout4,3,1,37,8,0,1,0,1,1,1
pair-15-case-099,gRPC Route Guide,point-metadata-additive,fanout4,3,1,41,8,0,1,0,1,1,1
pair-15-case-100,gRPC Route Guide,point-metadata-additive,fanout4,4,1,23,8,0,1,0,1,1,1
pair-15-case-101,gRPC Route Guide,point-metadata-additive,fanout4,4,1,26,8,0,1,0,1,1,1
pair-15-case-102,gRPC Route Guide,point-metadata-additive,fanout4,4,1,27,8,0,1,0,1,1,1
pair-15-case-103,gRPC Route Guide,point-metadata-additive,fanout4,3,1,45,8,0,1,0,1,1,1
pair-15-case-104,gRPC Route Guide,point-metadata-additive,fanout4,4,1,27,8,0,1,0,1,1,1
pair-15-case-105,gRPC Route Guide,point-metadata-additive,fanout4,4,1,33,8,0,1,0,1,1,1
pair-15-case-106,gRPC Route Guide,point-metadata-additive,fanout4,4,1,27,8,0,1,0,1,1,1
pair-15-case-107,gRPC Route Guide,point-metadata-additive,fanout4,3,1,41,8,0,1,0,1,1,1
pair-15-case-108,gRPC Route Guide,point-metadata-additive,fanout4,4,1,31,8,0,1,0,1,1,1
pair-15-case-109,gRPC Route Guide,point-metadata-additive,fanout4,4,1,26,8,0,1,0,1,1,1
pair-15-case-110,gRPC Route Guide,point-metadata-additive,fanout4,3,1,35,8,0,1,0,1,1,1
pair-15-case-111,gRPC Route Guide,point-metadata-additive,fanout4,2,1,45,8,0,1,0,1,1,1
pair-15-case-112,gRPC Route Guide,point-metadata-additive,fanout4,4,1,29,8,0,1,0,1,1,1
pair-15-case-113,gRPC Route Guide,point-metadata-additive,fanout4,4,1,29,8,0,1,0,1,1,1
pair-15-case-114,gRPC Route Guide,point-metadata-additive,fanout4,4,1,27,8,0,1,0,1,1,1
pair-15-case-115,gRPC Route Guide,point-metadata-additive,fanout4,4,1,31,8,0,1,0,1,1,1
pair-15-case-116,gRPC Route Guide,point-metadata-additive,fanout4,2,1,45,8,0,1,0,1,1,1
pair-15-case-117,gRPC Route Guide,point-metadata-additive,fanout4,4,1,31,8,0,1,0,1,1,1
pair-15-case-118,gRPC Route Guide,point-metadata-additive,fanout4,4,1,29,8,0,1,0,1,1,1
pair-15-case-119,gRPC Route Guide,point-metadata-additive,fanout4,2,1,48,8,0,1,0,1,1,1
pair-15-case-120,gRPC Route Guide,point-metadata-additive,fanout4,4,1,23,8,0,1,0,1,1,1
pair-15-case-121,gRPC Route Guide,point-metadata-additive,fanout4,4,1,31,8,0,1,0,1,1,1
pair-15-case-122,gRPC Route Guide,point-metadata-additive,fanout4,3,1,35,8,0,1,0,1,1,1
pair-15-case-123,gRPC Route Guide,point-metadata-additive,fanout4,4,1,25,8,0,1,0,1,1,1
pair-15-case-124,gRPC Route Guide,point-metadata-additive,fanout4,4,1,29,8,0,1,0,1,1,1
pair-15-case-125,gRPC Route Guide,point-metadata-additive,fanout4,4,1,31,8,0,1,0,1,1,1
pair-15-case-126,gRPC Route Guide,point-metadata-additive,fanout4,4,1,25,8,0,1,0,1,1,1
pair-15-case-127,gRPC Route Guide,point-metadata-additive,fanout4,4,1,31,8,0,1,0,1,1,1
pair-15-case-128,gRPC Route Guide,point-metadata-additive,fanout4,4,0,0,0,1,0,0,0,1,1
pair-15-case-129,gRPC Route Guide,point-metadata-additive,fanout4,3,0,0,0,1,1,1,0,1,1
pair-15-case-130,gRPC Route Guide,point-metadata-additive,fanout4,4,0,0,0,1,1,0,0,1,1
pair-15-case-131,gRPC Route Guide,point-metadata-additive,fanout4,4,0,0,0,1,0,0,0,1,1
pair-15-case-132,gRPC Route Guide,point-metadata-additive,fanout4,4,0,0,0,1,0,0,0,1,1
pair-15-case-133,gRPC Route Guide,point-metadata-additive,fanout4,4,0,0,0,1,1,0,0,1,1
pair-15-case-134,gRPC Route Guide,point-metadata-additive,fanout4,4,0,0,0,1,0,0,0,1,1
pair-15-case-135,gRPC Route Guide,point-metadata-additive,fanout4,3,0,0,0,1,1,0,0,1,1
pair-15-case-136,gRPC Route Guide,point-metadata-additive,fanout4,4,0,0,0,1,1,0,0,1,1
pair-15-case-137,gRPC Route Guide,point-metadata-additive,fanout4,4,0,0,0,1,1,0,0,1,1
pair-15-case-138,gRPC Route Guide,point-metadata-additive,fanout4,4,0,0,0,1,0,0,0,1,1
pair-15-case-139,gRPC Route Guide,point-metadata-additive,fanout4,4,0,0,0,1,0,0,0,1,1
pair-15-case-140,gRPC Route Guide,point-metadata-additive,fanout4,4,0,0,0,1,0,0,0,1,1
pair-15-case-141,gRPC Route Guide,point-metadata-additive,fanout4,3,0,0,0,1,0,0,0,1,1
pair-15-case-142,gRPC Route Guide,point-metadata-additive,fanout4,4,0,0,0,1,0,0,0,1,1
pair-15-case-143,gRPC Route Guide,point-metadata-additive,fanout4,4,0,0,0,1,0,0,0,1,1
pair-15-case-144,gRPC Route Guide,point-metadata-additive,fanout4,4,0,0,0,1,1,0,0,1,1
pair-15-case-145,gRPC Route Guide,point-metadata-additive,fanout4,4,0,0,0,1,0,0,0,1,1
pair-15-case-146,gRPC Route Guide,point-metadata-additive,fanout4,4,0,4,0,1,0,0,1,1,1
pair-15-case-147,gRPC Route Guide,point-metadata-additive,fanout4,4,0,0,0,1,0,0,0,1,1
pair-15-case-148,gRPC Route Guide,point-metadata-additive,fanout4,3,0,0,0,1,1,0,0,1,1
pair-15-case-149,gRPC Route Guide,point-metadata-additive,fanout4,4,0,0,0,1,0,0,0,1,1
pair-15-case-150,gRPC Route Guide,point-metadata-additive,fanout4,4,0,0,0,1,0,0,0,1,1
pair-15-case-151,gRPC Route Guide,point-metadata-additive,fanout4,4,0,0,0,1,1,0,0,1,1
pair-15-case-152,gRPC Route Guide,point-metadata-additive,fanout4,2,1,51,8,0,1,0,1,1,1
pair-15-case-153,gRPC Route Guide,point-metadata-additive,fanout4,4,0,0,0,1,1,0,0,1,1
pair-15-case-154,gRPC Route Guide,point-metadata-additive,fanout4,4,0,6,0,1,0,0,1,1,1
pair-15-case-155,gRPC Route Guide,point-metadata-additive,fanout4,4,0,0,0,1,1,0,0,1,1
pair-15-case-156,gRPC Route Guide,point-metadata-additive,fanout4,4,0,0,0,1,0,0,0,1,1
pair-15-case-157,gRPC Route Guide,point-metadata-additive,fanout4,4,0,0,0,1,1,0,0,1,1
pair-15-case-158,gRPC Route Guide,point-metadata-additive,fanout4,4,0,0,0,1,0,0,0,1,1
pair-15-case-159,gRPC Route Guide,point-metadata-additive,fanout4,2,0,0,0,1,1,0,0,1,1
pair-15-case-160,gRPC Route Guide,point-metadata-additive,fanout4,4,0,2,0,1,0,0,1,1,1
pair-15-case-161,gRPC Route Guide,point-metadata-additive,fanout4,3,0,0,0,1,0,0,0,1,1
pair-15-case-162,gRPC Route Guide,point-metadata-additive,fanout4,4,0,0,0,1,1,0,0,1,1
pair-15-case-163,gRPC Route Guide,point-metadata-additive,fanout4,3,0,9,0,1,0,0,0,1,1
pair-15-case-164,gRPC Route Guide,point-metadata-additive,fanout4,3,0,0,0,1,1,0,0,1,1
pair-15-case-165,gRPC Route Guide,point-metadata-additive,fanout4,4,0,0,0,1,0,0,0,1,1
pair-15-case-166,gRPC Route Guide,point-metadata-additive,fanout4,4,0,3,0,1,1,0,0,1,1
pair-15-case-167,gRPC Route Guide,point-metadata-additive,fanout4,4,0,0,0,1,1,0,0,1,1
pair-15-case-168,gRPC Route Guide,point-metadata-additive,fanout4,4,0,21,0,1,0,0,1,1,1
pair-15-case-169,gRPC Route Guide,point-metadata-additive,fanout4,4,0,0,0,1,0,0,0,1,1
pair-15-case-170,gRPC Route Guide,point-metadata-additive,fanout4,4,0,3,0,1,0,0,0,1,1
pair-15-case-171,gRPC Route Guide,point-metadata-additive,fanout4,3,0,0,0,1,0,0,0,1,1
pair-15-case-172,gRPC Route Guide,point-metadata-additive,fanout4,4,0,0,0,1,0,0,0,1,1
pair-15-case-173,gRPC Route Guide,point-metadata-additive,fanout4,4,0,12,0,1,0,0,1,1,1
pair-15-case-174,gRPC Route Guide,point-metadata-additive,fanout4,4,0,0,0,1,0,0,0,1,1
pair-15-case-175,gRPC Route Guide,point-metadata-additive,fanout4,3,0,0,0,1,0,0,0,1,1
pair-15-case-176,gRPC Route Guide,point-metadata-additive,fanout4,4,0,0,0,1,0,0,0,1,1
pair-15-case-177,gRPC Route Guide,point-metadata-additive,fanout4,4,0,3,0,1,0,0,1,1,1
pair-15-case-178,gRPC Route Guide,point-metadata-additive,fanout4,4,0,0,0,1,0,0,0,1,1
pair-15-case-179,gRPC Route Guide,point-metadata-additive,fanout4,4,0,0,0,1,0,0,0,1,1
pair-15-case-180,gRPC Route Guide,point-metadata-additive,fanout4,4,0,0,0,1,0,0,0,1,1
pair-15-case-181,gRPC Route Guide,point-metadata-additive,fanout4,4,0,0,0,1,0,0,0,1,1
pair-15-case-182,gRPC Route Guide,point-metadata-additive,fanout4,4,0,0,0,1,0,0,0,1,1
pair-15-case-183,gRPC Route Guide,point-metadata-additive,fanout4,4,0,0,0,1,1,0,0,1,1
pair-15-case-184,gRPC Route Guide,point-metadata-additive,fanout4,4,0,7,0,1,0,0,1,1,1
pair-15-case-185,gRPC Route Guide,point-metadata-additive,fanout4,3,0,0,0,1,0,0,0,1,1
pair-15-case-186,gRPC Route Guide,point-metadata-additive,fanout4,4,0,0,0,1,0,0,0,1,1
pair-15-case-187,gRPC Route Guide,point-metadata-additive,fanout4,4,0,0,0,1,0,0,0,1,1
pair-15-case-188,gRPC Route Guide,point-metadata-additive,fanout4,4,0,0,0,1,1,0,0,1,1
pair-15-case-189,gRPC Route Guide,point-metadata-additive,fanout4,4,0,0,0,1,0,0,0,1,1
pair-15-case-190,gRPC Route Guide,point-metadata-additive,fanout4,4,0,0,0,1,0,0,0,1,1
pair-15-case-191,gRPC Route Guide,point-metadata-additive,fanout4,4,0,0,0,1,0,0,0,1,1
pair-15-case-192,gRPC Route Guide,point-metadata-additive,fanout4,4,0,0,0,1,1,0,0,1,1
pair-15-case-193,gRPC Route Guide,point-metadata-additive,fanout4,4,0,0,0,1,0,0,0,1,1
pair-15-case-194,gRPC Route Guide,point-metadata-additive,fanout4,4,0,0,0,1,0,0,0,1,1
pair-15-case-195,gRPC Route Guide,point-metadata-additive,fanout4,4,0,0,0,1,1,0,0,1,1
pair-15-case-196,gRPC Route Guide,point-metadata-additive,fanout4,4,0,0,0,1,0,0,0,1,1
pair-15-case-197,gRPC Route Guide,point-metadata-additive,fanout4,4,0,9,0,1,0,0,1,1,1
pair-15-case-198,gRPC Route Guide,point-metadata-additive,fanout4,4,0,0,0,1,0,0,0,1,1
pair-15-case-199,gRPC Route Guide,point-metadata-additive,fanout4,4,0,0,0,1,0,0,0,1,1
pair-15-case-200,gRPC Route Guide,point-metadata-additive,fanout4,4,0,0,0,1,0,0,0,1,1
pair-15-case-201,gRPC Route Guide,point-metadata-additive,fanout4,4,0,0,0,1,0,0,0,1,1
pair-15-case-202,gRPC Route Guide,point-metadata-additive,fanout4,3,0,3,0,1,0,0,1,1,1
pair-15-case-203,gRPC Route Guide,point-metadata-additive,fanout4,4,0,0,0,1,0,0,0,1,1
pair-15-case-204,gRPC Route Guide,point-metadata-additive,fanout4,4,0,0,0,1,1,0,0,1,1
pair-15-case-205,gRPC Route Guide,point-metadata-additive,fanout4,4,0,0,0,1,0,0,0,1,1
pair-15-case-206,gRPC Route Guide,point-metadata-additive,fanout4,4,0,0,0,1,1,0,0,1,1
pair-15-case-207,gRPC Route Guide,point-metadata-additive,fanout4,3,0,0,0,1,1,0,0,1,1
pair-15-case-208,gRPC Route Guide,point-metadata-additive,fanout4,4,0,0,0,1,1,0,0,1,1
pair-15-case-209,gRPC Route Guide,point-metadata-additive,fanout4,4,0,0,0,1,0,0,0,1,1
pair-15-case-210,gRPC Route Guide,point-metadata-additive,fanout4,4,0,0,0,1,1,0,0,1,1
pair-15-case-211,gRPC Route Guide,point-metadata-additive,fanout4,4,0,0,0,1,1,0,0,1,1
pair-15-case-212,gRPC Route Guide,point-metadata-additive,fanout4,4,0,0,0,1,1,0,0,1,1
pair-15-case-213,gRPC Route Guide,point-metadata-additive,fanout4,3,0,0,0,1,1,0,0,1,1
pair-15-case-214,gRPC Route Guide,point-metadata-additive,fanout4,4,0,0,0,1,0,0,0,1,1
pair-15-case-215,gRPC Route Guide,point-metadata-additive,fanout4,4,0,2,0,1,0,0,1,1,1
pair-15-case-216,gRPC Route Guide,point-metadata-additive,fanout4,4,0,0,0,1,0,0,0,1,1
pair-15-case-217,gRPC Route Guide,point-metadata-additive,fanout4,4,0,0,0,1,1,0,0,1,1
pair-15-case-218,gRPC Route Guide,point-metadata-additive,fanout4,4,0,0,0,1,0,0,0,1,1
pair-15-case-219,gRPC Route Guide,point-metadata-additive,fanout4,4,0,0,0,1,0,0,0,1,1
pair-15-case-220,gRPC Route Guide,point-metadata-additive,fanout4,4,0,0,0,1,1,0,0,1,1
pair-15-case-221,gRPC Route Guide,point-metadata-additive,fanout4,4,0,0,0,1,0,0,0,1,1
pair-15-case-222,gRPC Route Guide,point-metadata-additive,fanout4,4,0,0,0,1,1,0,0,1,1
pair-15-case-223,gRPC Route Guide,point-metadata-additive,fanout4,4,0,0,0,1,1,0,0,1,1
pair-15-case-224,gRPC Route Guide,point-metadata-additive,fanout4,4,0,0,0,1,1,0,0,1,1
pair-15-case-225,gRPC Route Guide,point-metadata-additive,fanout4,4,0,0,0,1,1,0,0,1,1
pair-15-case-226,gRPC Route Guide,point-metadata-additive,fanout4,3,1,39,8,0,1,0,1,1,1
pair-15-case-227,gRPC Route Guide,point-metadata-additive,fanout4,3,0,0,0,1,1,0,0,1,1
pair-15-case-228,gRPC Route Guide,point-metadata-additive,fanout4,4,0,0,0,1,1,0,0,1,1
pair-15-case-229,gRPC Route Guide,point-metadata-additive,fanout4,4,0,0,0,1,0,0,0,1,1
pair-15-case-230,gRPC Route Guide,point-metadata-additive,fanout4,4,0,0,0,1,0,0,0,1,1
pair-15-case-231,gRPC Route Guide,point-metadata-additive,fanout4,4,0,0,0,1,0,0,0,1,1
pair-15-case-232,gRPC Route Guide,point-metadata-additive,fanout4,4,0,0,0,1,0,0,0,1,1
pair-15-case-233,gRPC Route Guide,point-metadata-additive,fanout4,4,0,0,0,1,0,0,0,1,1
pair-15-case-234,gRPC Route Guide,point-metadata-additive,fanout4,4,0,0,0,1,0,0,0,1,1
pair-15-case-235,gRPC Route Guide,point-metadata-additive,fanout4,4,0,0,0,1,0,0,0,1,1
pair-15-case-236,gRPC Route Guide,point-metadata-additive,fanout4,4,0,0,0,1,1,0,0,1,1
pair-15-case-237,gRPC Route Guide,point-metadata-additive,fanout4,4,0,3,0,1,0,0,1,1,1
pair-15-case-238,gRPC Route Guide,point-metadata-additive,fanout4,4,0,2,0,1,0,0,1,1,1
pair-15-case-239,gRPC Route Guide,point-metadata-additive,fanout4,4,0,0,0,1,0,0,0,1,1
pair-15-case-240,gRPC Route Guide,point-metadata-additive,fanout4,4,0,0,0,1,0,0,0,1,1
pair-15-case-241,gRPC Route Guide,point-metadata-additive,fanout4,4,0,0,0,1,0,0,0,1,1
pair-15-case-242,gRPC Route Guide,point-metadata-additive,fanout4,4,0,0,0,1,0,0,0,1,1
pair-15-case-243,gRPC Route Guide,point-metadata-additive,fanout4,4,0,0,0,1,1,0,0,1,1
pair-15-case-244,gRPC Route Guide,point-metadata-additive,fanout4,4,0,0,0,1,0,0,0,1,1
pair-15-case-245,gRPC Route Guide,point-metadata-additive,fanout4,4,0,15,0,1,1,0,0,1,1
pair-15-case-246,gRPC Route Guide,point-metadata-additive,fanout4,4,0,0,0,1,0,0,0,1,1
pair-15-case-247,gRPC Route Guide,point-metadata-additive,fanout4,4,0,0,0,1,1,0,0,1,1
pair-15-case-248,gRPC Route Guide,point-metadata-additive,fanout4,4,0,0,0,1,0,0,0,1,1
pair-15-case-249,gRPC Route Guide,point-metadata-additive,fanout4,4,0,0,0,1,1,0,0,1,1
pair-15-case-250,gRPC Route Guide,point-metadata-additive,fanout4,4,0,0,0,1,1,0,0,1,1
pair-15-case-251,gRPC Route Guide,point-metadata-additive,fanout4,4,0,0,0,1,0,0,0,1,1
pair-15-case-252,gRPC Route Guide,point-metadata-additive,fanout4,4,0,0,0,1,1,0,0,1,1
pair-15-case-253,gRPC Route Guide,point-metadata-additive,fanout4,4,0,0,0,1,0,0,0,1,1
pair-15-case-254,gRPC Route Guide,point-metadata-additive,fanout4,4,0,0,0,1,0,0,0,1,1
pair-15-case-255,gRPC Route Guide,point-metadata-additive,fanout4,4,0,0,0,1,0,0,0,1,1
pair-15-case-256,gRPC Route Guide,point-metadata-additive,fanout4,3,0,0,0,1,0,0,0,1,1
pair-15-case-257,gRPC Route Guide,point-metadata-additive,fanout4,4,0,0,0,1,1,0,0,1,1
pair-15-case-258,gRPC Route Guide,point-metadata-additive,fanout4,4,0,0,0,1,0,0,0,1,1
pair-15-case-259,gRPC Route Guide,point-metadata-additive,fanout4,4,0,0,0,1,0,0,0,1,1
pair-15-case-260,gRPC Route Guide,point-metadata-additive,fanout4,4,0,0,0,1,1,0,0,1,1
pair-15-case-261,gRPC Route Guide,point-metadata-additive,fanout4,4,0,0,0,1,0,0,0,1,1
pair-15-case-262,gRPC Route Guide,point-metadata-additive,fanout4,4,0,0,0,1,0,0,0,1,1
pair-15-case-263,gRPC Route Guide,point-metadata-additive,fanout4,4,0,0,0,1,0,0,0,1,1
pair-15-case-264,gRPC Route Guide,point-metadata-additive,fanout4,4,0,0,0,1,0,0,0,1,1
pair-15-case-265,gRPC Route Guide,point-metadata-additive,fanout4,3,0,15,0,1,1,0,0,1,1
pair-15-case-266,gRPC Route Guide,point-metadata-additive,fanout4,4,0,0,0,1,0,0,0,1,1
pair-15-case-267,gRPC Route Guide,point-metadata-additive,fanout4,3,0,0,0,1,0,0,0,1,1
pair-15-case-268,gRPC Route Guide,point-metadata-additive,fanout4,4,0,0,0,1,1,0,0,1,1
pair-15-case-269,gRPC Route Guide,point-metadata-additive,fanout4,4,0,0,0,1,1,1,0,1,1
pair-15-case-270,gRPC Route Guide,point-metadata-additive,fanout4,4,0,0,0,1,1,0,0,1,1
pair-15-case-271,gRPC Route Guide,point-metadata-additive,fanout4,4,0,0,0,1,1,0,0,1,1
pair-15-case-272,gRPC Route Guide,point-metadata-additive,fanout4,4,0,0,0,1,1,0,0,1,1
pair-15-case-273,gRPC Route Guide,point-metadata-additive,fanout4,3,0,0,0,1,1,0,0,1,1
pair-15-case-274,gRPC Route Guide,point-metadata-additive,fanout4,2,0,0,0,1,1,0,0,1,1
pair-15-case-275,gRPC Route Guide,point-metadata-additive,fanout4,4,0,0,0,1,0,0,0,1,1
pair-15-case-276,gRPC Route Guide,point-metadata-additive,fanout4,4,0,3,0,1,1,0,0,1,1
pair-15-case-277,gRPC Route Guide,point-metadata-additive,fanout4,4,0,0,0,1,1,0,0,1,1
pair-15-case-278,gRPC Route Guide,point-metadata-additive,fanout4,4,0,0,0,1,0,0,0,1,1
pair-15-case-279,gRPC Route Guide,point-metadata-additive,fanout4,4,0,3,0,1,0,0,1,1,1
pair-15-case-280,gRPC Route Guide,point-metadata-additive,fanout4,4,0,0,0,1,1,0,0,1,1
pair-15-case-281,gRPC Route Guide,point-metadata-additive,fanout4,4,0,0,0,1,0,0,0,1,1
pair-15-case-282,gRPC Route Guide,point-metadata-additive,fanout4,4,0,0,0,1,1,0,0,1,1
pair-15-case-283,gRPC Route Guide,point-metadata-additive,fanout4,4,0,4,0,1,0,0,0,1,1
pair-15-case-284,gRPC Route Guide,point-metadata-additive,fanout4,4,0,0,0,1,0,0,0,1,1
pair-15-case-285,gRPC Route Guide,point-metadata-additive,fanout4,4,0,0,0,1,1,0,0,1,1
pair-15-case-286,gRPC Route Guide,point-metadata-additive,fanout4,2,0,0,0,1,0,0,0,1,1
pair-15-case-287,gRPC Route Guide,point-metadata-additive,fanout4,4,0,0,0,1,1,0,0,1,1
pair-15-case-288,gRPC Route Guide,point-metadata-additive,fanout4,4,0,0,0,1,0,0,0,1,1
pair-15-case-289,gRPC Route Guide,point-metadata-additive,fanout4,4,0,0,0,1,0,0,0,1,1
pair-15-case-290,gRPC Route Guide,point-metadata-additive,fanout4,3,0,0,0,1,1,0,0,1,1
pair-15-case-291,gRPC Route Guide,point-metadata-additive,fanout4,4,0,0,0,1,0,0,0,1,1
pair-15-case-292,gRPC Route Guide,point-metadata-additive,fanout4,4,0,0,0,1,1,0,0,1,1
pair-15-case-293,gRPC Route Guide,point-metadata-additive,fanout4,4,0,0,0,1,1,0,0,1,1
pair-15-case-294,gRPC Route Guide,point-metadata-additive,fanout4,4,0,0,0,1,0,0,0,1,1
pair-15-case-295,gRPC Route Guide,point-metadata-additive,fanout4,4,0,0,0,1,0,0,0,1,1
pair-15-case-296,gRPC Route Guide,point-metadata-additive,fanout4,4,0,0,0,1,0,0,0,1,1
pair-15-case-297,gRPC Route Guide,point-metadata-additive,fanout4,4,0,0,0,1,0,0,0,1,1
pair-15-case-298,gRPC Route Guide,point-metadata-additive,fanout4,3,0,14,0,1,1,0,1,1,1
pair-15-case-299,gRPC Route Guide,point-metadata-additive,fanout4,4,0,0,0,1,0,0,0,1,1
pair-15-case-300,gRPC Route Guide,point-metadata-additive,fanout4,4,0,0,0,1,0,0,0,1,1
pair-15-case-301,gRPC Route Guide,point-metadata-additive,fanout4,4,0,0,0,1,0,0,0,1,1
pair-15-case-302,gRPC Route Guide,point-metadata-additive,fanout4,4,0,0,0,1,0,0,0,1,1
pair-15-case-303,gRPC Route Guide,point-metadata-additive,fanout4,4,0,0,0,1,0,0,0,1,1
pair-15-case-304,gRPC Route Guide,point-metadata-additive,fanout4,4,0,9,0,1,1,0,0,1,1
pair-15-case-305,gRPC Route Guide,point-metadata-additive,fanout4,4,0,0,0,1,0,0,0,1,1
pair-15-case-306,gRPC Route Guide,point-metadata-additive,fanout4,4,0,0,0,1,0,0,0,1,1
pair-15-case-307,gRPC Route Guide,point-metadata-additive,fanout4,4,0,0,0,1,0,0,0,1,1
pair-15-case-308,gRPC Route Guide,point-metadata-additive,fanout4,3,0,0,0,1,0,0,0,1,1
pair-15-case-309,gRPC Route Guide,point-metadata-additive,fanout4,4,0,0,0,1,0,0,0,1,1
pair-15-case-310,gRPC Route Guide,point-metadata-additive,fanout4,3,0,0,0,1,1,0,0,1,1
pair-15-case-311,gRPC Route Guide,point-metadata-additive,fanout4,4,0,0,0,1,0,0,0,1,1
pair-15-case-312,gRPC Route Guide,point-metadata-additive,fanout4,4,0,0,0,1,1,1,0,1,1
pair-15-case-313,gRPC Route Guide,point-metadata-additive,fanout4,4,0,0,0,1,0,0,0,1,1
pair-15-case-314,gRPC Route Guide,point-metadata-additive,fanout4,4,0,3,0,1,0,0,1,1,1
pair-15-case-315,gRPC Route Guide,point-metadata-additive,fanout4,4,0,0,0,1,0,0,0,1,1
pair-15-case-316,gRPC Route Guide,point-metadata-additive,fanout4,3,0,0,0,1,0,0,0,1,1
pair-15-case-317,gRPC Route Guide,point-metadata-additive,fanout4,4,0,0,0,1,0,0,0,1,1
pair-15-case-318,gRPC Route Guide,point-metadata-additive,fanout4,3,0,0,0,1,0,0,0,1,1
pair-15-case-319,gRPC Route Guide,point-metadata-additive,fanout4,4,0,0,0,1,0,0,0,1,1
pair-15-case-320,gRPC Route Guide,point-metadata-additive,fanout4,3,0,0,0,1,0,0,0,1,1
pair-15-case-321,gRPC Route Guide,point-metadata-additive,fanout4,3,0,0,0,1,1,0,0,1,1
pair-15-case-322,gRPC Route Guide,point-metadata-additive,fanout4,4,0,0,0,1,0,0,0,1,1
pair-15-case-323,gRPC Route Guide,point-metadata-additive,fanout4,4,0,0,0,1,0,0,0,1,1
pair-15-case-324,gRPC Route Guide,point-metadata-additive,fanout4,4,0,0,0,1,0,0,0,1,1
pair-15-case-325,gRPC Route Guide,point-metadata-additive,fanout4,4,0,0,0,1,0,0,0,1,1
pair-15-case-326,gRPC Route Guide,point-metadata-additive,fanout4,4,0,0,0,1,1,0,0,1,1
pair-15-case-327,gRPC Route Guide,point-metadata-additive,fanout4,4,0,0,0,1,0,0,0,1,1
pair-15-case-328,gRPC Route Guide,point-metadata-additive,fanout4,4,0,0,0,1,0,0,0,1,1
pair-15-case-329,gRPC Route Guide,point-metadata-additive,fanout4,4,0,0,0,1,0,0,0,1,1
pair-15-case-330,gRPC Route Guide,point-metadata-additive,fanout4,4,0,0,0,1,0,0,0,1,1
pair-15-case-331,gRPC Route Guide,point-metadata-additive,fanout4,4,0,0,0,1,1,0,0,1,1
pair-15-case-332,gRPC Route Guide,point-metadata-additive,fanout4,4,0,0,0,1,0,0,0,1,1
pair-15-case-333,gRPC Route Guide,point-metadata-additive,fanout4,4,0,0,0,1,0,0,0,1,1
pair-15-case-334,gRPC Route Guide,point-metadata-additive,fanout4,4,0,0,0,1,0,0,0,1,1
pair-15-case-335,gRPC Route Guide,point-metadata-additive,fanout4,4,0,0,0,1,0,0,0,1,1
pair-15-case-336,gRPC Route Guide,point-metadata-additive,fanout4,4,0,0,0,1,0,0,0,1,1
pair-15-case-337,gRPC Route Guide,point-metadata-additive,fanout4,3,0,0,0,1,1,1,0,1,1
pair-15-case-338,gRPC Route Guide,point-metadata-additive,fanout4,4,0,0,0,1,0,0,0,1,1
pair-15-case-339,gRPC Route Guide,point-metadata-additive,fanout4,4,0,0,0,1,0,0,0,1,1
pair-15-case-340,gRPC Route Guide,point-metadata-additive,fanout4,4,0,3,0,1,1,0,0,1,1
pair-15-case-341,gRPC Route Guide,point-metadata-additive,fanout4,4,0,0,0,1,0,0,0,1,1
pair-15-case-342,gRPC Route Guide,point-metadata-additive,fanout4,4,0,0,0,1,0,0,0,1,1
pair-15-case-343,gRPC Route Guide,point-metadata-additive,fanout4,4,0,0,0,1,0,0,0,1,1
pair-15-case-344,gRPC Route Guide,point-metadata-additive,fanout4,4,0,3,0,1,1,0,0,1,1
pair-15-case-345,gRPC Route Guide,point-metadata-additive,fanout4,4,0,0,0,1,1,0,0,1,1
pair-15-case-346,gRPC Route Guide,point-metadata-additive,fanout4,4,0,0,0,1,0,0,0,1,1
pair-15-case-347,gRPC Route Guide,point-metadata-additive,fanout4,4,0,0,0,1,0,0,0,1,1
pair-15-case-348,gRPC Route Guide,point-metadata-additive,fanout4,4,0,0,0,1,0,0,0,1,1
pair-15-case-349,gRPC Route Guide,point-metadata-additive,fanout4,4,0,0,0,1,0,0,0,1,1
pair-15-case-350,gRPC Route Guide,point-metadata-additive,fanout4,4,0,0,0,1,0,0,0,1,1
pair-15-case-351,gRPC Route Guide,point-metadata-additive,fanout4,2,1,49,8,0,1,0,1,1,1
pair-15-case-352,gRPC Route Guide,point-metadata-additive,fanout4,4,0,0,0,1,0,0,0,1,1
pair-15-case-353,gRPC Route Guide,point-metadata-additive,fanout4,4,0,0,0,1,0,0,0,1,1
pair-15-case-354,gRPC Route Guide,point-metadata-additive,fanout4,4,0,0,0,1,0,0,0,1,1
pair-15-case-355,gRPC Route Guide,point-metadata-additive,fanout4,4,0,3,0,1,0,0,0,1,1
pair-15-case-356,gRPC Route Guide,point-metadata-additive,fanout4,3,0,0,0,1,1,0,0,1,1
pair-15-case-357,gRPC Route Guide,point-metadata-additive,fanout4,4,0,0,0,1,0,0,0,1,1
pair-15-case-358,gRPC Route Guide,point-metadata-additive,fanout4,4,0,0,0,1,0,0,0,1,1
pair-15-case-359,gRPC Route Guide,point-metadata-additive,fanout4,4,0,0,0,1,1,0,0,1,1
pair-15-case-360,gRPC Route Guide,point-metadata-additive,fanout4,4,0,0,0,1,1,0,0,1,1
pair-15-case-361,gRPC Route Guide,point-metadata-additive,fanout4,4,0,0,0,1,0,0,0,1,1
pair-15-case-362,gRPC Route Guide,point-metadata-additive,fanout4,3,0,0,0,1,1,0,0,1,1
pair-15-case-363,gRPC Route Guide,point-metadata-additive,fanout4,4,0,0,0,1,1,0,0,1,1
pair-15-case-364,gRPC Route Guide,point-metadata-additive,fanout4,4,0,3,0,1,0,0,1,1,1
pair-15-case-365,gRPC Route Guide,point-metadata-additive,fanout4,4,0,0,0,1,0,0,0,1,1
pair-15-case-366,gRPC Route Guide,point-metadata-additive,fanout4,4,0,0,0,1,0,0,0,1,1
pair-15-case-367,gRPC Route Guide,point-metadata-additive,fanout4,4,0,0,0,1,0,0,0,1,1
pair-15-case-368,gRPC Route Guide,point-metadata-additive,fanout4,4,0,0,0,1,1,0,0,1,1
pair-15-case-369,gRPC Route Guide,point-metadata-additive,fanout4,4,0,0,0,1,0,0,0,1,1
pair-15-case-370,gRPC Route Guide,point-metadata-additive,fanout4,4,0,0,0,1,0,0,0,1,1
pair-15-case-371,gRPC Route Guide,point-metadata-additive,fanout4,3,0,0,0,1,0,0,0,1,1
pair-15-case-372,gRPC Route Guide,point-metadata-additive,fanout4,4,0,0,0,1,0,0,0,1,1
pair-15-case-373,gRPC Route Guide,point-metadata-additive,fanout4,4,0,0,0,1,1,0,0,1,1
pair-15-case-374,gRPC Route Guide,point-metadata-additive,fanout4,4,0,9,0,1,0,0,0,1,1
pair-15-case-375,gRPC Route Guide,point-metadata-additive,fanout4,4,0,0,0,1,1,0,0,1,1
pair-15-case-376,gRPC Route Guide,point-metadata-additive,fanout4,4,0,0,0,1,0,0,0,1,1
pair-15-case-377,gRPC Route Guide,point-metadata-additive,fanout4,4,0,0,0,1,0,0,0,1,1
pair-15-case-378,gRPC Route Guide,point-metadata-additive,fanout4,4,0,0,0,1,0,0,0,1,1
pair-15-case-379,gRPC Route Guide,point-metadata-additive,fanout4,4,0,0,0,1,0,0,0,1,1
pair-15-case-380,gRPC Route Guide,point-metadata-additive,fanout4,4,0,0,0,1,1,0,0,1,1
pair-15-case-381,gRPC Route Guide,point-metadata-additive,fanout4,3,0,0,0,1,0,0,0,1,1
pair-15-case-382,gRPC Route Guide,point-metadata-additive,fanout4,4,0,0,0,1,0,0,0,1,1
pair-15-case-383,gRPC Route Guide,point-metadata-additive,fanout4,4,0,0,0,1,1,0,0,1,1
pair-15-case-384,gRPC Route Guide,point-metadata-additive,fanout4,4,0,7,0,1,1,0,0,1,1
pair-15-case-385,gRPC Route Guide,point-metadata-additive,fanout4,4,0,0,0,1,0,0,0,1,1
pair-15-case-386,gRPC Route Guide,point-metadata-additive,fanout4,4,0,0,0,1,0,0,0,1,1
pair-15-case-387,gRPC Route Guide,point-metadata-additive,fanout4,4,0,0,0,1,0,0,0,1,1
pair-15-case-388,gRPC Route Guide,point-metadata-additive,fanout4,4,0,0,0,1,0,0,0,1,1
pair-15-case-389,gRPC Route Guide,point-metadata-additive,fanout4,4,0,0,0,1,0,0,0,1,1
pair-15-case-390,gRPC Route Guide,point-metadata-additive,fanout4,4,0,14,0,1,1,0,1,1,1
pair-15-case-391,gRPC Route Guide,point-metadata-additive,fanout4,4,0,0,0,1,0,0,0,1,1
pair-15-case-392,gRPC Route Guide,point-metadata-additive,fanout4,4,0,0,0,1,1,0,0,1,1
pair-15-case-393,gRPC Route Guide,point-metadata-additive,fanout4,4,0,0,0,1,0,0,0,1,1
pair-15-case-394,gRPC Route Guide,point-metadata-additive,fanout4,4,0,7,0,1,0,0,1,1,1
pair-15-case-395,gRPC Route Guide,point-metadata-additive,fanout4,4,0,0,0,1,0,0,0,1,1
pair-15-case-396,gRPC Route Guide,point-metadata-additive,fanout4,4,0,3,0,1,0,0,0,1,1
pair-15-case-397,gRPC Route Guide,point-metadata-additive,fanout4,4,0,0,0,1,0,0,0,1,1
pair-15-case-398,gRPC Route Guide,point-metadata-additive,fanout4,3,0,0,0,1,1,0,0,1,1
pair-15-case-399,gRPC Route Guide,point-metadata-additive,fanout4,4,0,0,0,1,0,0,0,1,1
pair-15-case-400,gRPC Route Guide,point-metadata-additive,fanout4,4,0,0,0,1,1,0,0,1,1
pair-15-case-401,gRPC Route Guide,point-metadata-additive,fanout4,3,0,21,0,1,1,0,0,1,1
pair-15-case-402,gRPC Route Guide,point-metadata-additive,fanout4,4,0,0,0,1,0,0,0,1,1
pair-15-case-403,gRPC Route Guide,point-metadata-additive,fanout4,4,0,0,0,1,1,0,0,1,1
pair-15-case-404,gRPC Route Guide,point-metadata-additive,fanout4,4,0,0,0,1,0,0,0,1,1
pair-15-case-405,gRPC Route Guide,point-metadata-additive,fanout4,4,0,11,0,1,0,0,1,1,1
pair-15-case-406,gRPC Route Guide,point-metadata-additive,fanout4,4,0,0,0,1,0,0,0,1,1
pair-15-case-407,gRPC Route Guide,point-metadata-additive,fanout4,4,0,0,0,1,0,0,0,1,1
pair-15-case-408,gRPC Route Guide,point-metadata-additive,fanout4,4,0,0,0,1,1,0,0,1,1
pair-15-case-409,gRPC Route Guide,point-metadata-additive,fanout4,4,0,0,0,1,0,0,0,1,1
pair-15-case-410,gRPC Route Guide,point-metadata-additive,fanout4,4,0,0,0,1,0,0,0,1,1
pair-15-case-411,gRPC Route Guide,point-metadata-additive,fanout4,4,0,0,0,1,0,0,0,1,1
pair-15-case-412,gRPC Route Guide,point-metadata-additive,fanout4,4,0,0,0,1,1,0,0,1,1
pair-15-case-413,gRPC Route Guide,point-metadata-additive,fanout4,4,0,0,0,1,0,0,0,1,1
pair-15-case-414,gRPC Route Guide,point-metadata-additive,fanout4,4,0,0,0,1,0,0,0,1,1
pair-15-case-415,gRPC Route Guide,point-metadata-additive,fanout4,4,0,0,0,1,0,0,0,1,1
pair-15-case-416,gRPC Route Guide,point-metadata-additive,fanout4,4,0,0,0,1,0,0,0,1,1
pair-15-case-417,gRPC Route Guide,point-metadata-additive,fanout4,4,0,0,0,1,0,0,0,1,1
pair-15-case-418,gRPC Route Guide,point-metadata-additive,fanout4,4,0,0,0,1,0,0,0,1,1
pair-15-case-419,gRPC Route Guide,point-metadata-additive,fanout4,4,0,0,0,1,0,0,0,1,1
pair-15-case-420,gRPC Route Guide,point-metadata-additive,fanout4,4,0,0,0,1,0,0,0,1,1
pair-15-case-421,gRPC Route Guide,point-metadata-additive,fanout4,4,0,0,0,1,0,0,0,1,1
pair-15-case-422,gRPC Route Guide,point-metadata-additive,fanout4,4,0,3,0,1,0,0,0,1,1
pair-15-case-423,gRPC Route Guide,point-metadata-additive,fanout4,4,0,0,0,1,0,0,0,1,1
pair-15-case-424,gRPC Route Guide,point-metadata-additive,fanout4,4,0,0,0,1,0,0,0,1,1
pair-15-case-425,gRPC Route Guide,point-metadata-additive,fanout4,4,0,4,0,1,1,0,1,1,1
pair-15-case-426,gRPC Route Guide,point-metadata-additive,fanout4,3,0,0,0,1,1,0,0,1,1
pair-15-case-427,gRPC Route Guide,point-metadata-additive,fanout4,4,0,0,0,1,1,0,0,1,1
pair-15-case-428,gRPC Route Guide,point-metadata-additive,fanout4,4,0,0,0,1,0,0,0,1,1
pair-15-case-429,gRPC Route Guide,point-metadata-additive,fanout4,4,0,3,0,1,0,0,0,1,1
pair-15-case-430,gRPC Route Guide,point-metadata-additive,fanout4,3,0,0,0,1,1,0,0,1,1
pair-15-case-431,gRPC Route Guide,point-metadata-additive,fanout4,4,0,0,0,1,0,0,0,1,1
pair-15-case-432,gRPC Route Guide,point-metadata-additive,fanout4,3,0,9,0,1,0,0,1,1,1
pair-15-case-433,gRPC Route Guide,point-metadata-additive,fanout4,4,0,0,0,1,0,0,0,1,1
pair-15-case-434,gRPC Route Guide,point-metadata-additive,fanout4,4,0,0,0,1,0,0,0,1,1
pair-15-case-435,gRPC Route Guide,point-metadata-additive,fanout4,4,0,0,0,1,0,0,0,1,1
pair-15-case-436,gRPC Route Guide,point-metadata-additive,fanout4,4,0,0,0,1,0,0,0,1,1
pair-15-case-437,gRPC Route Guide,point-metadata-additive,fanout4,3,0,0,0,1,0,0,0,1,1
pair-15-case-438,gRPC Route Guide,point-metadata-additive,fanout4,4,0,0,0,1,0,0,0,1,1
pair-15-case-439,gRPC Route Guide,point-metadata-additive,fanout4,4,0,0,0,1,1,0,0,1,1
pair-15-case-440,gRPC Route Guide,point-metadata-additive,fanout4,4,0,0,0,1,0,0,0,1,1
pair-15-case-441,gRPC Route Guide,point-metadata-additive,fanout4,4,0,0,0,1,0,0,0,1,1
pair-15-case-442,gRPC Route Guide,point-metadata-additive,fanout4,4,0,0,0,1,0,0,0,1,1
pair-15-case-443,gRPC Route Guide,point-metadata-additive,fanout4,4,0,0,0,1,0,0,0,1,1
pair-15-case-444,gRPC Route Guide,point-metadata-additive,fanout4,4,0,0,0,1,0,0,0,1,1
pair-15-case-445,gRPC Route Guide,point-metadata-additive,fanout4,4,0,0,0,1,0,0,0,1,1
pair-15-case-446,gRPC Route Guide,point-metadata-additive,fanout4,4,0,0,0,1,0,0,0,1,1
pair-15-case-447,gRPC Route Guide,point-metadata-additive,fanout4,4,0,0,0,1,0,0,0,1,1
pair-15-case-448,gRPC Route Guide,point-metadata-additive,fanout4,4,0,0,0,1,1,1,0,1,1
pair-15-case-449,gRPC Route Guide,point-metadata-additive,fanout4,4,0,0,0,1,0,0,0,1,1
pair-15-case-450,gRPC Route Guide,point-metadata-additive,fanout4,4,0,0,0,1,0,0,0,1,1
pair-15-case-451,gRPC Route Guide,point-metadata-additive,fanout4,4,0,0,0,1,1,0,0,1,1
pair-15-case-452,gRPC Route Guide,point-metadata-additive,fanout4,4,0,0,0,1,0,0,0,1,1
pair-15-case-453,gRPC Route Guide,point-metadata-additive,fanout4,4,0,0,0,1,0,0,0,1,1
pair-15-case-454,gRPC Route Guide,point-metadata-additive,fanout4,4,0,0,0,1,0,0,0,1,1
pair-15-case-455,gRPC Route Guide,point-metadata-additive,fanout4,3,0,0,0,1,1,0,0,1,1
pair-15-case-456,gRPC Route Guide,point-metadata-additive,fanout4,4,0,0,0,1,1,0,0,1,1
pair-15-case-457,gRPC Route Guide,point-metadata-additive,fanout4,4,0,0,0,1,1,1,0,1,1
pair-15-case-458,gRPC Route Guide,point-metadata-additive,fanout4,3,0,0,0,1,0,0,0,1,1
pair-15-case-459,gRPC Route Guide,point-metadata-additive,fanout4,4,0,0,0,1,0,0,0,1,1
pair-15-case-460,gRPC Route Guide,point-metadata-additive,fanout4,4,0,0,0,1,1,0,0,1,1
pair-15-case-461,gRPC Route Guide,point-metadata-additive,fanout4,4,0,0,0,1,1,0,0,1,1
pair-15-case-462,gRPC Route Guide,point-metadata-additive,fanout4,4,0,0,0,1,0,0,0,1,1
pair-15-case-463,gRPC Route Guide,point-metadata-additive,fanout4,4,0,0,0,1,0,0,0,1,1
pair-15-case-464,gRPC Route Guide,point-metadata-additive,fanout4,4,0,0,0,1,0,0,0,1,1
pair-15-case-465,gRPC Route Guide,point-metadata-additive,fanout4,4,0,7,0,1,1,0,0,1,1
pair-15-case-466,gRPC Route Guide,point-metadata-additive,fanout4,4,0,0,0,1,0,0,0,1,1
pair-15-case-467,gRPC Route Guide,point-metadata-additive,fanout4,2,0,18,0,1,1,0,1,1,1
pair-15-case-468,gRPC Route Guide,point-metadata-additive,fanout4,4,0,0,0,1,1,0,0,1,1
pair-15-case-469,gRPC Route Guide,point-metadata-additive,fanout4,3,0,0,0,1,0,0,0,1,1
pair-15-case-470,gRPC Route Guide,point-metadata-additive,fanout4,4,0,0,0,1,1,0,0,1,1
pair-15-case-471,gRPC Route Guide,point-metadata-additive,fanout4,3,0,0,0,1,0,0,0,1,1
pair-15-case-472,gRPC Route Guide,point-metadata-additive,fanout4,4,0,0,0,1,0,0,0,1,1
pair-15-case-473,gRPC Route Guide,point-metadata-additive,fanout4,4,0,0,0,1,0,0,0,1,1
pair-15-case-474,gRPC Route Guide,point-metadata-additive,fanout4,4,0,7,0,1,0,0,1,1,1
pair-15-case-475,gRPC Route Guide,point-metadata-additive,fanout4,3,0,0,0,1,0,0,0,1,1
pair-15-case-476,gRPC Route Guide,point-metadata-additive,fanout4,4,0,0,0,1,0,0,0,1,1
pair-15-case-477,gRPC Route Guide,point-metadata-additive,fanout4,4,0,0,0,1,0,0,0,1,1
pair-15-case-478,gRPC Route Guide,point-metadata-additive,fanout4,4,0,7,0,1,0,0,0,1,1
pair-15-case-479,gRPC Route Guide,point-metadata-additive,fanout4,4,0,0,0,1,0,0,0,1,1
pair-15-case-480,gRPC Route Guide,point-metadata-additive,fanout4,4,0,3,0,1,0,0,1,1,1
pair-15-case-481,gRPC Route Guide,point-metadata-additive,fanout4,3,0,0,0,1,0,0,0,1,1
pair-15-case-482,gRPC Route Guide,point-metadata-additive,fanout4,4,0,0,0,1,1,0,0,1,1
pair-15-case-483,gRPC Route Guide,point-metadata-additive,fanout4,4,0,0,0,1,0,0,0,1,1
pair-15-case-484,gRPC Route Guide,point-metadata-additive,fanout4,4,0,0,0,1,0,0,0,1,1
pair-15-case-485,gRPC Route Guide,point-metadata-additive,fanout4,3,0,0,0,1,1,0,0,1,1
pair-15-case-486,gRPC Route Guide,point-metadata-additive,fanout4,4,0,0,0,1,0,0,0,1,1
pair-15-case-487,gRPC Route Guide,point-metadata-additive,fanout4,4,0,0,0,1,0,0,0,1,1
pair-15-case-488,gRPC Route Guide,point-metadata-additive,fanout4,4,0,0,0,1,1,0,0,1,1
pair-15-case-489,gRPC Route Guide,point-metadata-additive,fanout4,3,0,0,0,1,1,0,0,1,1
pair-15-case-490,gRPC Route Guide,point-metadata-additive,fanout4,4,0,0,0,1,1,0,0,1,1
pair-15-case-491,gRPC Route Guide,point-metadata-additive,fanout4,4,0,0,0,1,1,0,0,1,1
pair-15-case-492,gRPC Route Guide,point-metadata-additive,fanout4,4,0,0,0,1,0,0,0,1,1
pair-15-case-493,gRPC Route Guide,point-metadata-additive,fanout4,4,0,12,0,1,1,0,0,1,1
pair-15-case-494,gRPC Route Guide,point-metadata-additive,fanout4,4,0,0,0,1,0,0,0,1,1
pair-15-case-495,gRPC Route Guide,point-metadata-additive,fanout4,4,0,3,0,1,0,0,1,1,1
pair-15-case-496,gRPC Route Guide,point-metadata-additive,fanout4,3,0,0,0,1,0,0,0,1,1
pair-15-case-497,gRPC Route Guide,point-metadata-additive,fanout4,4,0,0,0,1,1,0,0,1,1
pair-15-case-498,gRPC Route Guide,point-metadata-additive,fanout4,4,0,0,0,1,1,0,0,1,1
pair-15-case-499,gRPC Route Guide,point-metadata-additive,fanout4,3,0,0,0,1,1,0,0,1,1
pair-16-case-000,gRPC Route Guide,stream-phase-bridge,cycle5,0,1,243,10,0,1,1,1,1,1
pair-16-case-001,gRPC Route Guide,stream-phase-bridge,cycle5,1,0,0,0,1,0,0,0,1,1
pair-16-case-002,gRPC Route Guide,stream-phase-bridge,cycle5,1,0,81,0,1,0,0,1,1,1
pair-16-case-003,gRPC Route Guide,stream-phase-bridge,cycle5,1,0,0,0,1,1,1,0,1,1
pair-16-case-004,gRPC Route Guide,stream-phase-bridge,cycle5,1,0,0,0,1,1,1,0,1,1
pair-16-case-005,gRPC Route Guide,stream-phase-bridge,cycle5,1,0,81,0,1,1,0,1,1,1
pair-16-case-006,gRPC Route Guide,stream-phase-bridge,cycle5,1,0,0,0,1,0,0,0,1,1
pair-16-case-007,gRPC Route Guide,stream-phase-bridge,cycle5,1,0,81,0,1,0,0,1,1,1
pair-16-case-008,gRPC Route Guide,stream-phase-bridge,cycle5,1,0,81,0,1,1,1,0,1,1
pair-16-case-009,gRPC Route Guide,stream-phase-bridge,cycle5,1,0,0,0,1,1,1,0,1,1
pair-16-case-010,gRPC Route Guide,stream-phase-bridge,cycle5,1,0,0,0,1,1,1,0,1,1
pair-16-case-011,gRPC Route Guide,stream-phase-bridge,cycle5,1,0,81,0,1,1,0,1,1,1
pair-16-case-012,gRPC Route Guide,stream-phase-bridge,cycle5,1,0,0,0,1,0,0,0,1,1
pair-16-case-013,gRPC Route Guide,stream-phase-bridge,cycle5,1,0,81,0,1,0,0,1,1,1
pair-16-case-014,gRPC Route Guide,stream-phase-bridge,cycle5,1,0,81,0,1,1,1,0,1,1
pair-16-case-015,gRPC Route Guide,stream-phase-bridge,cycle5,1,0,0,0,1,1,1,0,1,1
pair-16-case-016,gRPC Route Guide,stream-phase-bridge,cycle5,1,0,0,0,1,1,1,0,1,1
pair-16-case-017,gRPC Route Guide,stream-phase-bridge,cycle5,1,0,81,0,1,1,0,1,1,1
pair-16-case-018,gRPC Route Guide,stream-phase-bridge,cycle5,1,0,0,0,1,0,0,0,1,1
pair-16-case-019,gRPC Route Guide,stream-phase-bridge,cycle5,1,0,81,0,1,0,0,1,1,1
pair-16-case-020,gRPC Route Guide,stream-phase-bridge,cycle5,1,0,81,0,1,1,1,0,1,1
pair-16-case-021,gRPC Route Guide,stream-phase-bridge,cycle5,1,0,0,0,1,1,1,0,1,1
pair-16-case-022,gRPC Route Guide,stream-phase-bridge,cycle5,1,0,0,0,1,1,1,0,1,1
pair-16-case-023,gRPC Route Guide,stream-phase-bridge,cycle5,1,0,81,0,1,1,0,1,1,1
pair-16-case-024,gRPC Route Guide,stream-phase-bridge,cycle5,1,0,0,0,1,0,0,0,1,1
pair-16-case-025,gRPC Route Guide,stream-phase-bridge,cycle5,1,0,81,0,1,0,0,1,1,1
pair-16-case-026,gRPC Route Guide,stream-phase-bridge,cycle5,1,0,81,0,1,1,1,0,1,1
pair-16-case-027,gRPC Route Guide,stream-phase-bridge,cycle5,1,0,0,0,1,1,1,0,1,1
pair-16-case-028,gRPC Route Guide,stream-phase-bridge,cycle5,1,0,0,0,1,1,1,0,1,1
pair-16-case-029,gRPC Route Guide,stream-phase-bridge,cycle5,1,0,81,0,1,1,0,1,1,1
pair-16-case-030,gRPC Route Guide,stream-phase-bridge,cycle5,1,1,189,10,0,1,0,1,1,1
pair-16-case-031,gRPC Route Guide,stream-phase-bridge,cycle5,1,1,189,10,0,1,0,1,1,1
pair-16-case-032,gRPC Route Guide,stream-phase-bridge,cycle5,1,1,189,10,0,1,0,1,1,1
pair-16-case-033,gRPC Route Guide,stream-phase-bridge,cycle5,1,1,189,10,0,1,0,1,1,1
pair-16-case-034,gRPC Route Guide,stream-phase-bridge,cycle5,1,1,189,10,0,1,0,1,1,1
pair-16-case-035,gRPC Route Guide,stream-phase-bridge,cycle5,1,1,189,10,0,1,0,1,1,1
pair-16-case-036,gRPC Route Guide,stream-phase-bridge,cycle5,1,1,189,10,0,1,0,1,1,1
pair-16-case-037,gRPC Route Guide,stream-phase-bridge,cycle5,1,1,189,10,0,1,0,1,1,1
pair-16-case-038,gRPC Route Guide,stream-phase-bridge,cycle5,1,1,189,10,0,1,0,1,1,1
pair-16-case-039,gRPC Route Guide,stream-phase-bridge,cycle5,1,1,189,10,0,1,0,1,1,1
pair-16-case-040,gRPC Route Guide,stream-phase-bridge,cycle5,1,1,189,10,0,1,0,1,1,1
pair-16-case-041,gRPC Route Guide,stream-phase-bridge,cycle5,1,1,189,10,0,1,0,1,1,1
pair-16-case-042,gRPC Route Guide,stream-phase-bridge,cycle5,4,0,3,0,3,1,0,1,1,1
pair-16-case-043,gRPC Route Guide,stream-phase-bridge,cycle5,3,1,111,10,0,1,0,1,1,1
pair-16-case-044,gRPC Route Guide,stream-phase-bridge,cycle5,3,1,117,10,0,1,0,1,1,1
pair-16-case-045,gRPC Route Guide,stream-phase-bridge,cycle5,4,1,101,10,0,1,0,1,1,1
pair-16-case-046,gRPC Route Guide,stream-phase-bridge,cycle5,3,1,99,10,0,1,0,1,1,1
pair-16-case-047,gRPC Route Guide,stream-phase-bridge,cycle5,4,1,77,10,0,1,0,1,1,1
pair-16-case-048,gRPC Route Guide,stream-phase-bridge,cycle5,4,0,56,0,3,1,0,1,1,1
pair-16-case-049,gRPC Route Guide,stream-phase-bridge,cycle5,4,1,69,10,0,1,0,1,1,1
pair-16-case-050,gRPC Route Guide,stream-phase-bridge,cycle5,3,1,111,10,0,1,0,1,1,1
pair-16-case-051,gRPC Route Guide,stream-phase-bridge,cycle5,3,1,105,10,0,1,0,1,1,1
pair-16-case-052,gRPC Route Guide,stream-phase-bridge,cycle5,3,1,99,10,0,1,0,1,1,1
pair-16-case-053,gRPC Route Guide,stream-phase-bridge,cycle5,4,1,81,10,0,1,0,1,1,1
pair-16-case-054,gRPC Route Guide,stream-phase-bridge,cycle5,4,1,81,10,0,1,0,1,1,1
pair-16-case-055,gRPC Route Guide,stream-phase-bridge,cycle5,4,1,91,10,0,1,0,1,1,1
pair-16-case-056,gRPC Route Guide,stream-phase-bridge,cycle5,2,1,147,10,0,1,0,1,1,1
pair-16-case-057,gRPC Route Guide,stream-phase-bridge,cycle5,4,1,95,10,0,1,0,1,1,1
pair-16-case-058,gRPC Route Guide,stream-phase-bridge,cycle5,4,1,103,10,0,1,0,1,1,1
pair-16-case-059,gRPC Route Guide,stream-phase-bridge,cycle5,3,1,105,10,0,1,0,1,1,1
pair-16-case-060,gRPC Route Guide,stream-phase-bridge,cycle5,3,1,105,10,0,1,0,1,1,1
pair-16-case-061,gRPC Route Guide,stream-phase-bridge,cycle5,2,1,153,10,0,1,0,1,1,1
pair-16-case-062,gRPC Route Guide,stream-phase-bridge,cycle5,3,1,123,10,0,1,0,1,1,1
pair-16-case-063,gRPC Route Guide,stream-phase-bridge,cycle5,3,1,119,10,0,1,0,1,1,1
pair-16-case-064,gRPC Route Guide,stream-phase-bridge,cycle5,4,1,81,10,0,1,0,1,1,1
pair-16-case-065,gRPC Route Guide,stream-phase-bridge,cycle5,4,1,91,10,0,1,0,1,1,1
pair-16-case-066,gRPC Route Guide,stream-phase-bridge,cycle5,3,1,105,10,0,1,0,1,1,1
pair-16-case-067,gRPC Route Guide,stream-phase-bridge,cycle5,3,1,119,10,0,1,0,1,1,1
pair-16-case-068,gRPC Route Guide,stream-phase-bridge,cycle5,4,1,85,10,0,1,0,1,1,1
pair-16-case-069,gRPC Route Guide,stream-phase-bridge,cycle5,4,1,81,10,0,1,0,1,1,1
pair-16-case-070,gRPC Route Guide,stream-phase-bridge,cycle5,4,1,84,10,0,1,0,1,1,1
pair-16-case-071,gRPC Route Guide,stream-phase-bridge,cycle5,2,1,147,10,0,1,0,1,1,1
pair-16-case-072,gRPC Route Guide,stream-phase-bridge,cycle5,4,1,84,10,0,1,0,1,1,1
pair-16-case-073,gRPC Route Guide,stream-phase-bridge,cycle5,2,1,153,10,0,1,0,1,1,1
pair-16-case-074,gRPC Route Guide,stream-phase-bridge,cycle5,3,1,111,10,0,1,0,1,1,1
pair-16-case-075,gRPC Route Guide,stream-phase-bridge,cycle5,3,1,93,10,0,1,0,1,1,1
pair-16-case-076,gRPC Route Guide,stream-phase-bridge,cycle5,4,1,77,10,0,1,0,1,1,1
pair-16-case-077,gRPC Route Guide,stream-phase-bridge,cycle5,3,1,112,10,0,1,0,1,1,1
pair-16-case-078,gRPC Route Guide,stream-phase-bridge,cycle5,4,1,75,10,0,1,0,1,1,1
pair-16-case-079,gRPC Route Guide,stream-phase-bridge,cycle5,3,1,93,10,0,1,0,1,1,1
pair-16-case-080,gRPC Route Guide,stream-phase-bridge,cycle5,3,1,99,10,0,1,0,1,1,1
pair-16-case-081,gRPC Route Guide,stream-phase-bridge,cycle5,3,1,93,10,0,1,0,1,1,1
pair-16-case-082,gRPC Route Guide,stream-phase-bridge,cycle5,4,1,95,10,0,1,0,1,1,1
pair-16-case-083,gRPC Route Guide,stream-phase-bridge,cycle5,4,1,91,10,0,1,0,1,1,1
pair-16-case-084,gRPC Route Guide,stream-phase-bridge,cycle5,3,1,117,10,0,1,0,1,1,1
pair-16-case-085,gRPC Route Guide,stream-phase-bridge,cycle5,4,1,77,10,0,1,0,1,1,1
pair-16-case-086,gRPC Route Guide,stream-phase-bridge,cycle5,3,1,135,10,0,1,0,1,1,1
pair-16-case-087,gRPC Route Guide,stream-phase-bridge,cycle5,4,1,63,10,0,1,0,1,1,1
pair-16-case-088,gRPC Route Guide,stream-phase-bridge,cycle5,4,1,87,10,0,1,0,1,1,1
pair-16-case-089,gRPC Route Guide,stream-phase-bridge,cycle5,2,1,147,10,0,1,0,1,1,1
pair-16-case-090,gRPC Route Guide,stream-phase-bridge,cycle5,4,1,83,10,0,1,0,1,1,1
pair-16-case-091,gRPC Route Guide,stream-phase-bridge,cycle5,3,1,93,10,0,1,0,1,1,1
pair-16-case-092,gRPC Route Guide,stream-phase-bridge,cycle5,4,1,97,10,0,1,0,1,1,1
pair-16-case-093,gRPC Route Guide,stream-phase-bridge,cycle5,2,1,153,10,0,1,0,1,1,1
pair-16-case-094,gRPC Route Guide,stream-phase-bridge,cycle5,4,1,81,10,0,1,0,1,1,1
pair-16-case-095,gRPC Route Guide,stream-phase-bridge,cycle5,3,1,99,10,0,1,0,1,1,1
pair-16-case-096,gRPC Route Guide,stream-phase-bridge,cycle5,2,1,135,10,0,1,0,1,1,1
pair-16-case-097,gRPC Route Guide,stream-phase-bridge,cycle5,4,1,69,10,0,1,0,1,1,1
pair-16-case-098,gRPC Route Guide,stream-phase-bridge,cycle5,4,1,107,10,0,1,0,1,1,1
pair-16-case-099,gRPC Route Guide,stream-phase-bridge,cycle5,3,1,108,10,0,1,0,1,1,1
pair-16-case-100,gRPC Route Guide,stream-phase-bridge,cycle5,4,1,63,10,0,1,0,1,1,1
pair-16-case-101,gRPC Route Guide,stream-phase-bridge,cycle5,4,1,77,10,0,1,0,1,1,1
pair-16-case-102,gRPC Route Guide,stream-phase-bridge,cycle5,4,1,85,10,0,1,0,1,1,1
pair-16-case-103,gRPC Route Guide,stream-phase-bridge,cycle5,4,1,69,10,0,1,0,1,1,1
pair-16-case-104,gRPC Route Guide,stream-phase-bridge,cycle5,2,1,147,10,0,1,0,1,1,1
pair-16-case-105,gRPC Route Guide,stream-phase-bridge,cycle5,3,1,112,10,0,1,0,1,1,1
pair-16-case-106,gRPC Route Guide,stream-phase-bridge,cycle5,4,1,81,10,0,1,0,1,1,1
pair-16-case-107,gRPC Route Guide,stream-phase-bridge,cycle5,3,1,108,10,0,1,0,1,1,1
pair-16-case-108,gRPC Route Guide,stream-phase-bridge,cycle5,2,1,135,10,0,1,0,1,1,1
pair-16-case-109,gRPC Route Guide,stream-phase-bridge,cycle5,4,1,101,10,0,1,0,1,1,1
pair-16-case-110,gRPC Route Guide,stream-phase-bridge,cycle5,4,1,91,10,0,1,0,1,1,1
pair-16-case-111,gRPC Route Guide,stream-phase-bridge,cycle5,3,1,105,10,0,1,0,1,1,1
pair-16-case-112,gRPC Route Guide,stream-phase-bridge,cycle5,4,1,95,10,0,1,0,1,1,1
pair-16-case-113,gRPC Route Guide,stream-phase-bridge,cycle5,4,1,77,10,0,1,0,1,1,1
pair-16-case-114,gRPC Route Guide,stream-phase-bridge,cycle5,2,1,147,10,0,1,0,1,1,1
pair-16-case-115,gRPC Route Guide,stream-phase-bridge,cycle5,4,1,85,10,0,1,0,1,1,1
pair-16-case-116,gRPC Route Guide,stream-phase-bridge,cycle5,4,1,98,10,0,1,0,1,1,1
pair-16-case-117,gRPC Route Guide,stream-phase-bridge,cycle5,4,1,69,10,0,1,0,1,1,1
pair-16-case-118,gRPC Route Guide,stream-phase-bridge,cycle5,4,1,88,10,0,1,0,1,1,1
pair-16-case-119,gRPC Route Guide,stream-phase-bridge,cycle5,3,1,117,10,0,1,0,1,1,1
pair-16-case-120,gRPC Route Guide,stream-phase-bridge,cycle5,4,1,107,10,0,1,0,1,1,1
pair-16-case-121,gRPC Route Guide,stream-phase-bridge,cycle5,3,1,119,10,0,1,0,1,1,1
pair-16-case-122,gRPC Route Guide,stream-phase-bridge,cycle5,4,1,77,10,0,1,0,1,1,1
pair-16-case-123,gRPC Route Guide,stream-phase-bridge,cycle5,3,1,111,10,0,1,0,1,1,1
pair-16-case-124,gRPC Route Guide,stream-phase-bridge,cycle5,3,1,105,10,0,1,0,1,1,1
pair-16-case-125,gRPC Route Guide,stream-phase-bridge,cycle5,4,1,91,10,0,1,0,1,1,1
pair-16-case-126,gRPC Route Guide,stream-phase-bridge,cycle5,3,1,105,10,0,1,0,1,1,1
pair-16-case-127,gRPC Route Guide,stream-phase-bridge,cycle5,4,1,89,10,0,1,0,1,1,1
pair-16-case-128,gRPC Route Guide,stream-phase-bridge,cycle5,4,1,69,10,0,1,0,1,1,1
pair-16-case-129,gRPC Route Guide,stream-phase-bridge,cycle5,4,1,81,10,0,1,0,1,1,1
pair-16-case-130,gRPC Route Guide,stream-phase-bridge,cycle5,4,1,87,10,0,1,0,1,1,1
pair-16-case-131,gRPC Route Guide,stream-phase-bridge,cycle5,3,1,105,10,0,1,0,1,1,1
pair-16-case-132,gRPC Route Guide,stream-phase-bridge,cycle5,3,1,119,10,0,1,0,1,1,1
pair-16-case-133,gRPC Route Guide,stream-phase-bridge,cycle5,4,1,81,10,0,1,0,1,1,1
pair-16-case-134,gRPC Route Guide,stream-phase-bridge,cycle5,4,1,87,10,0,1,0,1,1,1
pair-16-case-135,gRPC Route Guide,stream-phase-bridge,cycle5,4,1,75,10,0,1,0,1,1,1
pair-16-case-136,gRPC Route Guide,stream-phase-bridge,cycle5,4,1,111,10,0,1,0,1,1,1
pair-16-case-137,gRPC Route Guide,stream-phase-bridge,cycle5,4,1,99,10,0,1,0,1,1,1
pair-16-case-138,gRPC Route Guide,stream-phase-bridge,cycle5,4,0,0,0,1,0,0,0,1,1
pair-16-case-139,gRPC Route Guide,stream-phase-bridge,cycle5,4,0,0,0,1,0,0,0,1,1
pair-16-case-140,gRPC Route Guide,stream-phase-bridge,cycle5,4,0,0,0,1,0,0,0,1,1
pair-16-case-141,gRPC Route Guide,stream-phase-bridge,cycle5,3,0,0,0,1,0,0,0,1,1
pair-16-case-142,gRPC Route Guide,stream-phase-bridge,cycle5,3,0,0,0,1,0,0,0,1,1
pair-16-case-143,gRPC Route Guide,stream-phase-bridge,cycle5,4,0,0,0,1,1,0,0,1,1
pair-16-case-144,gRPC Route Guide,stream-phase-bridge,cycle5,4,0,0,0,1,1,0,0,1,1
pair-16-case-145,gRPC Route Guide,stream-phase-bridge,cycle5,4,0,0,0,1,1,0,0,1,1
pair-16-case-146,gRPC Route Guide,stream-phase-bridge,cycle5,4,0,0,0,1,1,0,0,1,1
pair-16-case-147,gRPC Route Guide,stream-phase-bridge,cycle5,2,0,0,0,1,0,0,0,1,1
pair-16-case-148,gRPC Route Guide,stream-phase-bridge,cycle5,4,0,0,0,1,1,0,0,1,1
pair-16-case-149,gRPC Route Guide,stream-phase-bridge,cycle5,4,0,0,0,1,0,0,0,1,1
pair-16-case-150,gRPC Route Guide,stream-phase-bridge,cycle5,4,0,9,0,1,0,0,0,1,1
pair-16-case-151,gRPC Route Guide,stream-phase-bridge,cycle5,4,0,21,0,1,0,0,0,1,1
pair-16-case-152,gRPC Route Guide,stream-phase-bridge,cycle5,4,0,0,0,1,0,0,0,1,1
pair-16-case-153,gRPC Route Guide,stream-phase-bridge,cycle5,4,0,0,0,1,1,0,0,1,1
pair-16-case-154,gRPC Route Guide,stream-phase-bridge,cycle5,4,0,0,0,1,0,0,0,1,1
pair-16-case-155,gRPC Route Guide,stream-phase-bridge,cycle5,4,0,0,0,1,0,0,0,1,1
pair-16-case-156,gRPC Route Guide,stream-phase-bridge,cycle5,4,0,0,0,1,0,0,0,1,1
pair-16-case-157,gRPC Route Guide,stream-phase-bridge,cycle5,4,0,0,0,1,1,0,0,1,1
pair-16-case-158,gRPC Route Guide,stream-phase-bridge,cycle5,4,0,21,0,1,0,0,1,1,1
pair-16-case-159,gRPC Route Guide,stream-phase-bridge,cycle5,4,0,0,0,1,1,0,0,1,1
pair-16-case-160,gRPC Route Guide,stream-phase-bridge,cycle5,4,0,0,0,1,0,0,0,1,1
pair-16-case-161,gRPC Route Guide,stream-phase-bridge,cycle5,4,0,3,0,1,0,0,1,1,1
pair-16-case-162,gRPC Route Guide,stream-phase-bridge,cycle5,4,0,0,0,1,0,0,0,1,1
pair-16-case-163,gRPC Route Guide,stream-phase-bridge,cycle5,2,1,153,10,0,1,0,1,1,1
pair-16-case-164,gRPC Route Guide,stream-phase-bridge,cycle5,4,0,0,0,1,0,0,0,1,1
pair-16-case-165,gRPC Route Guide,stream-phase-bridge,cycle5,4,0,0,0,1,0,0,0,1,1
pair-16-case-166,gRPC Route Guide,stream-phase-bridge,cycle5,4,0,0,0,1,0,0,0,1,1
pair-16-case-167,gRPC Route Guide,stream-phase-bridge,cycle5,4,0,0,0,1,1,0,0,1,1
pair-16-case-168,gRPC Route Guide,stream-phase-bridge,cycle5,4,0,0,0,1,1,0,0,1,1
pair-16-case-169,gRPC Route Guide,stream-phase-bridge,cycle5,4,0,0,0,1,1,0,0,1,1
pair-16-case-170,gRPC Route Guide,stream-phase-bridge,cycle5,4,0,0,0,1,0,0,0,1,1
pair-16-case-171,gRPC Route Guide,stream-phase-bridge,cycle5,4,0,21,0,1,0,0,0,1,1
pair-16-case-172,gRPC Route Guide,stream-phase-bridge,cycle5,4,0,0,0,1,0,0,0,1,1
pair-16-case-173,gRPC Route Guide,stream-phase-bridge,cycle5,4,0,0,0,1,0,0,0,1,1
pair-16-case-174,gRPC Route Guide,stream-phase-bridge,cycle5,4,0,0,0,1,1,0,0,1,1
pair-16-case-175,gRPC Route Guide,stream-phase-bridge,cycle5,4,0,0,0,1,0,0,0,1,1
pair-16-case-176,gRPC Route Guide,stream-phase-bridge,cycle5,3,0,0,0,1,0,0,0,1,1
pair-16-case-177,gRPC Route Guide,stream-phase-bridge,cycle5,4,0,0,0,1,1,0,0,1,1
pair-16-case-178,gRPC Route Guide,stream-phase-bridge,cycle5,4,0,0,0,1,1,0,0,1,1
pair-16-case-179,gRPC Route Guide,stream-phase-bridge,cycle5,4,0,0,0,1,0,0,0,1,1
pair-16-case-180,gRPC Route Guide,stream-phase-bridge,cycle5,4,0,0,0,1,0,0,0,1,1
pair-16-case-181,gRPC Route Guide,stream-phase-bridge,cycle5,4,0,0,0,1,1,0,0,1,1
pair-16-case-182,gRPC Route Guide,stream-phase-bridge,cycle5,4,0,0,0,1,1,0,0,1,1
pair-16-case-183,gRPC Route Guide,stream-phase-bridge,cycle5,4,0,0,0,1,0,0,0,1,1
pair-16-case-184,gRPC Route Guide,stream-phase-bridge,cycle5,4,0,0,0,1,0,0,0,1,1
pair-16-case-185,gRPC Route Guide,stream-phase-bridge,cycle5,3,0,27,0,1,0,0,0,1,1
pair-16-case-186,gRPC Route Guide,stream-phase-bridge,cycle5,4,0,9,0,1,0,0,0,1,1
pair-16-case-187,gRPC Route Guide,stream-phase-bridge,cycle5,4,0,0,0,1,0,0,0,1,1
pair-16-case-188,gRPC Route Guide,stream-phase-bridge,cycle5,4,0,0,0,1,0,0,0,1,1
pair-16-case-189,gRPC Route Guide,stream-phase-bridge,cycle5,3,0,0,0,1,0,0,0,1,1
pair-16-case-190,gRPC Route Guide,stream-phase-bridge,cycle5,4,0,0,0,1,1,0,0,1,1
pair-16-case-191,gRPC Route Guide,stream-phase-bridge,cycle5,4,0,0,0,1,0,0,0,1,1
pair-16-case-192,gRPC Route Guide,stream-phase-bridge,cycle5,4,0,0,0,1,0,0,0,1,1
pair-16-case-193,gRPC Route Guide,stream-phase-bridge,cycle5,4,0,9,0,1,1,0,0,1,1
pair-16-case-194,gRPC Route Guide,stream-phase-bridge,cycle5,4,0,6,0,1,1,0,0,1,1
pair-16-case-195,gRPC Route Guide,stream-phase-bridge,cycle5,4,0,0,0,1,1,0,0,1,1
pair-16-case-196,gRPC Route Guide,stream-phase-bridge,cycle5,3,0,0,0,1,0,0,0,1,1
pair-16-case-197,gRPC Route Guide,stream-phase-bridge,cycle5,4,0,0,0,1,0,0,0,1,1
pair-16-case-198,gRPC Route Guide,stream-phase-bridge,cycle5,3,0,0,0,1,0,0,0,1,1
pair-16-case-199,gRPC Route Guide,stream-phase-bridge,cycle5,4,0,0,0,1,1,0,0,1,1
pair-16-case-200,gRPC Route Guide,stream-phase-bridge,cycle5,3,0,0,0,1,1,0,0,1,1
pair-16-case-201,gRPC Route Guide,stream-phase-bridge,cycle5,4,0,0,0,1,0,0,0,1,1
pair-16-case-202,gRPC Route Guide,stream-phase-bridge,cycle5,4,0,0,0,1,0,0,0,1,1
pair-16-case-203,gRPC Route Guide,stream-phase-bridge,cycle5,4,0,0,0,1,0,0,0,1,1
pair-16-case-204,gRPC Route Guide,stream-phase-bridge,cycle5,4,0,0,0,1,0,0,0,1,1
pair-16-case-205,gRPC Route Guide,stream-phase-bridge,cycle5,4,0,0,0,1,1,0,0,1,1
pair-16-case-206,gRPC Route Guide,stream-phase-bridge,cycle5,4,0,45,0,1,1,0,0,1,1
pair-16-case-207,gRPC Route Guide,stream-phase-bridge,cycle5,4,0,9,0,1,0,0,1,1,1
pair-16-case-208,gRPC Route Guide,stream-phase-bridge,cycle5,2,0,0,0,1,0,0,0,1,1
pair-16-case-209,gRPC Route Guide,stream-phase-bridge,cycle5,4,0,0,0,1,0,0,0,1,1
pair-16-case-210,gRPC Route Guide,stream-phase-bridge,cycle5,4,0,0,0,1,0,0,0,1,1
pair-16-case-211,gRPC Route Guide,stream-phase-bridge,cycle5,4,0,3,0,1,0,0,1,1,1
pair-16-case-212,gRPC Route Guide,stream-phase-bridge,cycle5,4,0,0,0,1,0,0,0,1,1
pair-16-case-213,gRPC Route Guide,stream-phase-bridge,cycle5,4,0,0,0,1,0,0,0,1,1
pair-16-case-214,gRPC Route Guide,stream-phase-bridge,cycle5,4,0,0,0,1,0,0,0,1,1
pair-16-case-215,gRPC Route Guide,stream-phase-bridge,cycle5,4,0,30,0,1,0,0,1,1,1
pair-16-case-216,gRPC Route Guide,stream-phase-bridge,cycle5,4,0,0,0,1,0,0,0,1,1
pair-16-case-217,gRPC Route Guide,stream-phase-bridge,cycle5,4,0,0,0,1,0,0,0,1,1
pair-16-case-218,gRPC Route Guide,stream-phase-bridge,cycle5,4,0,45,0,1,1,0,0,1,1
pair-16-case-219,gRPC Route Guide,stream-phase-bridge,cycle5,3,0,0,0,1,0,0,0,1,1
pair-16-case-220,gRPC Route Guide,stream-phase-bridge,cycle5,4,0,0,0,1,0,0,0,1,1
pair-16-case-221,gRPC Route Guide,stream-phase-bridge,cycle5,4,0,0,0,1,0,0,0,1,1
pair-16-case-222,gRPC Route Guide,stream-phase-bridge,cycle5,4,0,0,0,1,1,0,0,1,1
pair-16-case-223,gRPC Route Guide,stream-phase-bridge,cycle5,4,0,0,0,1,0,0,0,1,1
pair-16-case-224,gRPC Route Guide,stream-phase-bridge,cycle5,4,0,0,0,1,1,0,0,1,1
pair-16-case-225,gRPC Route Guide,stream-phase-bridge,cycle5,4,0,0,0,1,0,0,0,1,1
pair-16-case-226,gRPC Route Guide,stream-phase-bridge,cycle5,4,0,15,0,1,0,0,1,1,1
pair-16-case-227,gRPC Route Guide,stream-phase-bridge,cycle5,4,0,0,0,1,0,0,0,1,1
pair-16-case-228,gRPC Route Guide,stream-phase-bridge,cycle5,4,0,0,0,1,1,0,0,1,1
pair-16-case-229,gRPC Route Guide,stream-phase-bridge,cycle5,4,0,0,0,1,0,0,0,1,1
pair-16-case-230,gRPC Route Guide,stream-phase-bridge,cycle5,4,0,0,0,1,1,0,0,1,1
pair-16-case-231,gRPC Route Guide,stream-phase-bridge,cycle5,4,0,0,0,1,0,0,0,1,1
pair-16-case-232,gRPC Route Guide,stream-phase-bridge,cycle5,4,0,0,0,1,0,0,0,1,1
pair-16-case-233,gRPC Route Guide,stream-phase-bridge,cycle5,4,0,0,0,1,1,0,0,1,1
pair-16-case-234,gRPC Route Guide,stream-phase-bridge,cycle5,4,0,0,0,1,1,0,0,1,1
pair-16-case-235,gRPC Route Guide,stream-phase-bridge,cycle5,4,0,3,0,1,1,0,0,1,1
pair-16-case-236,gRPC Route Guide,stream-phase-bridge,cycle5,4,0,0,0,1,1,0,0,1,1
pair-16-case-237,gRPC Route Guide,stream-phase-bridge,cycle5,4,0,0,0,1,0,0,0,1,1
pair-16-case-238,gRPC Route Guide,stream-phase-bridge,cycle5,4,0,21,0,1,0,0,0,1,1
pair-16-case-239,gRPC Route Guide,stream-phase-bridge,cycle5,4,0,0,0,1,0,0,0,1,1
pair-16-case-240,gRPC Route Guide,stream-phase-bridge,cycle5,4,0,18,0,1,0,0,0,1,1
pair-16-case-241,gRPC Route Guide,stream-phase-bridge,cycle5,4,0,0,0,1,0,0,0,1,1
pair-16-case-242,gRPC Route Guide,stream-phase-bridge,cycle5,4,0,0,0,1,1,1,0,1,1
pair-16-case-243,gRPC Route Guide,stream-phase-bridge,cycle5,4,0,0,0,1,0,0,0,1,1
pair-16-case-244,gRPC Route Guide,stream-phase-bridge,cycle5,4,0,0,0,1,0,0,0,1,1
pair-16-case-245,gRPC Route Guide,stream-phase-bridge,cycle5,4,0,6,0,1,1,0,1,1,1
pair-16-case-246,gRPC Route Guide,stream-phase-bridge,cycle5,4,0,0,0,1,1,1,0,1,1
pair-16-case-247,gRPC Route Guide,stream-phase-bridge,cycle5,4,0,0,0,1,1,0,0,1,1
pair-16-case-248,gRPC Route Guide,stream-phase-bridge,cycle5,4,0,0,0,1,0,0,0,1,1
pair-16-case-249,gRPC Route Guide,stream-phase-bridge,cycle5,4,0,0,0,1,0,0,0,1,1
pair-16-case-250,gRPC Route Guide,stream-phase-bridge,cycle5,4,0,0,0,1,1,0,0,1,1
pair-16-case-251,gRPC Route Guide,stream-phase-bridge,cycle5,4,0,0,0,1,0,0,0,1,1
pair-16-case-252,gRPC Route Guide,stream-phase-bridge,cycle5,4,0,0,0,1,0,0,0,1,1
pair-16-case-253,gRPC Route Guide,stream-phase-bridge,cycle5,4,0,0,0,1,1,0,0,1,1
pair-16-case-254,gRPC Route Guide,stream-phase-bridge,cycle5,3,1,93,10,0,1,0,1,1,1
pair-16-case-255,gRPC Route Guide,stream-phase-bridge,cycle5,4,0,0,0,1,0,0,0,1,1
pair-16-case-256,gRPC Route Guide,stream-phase-bridge,cycle5,4,0,0,0,1,0,0,0,1,1
pair-16-case-257,gRPC Route Guide,stream-phase-bridge,cycle5,4,0,0,0,1,1,0,0,1,1
pair-16-case-258,gRPC Route Guide,stream-phase-bridge,cycle5,3,0,0,0,1,0,0,0,1,1
pair-16-case-259,gRPC Route Guide,stream-phase-bridge,cycle5,4,0,0,0,1,1,0,0,1,1
pair-16-case-260,gRPC Route Guide,stream-phase-bridge,cycle5,4,0,0,0,1,0,0,0,1,1
pair-16-case-261,gRPC Route Guide,stream-phase-bridge,cycle5,3,0,27,0,1,0,0,1,1,1
pair-16-case-262,gRPC Route Guide,stream-phase-bridge,cycle5,4,0,0,0,1,0,0,0,1,1
pair-16-case-263,gRPC Route Guide,stream-phase-bridge,cycle5,4,0,0,0,1,0,0,0,1,1
pair-16-case-264,gRPC Route Guide,stream-phase-bridge,cycle5,4,0,0,0,1,1,0,0,1,1
pair-16-case-265,gRPC Route Guide,stream-phase-bridge,cycle5,4,0,0,0,1,0,0,0,1,1
pair-16-case-266,gRPC Route Guide,stream-phase-bridge,cycle5,4,0,0,0,1,0,0,0,1,1
pair-16-case-267,gRPC Route Guide,stream-phase-bridge,cycle5,4,0,0,0,1,0,0,0,1,1
pair-16-case-268,gRPC Route Guide,stream-phase-bridge,cycle5,4,0,27,0,1,1,0,0,1,1
pair-16-case-269,gRPC Route Guide,stream-phase-bridge,cycle5,4,0,0,0,1,0,0,0,1,1
pair-16-case-270,gRPC Route Guide,stream-phase-bridge,cycle5,4,0,0,0,1,0,0,0,1,1
pair-16-case-271,gRPC Route Guide,stream-phase-bridge,cycle5,4,0,0,0,1,0,0,0,1,1
pair-16-case-272,gRPC Route Guide,stream-phase-bridge,cycle5,4,0,0,0,1,1,0,0,1,1
pair-16-case-273,gRPC Route Guide,stream-phase-bridge,cycle5,3,0,0,0,1,0,0,0,1,1
pair-16-case-274,gRPC Route Guide,stream-phase-bridge,cycle5,4,0,0,0,1,0,0,0,1,1
pair-16-case-275,gRPC Route Guide,stream-phase-bridge,cycle5,4,0,0,0,1,1,0,0,1,1
pair-16-case-276,gRPC Route Guide,stream-phase-bridge,cycle5,4,0,0,0,1,0,0,0,1,1
pair-16-case-277,gRPC Route Guide,stream-phase-bridge,cycle5,3,0,0,0,1,1,0,0,1,1
pair-16-case-278,gRPC Route Guide,stream-phase-bridge,cycle5,4,0,0,0,1,0,0,0,1,1
pair-16-case-279,gRPC Route Guide,stream-phase-bridge,cycle5,4,0,0,0,1,0,0,0,1,1
pair-16-case-280,gRPC Route Guide,stream-phase-bridge,cycle5,4,0,0,0,1,1,0,0,1,1
pair-16-case-281,gRPC Route Guide,stream-phase-bridge,cycle5,4,0,0,0,1,1,0,0,1,1
pair-16-case-282,gRPC Route Guide,stream-phase-bridge,cycle5,4,0,0,0,1,0,0,0,1,1
pair-16-case-283,gRPC Route Guide,stream-phase-bridge,cycle5,4,0,0,0,1,0,0,0,1,1
pair-16-case-284,gRPC Route Guide,stream-phase-bridge,cycle5,4,0,0,0,1,1,0,0,1,1
pair-16-case-285,gRPC Route Guide,stream-phase-bridge,cycle5,4,0,0,0,1,0,0,0,1,1
pair-16-case-286,gRPC Route Guide,stream-phase-bridge,cycle5,4,0,0,0,1,0,0,0,1,1
pair-16-case-287,gRPC Route Guide,stream-phase-bridge,cycle5,4,0,0,0,1,0,0,0,1,1
pair-16-case-288,gRPC Route Guide,stream-phase-bridge,cycle5,4,0,0,0,1,0,0,0,1,1
pair-16-case-289,gRPC Route Guide,stream-phase-bridge,cycle5,4,0,51,0,1,0,0,1,1,1
pair-16-case-290,gRPC Route Guide,stream-phase-bridge,cycle5,4,0,0,0,1,1,0,0,1,1
pair-16-case-291,gRPC Route Guide,stream-phase-bridge,cycle5,4,0,0,0,1,0,0,0,1,1
pair-16-case-292,gRPC Route Guide,stream-phase-bridge,cycle5,4,0,0,0,1,0,0,0,1,1
pair-16-case-293,gRPC Route Guide,stream-phase-bridge,cycle5,4,0,0,0,1,0,0,0,1,1
pair-16-case-294,gRPC Route Guide,stream-phase-bridge,cycle5,4,0,0,0,1,0,0,0,1,1
pair-16-case-295,gRPC Route Guide,stream-phase-bridge,cycle5,4,0,0,0,1,0,0,0,1,1
pair-16-case-296,gRPC Route Guide,stream-phase-bridge,cycle5,4,0,0,0,1,0,0,0,1,1
pair-16-case-297,gRPC Route Guide,stream-phase-bridge,cycle5,3,0,0,0,1,0,0,0,1,1
pair-16-case-298,gRPC Route Guide,stream-phase-bridge,cycle5,4,0,0,0,1,0,0,0,1,1
pair-16-case-299,gRPC Route Guide,stream-phase-bridge,cycle5,4,0,0,0,1,0,0,0,1,1
pair-16-case-300,gRPC Route Guide,stream-phase-bridge,cycle5,4,0,0,0,1,1,1,0,1,1
pair-16-case-301,gRPC Route Guide,stream-phase-bridge,cycle5,4,0,0,0,1,0,0,0,1,1
pair-16-case-302,gRPC Route Guide,stream-phase-bridge,cycle5,4,0,0,0,1,1,0,0,1,1
pair-16-case-303,gRPC Route Guide,stream-phase-bridge,cycle5,4,0,0,0,1,0,0,0,1,1
pair-16-case-304,gRPC Route Guide,stream-phase-bridge,cycle5,4,0,0,0,1,1,0,0,1,1
pair-16-case-305,gRPC Route Guide,stream-phase-bridge,cycle5,4,0,0,0,1,0,0,0,1,1
pair-16-case-306,gRPC Route Guide,stream-phase-bridge,cycle5,4,0,0,0,1,0,0,0,1,1
pair-16-case-307,gRPC Route Guide,stream-phase-bridge,cycle5,4,0,0,0,1,1,0,0,1,1
pair-16-case-308,gRPC Route Guide,stream-phase-bridge,cycle5,4,0,0,0,1,0,0,0,1,1
pair-16-case-309,gRPC Route Guide,stream-phase-bridge,cycle5,4,0,0,0,1,0,0,0,1,1
pair-16-case-310,gRPC Route Guide,stream-phase-bridge,cycle5,4,0,0,0,1,0,0,0,1,1
pair-16-case-311,gRPC Route Guide,stream-phase-bridge,cycle5,4,0,0,0,1,1,0,0,1,1
pair-16-case-312,gRPC Route Guide,stream-phase-bridge,cycle5,4,0,0,0,1,0,0,0,1,1
pair-16-case-313,gRPC Route Guide,stream-phase-bridge,cycle5,4,0,0,0,1,0,0,0,1,1
pair-16-case-314,gRPC Route Guide,stream-phase-bridge,cycle5,4,0,0,0,1,1,0,0,1,1
pair-16-case-315,gRPC Route Guide,stream-phase-bridge,cycle5,4,0,0,0,1,0,0,0,1,1
pair-16-case-316,gRPC Route Guide,stream-phase-bridge,cycle5,4,0,0,0,1,1,0,0,1,1
pair-16-case-317,gRPC Route Guide,stream-phase-bridge,cycle5,4,0,0,0,1,0,0,0,1,1
pair-16-case-318,gRPC Route Guide,stream-phase-bridge,cycle5,4,0,0,0,1,0,0,0,1,1
pair-16-case-319,gRPC Route Guide,stream-phase-bridge,cycle5,4,0,0,0,1,0,0,0,1,1
pair-16-case-320,gRPC Route Guide,stream-phase-bridge,cycle5,4,0,0,0,1,0,0,0,1,1
pair-16-case-321,gRPC Route Guide,stream-phase-bridge,cycle5,4,0,0,0,1,1,0,0,1,1
pair-16-case-322,gRPC Route Guide,stream-phase-bridge,cycle5,4,0,0,0,1,1,0,0,1,1
pair-16-case-323,gRPC Route Guide,stream-phase-bridge,cycle5,4,0,18,0,1,0,0,0,1,1
pair-16-case-324,gRPC Route Guide,stream-phase-bridge,cycle5,4,0,0,0,1,0,0,0,1,1
pair-16-case-325,gRPC Route Guide,stream-phase-bridge,cycle5,4,0,0,0,1,1,0,0,1,1
pair-16-case-326,gRPC Route Guide,stream-phase-bridge,cycle5,4,0,0,0,1,0,0,0,1,1
pair-16-case-327,gRPC Route Guide,stream-phase-bridge,cycle5,4,0,0,0,1,1,0,0,1,1
pair-16-case-328,gRPC Route Guide,stream-phase-bridge,cycle5,4,0,0,0,1,1,0,0,1,1
pair-16-case-329,gRPC Route Guide,stream-phase-bridge,cycle5,4,0,9,0,1,1,0,1,1,1
pair-16-case-330,gRPC Route Guide,stream-phase-bridge,cycle5,4,0,0,0,1,0,0,0,1,1
pair-16-case-331,gRPC Route Guide,stream-phase-bridge,cycle5,4,0,0,0,1,0,0,0,1,1
pair-16-case-332,gRPC Route Guide,stream-phase-bridge,cycle5,4,0,0,0,1,0,0,0,1,1
pair-16-case-333,gRPC Route Guide,stream-phase-bridge,cycle5,4,0,0,0,1,0,0,0,1,1
pair-16-case-334,gRPC Route Guide,stream-phase-bridge,cycle5,2,0,63,0,1,0,0,1,1,1
pair-16-case-335,gRPC Route Guide,stream-phase-bridge,cycle5,4,0,0,0,1,0,0,0,1,1
pair-16-case-336,gRPC Route Guide,stream-phase-bridge,cycle5,4,0,0,0,1,0,0,0,1,1
pair-16-case-337,gRPC Route Guide,stream-phase-bridge,cycle5,4,0,0,0,1,0,0,0,1,1
pair-16-case-338,gRPC Route Guide,stream-phase-bridge,cycle5,4,0,0,0,1,1,0,0,1,1
pair-16-case-339,gRPC Route Guide,stream-phase-bridge,cycle5,4,0,16,0,1,1,0,0,1,1
pair-16-case-340,gRPC Route Guide,stream-phase-bridge,cycle5,4,0,0,0,1,1,0,0,1,1
pair-16-case-341,gRPC Route Guide,stream-phase-bridge,cycle5,4,0,0,0,1,0,0,0,1,1
pair-16-case-342,gRPC Route Guide,stream-phase-bridge,cycle5,4,0,0,0,1,0,0,0,1,1
pair-16-case-343,gRPC Route Guide,stream-phase-bridge,cycle5,4,0,0,0,1,0,0,0,1,1
pair-16-case-344,gRPC Route Guide,stream-phase-bridge,cycle5,4,0,0,0,1,0,0,0,1,1
pair-16-case-345,gRPC Route Guide,stream-phase-bridge,cycle5,4,0,0,0,1,0,0,0,1,1
pair-16-case-346,gRPC Route Guide,stream-phase-bridge,cycle5,4,0,0,0,1,0,0,0,1,1
pair-16-case-347,gRPC Route Guide,stream-phase-bridge,cycle5,4,0,0,0,1,1,0,0,1,1
pair-16-case-348,gRPC Route Guide,stream-phase-bridge,cycle5,4,0,0,0,1,1,0,0,1,1
pair-16-case-349,gRPC Route Guide,stream-phase-bridge,cycle5,4,0,0,0,1,0,0,0,1,1
pair-16-case-350,gRPC Route Guide,stream-phase-bridge,cycle5,4,0,0,0,1,1,0,0,1,1
pair-16-case-351,gRPC Route Guide,stream-phase-bridge,cycle5,4,0,0,0,1,0,0,0,1,1
pair-16-case-352,gRPC Route Guide,stream-phase-bridge,cycle5,4,0,0,0,1,0,0,0,1,1
pair-16-case-353,gRPC Route Guide,stream-phase-bridge,cycle5,4,0,0,0,1,0,0,0,1,1
pair-16-case-354,gRPC Route Guide,stream-phase-bridge,cycle5,4,0,0,0,1,0,0,0,1,1
pair-16-case-355,gRPC Route Guide,stream-phase-bridge,cycle5,4,0,0,0,1,0,0,0,1,1
pair-16-case-356,gRPC Route Guide,stream-phase-bridge,cycle5,4,0,0,0,1,0,0,0,1,1
pair-16-case-357,gRPC Route Guide,stream-phase-bridge,cycle5,4,0,0,0,1,0,0,0,1,1
pair-16-case-358,gRPC Route Guide,stream-phase-bridge,cycle5,4,0,3,0,1,1,0,1,1,1
pair-16-case-359,gRPC Route Guide,stream-phase-bridge,cycle5,4,0,0,0,1,0,0,0,1,1
pair-16-case-360,gRPC Route Guide,stream-phase-bridge,cycle5,4,0,0,0,1,1,0,0,1,1
pair-16-case-361,gRPC Route Guide,stream-phase-bridge,cycle5,3,0,0,0,1,0,0,0,1,1
pair-16-case-362,gRPC Route Guide,stream-phase-bridge,cycle5,4,0,0,0,1,1,0,0,1,1
pair-16-case-363,gRPC Route Guide,stream-phase-bridge,cycle5,4,0,0,0,1,1,0,0,1,1
pair-16-case-364,gRPC Route Guide,stream-phase-bridge,cycle5,4,0,0,0,1,1,0,0,1,1
pair-16-case-365,gRPC Route Guide,stream-phase-bridge,cycle5,4,0,0,0,1,0,0,0,1,1
pair-16-case-366,gRPC Route Guide,stream-phase-bridge,cycle5,4,0,0,0,1,0,0,0,1,1
pair-16-case-367,gRPC Route Guide,stream-phase-bridge,cycle5,4,0,0,0,1,0,0,0,1,1
pair-16-case-368,gRPC Route Guide,stream-phase-bridge,cycle5,4,0,0,0,1,0,0,0,1,1
pair-16-case-369,gRPC Route Guide,stream-phase-bridge,cycle5,4,0,0,0,1,0,0,0,1,1
pair-16-case-370,gRPC Route Guide,stream-phase-bridge,cycle5,4,0,0,0,1,0,0,0,1,1
pair-16-case-371,gRPC Route Guide,stream-phase-bridge,cycle5,4,0,0,0,1,0,0,0,1,1
pair-16-case-372,gRPC Route Guide,stream-phase-bridge,cycle5,4,0,0,0,1,0,0,0,1,1
pair-16-case-373,gRPC Route Guide,stream-phase-bridge,cycle5,4,0,0,0,1,1,0,0,1,1
pair-16-case-374,gRPC Route Guide,stream-phase-bridge,cycle5,4,0,0,0,1,0,0,0,1,1
pair-16-case-375,gRPC Route Guide,stream-phase-bridge,cycle5,4,0,0,0,1,0,0,0,1,1
pair-16-case-376,gRPC Route Guide,stream-phase-bridge,cycle5,4,0,21,0,1,0,0,1,1,1
pair-16-case-377,gRPC Route Guide,stream-phase-bridge,cycle5,4,0,0,0,1,0,0,0,1,1
pair-16-case-378,gRPC Route Guide,stream-phase-bridge,cycle5,3,0,63,0,1,0,0,1,1,1
pair-16-case-379,gRPC Route Guide,stream-phase-bridge,cycle5,4,0,0,0,1,0,0,0,1,1
pair-16-case-380,gRPC Route Guide,stream-phase-bridge,cycle5,4,0,0,0,1,0,0,0,1,1
pair-16-case-381,gRPC Route Guide,stream-phase-bridge,cycle5,4,0,0,0,1,0,0,0,1,1
pair-16-case-382,gRPC Route Guide,stream-phase-bridge,cycle5,4,0,0,0,1,0,0,0,1,1
pair-16-case-383,gRPC Route Guide,stream-phase-bridge,cycle5,4,0,0,0,1,1,0,0,1,1
pair-16-case-384,gRPC Route Guide,stream-phase-bridge,cycle5,4,0,6,0,1,0,0,1,1,1
pair-16-case-385,gRPC Route Guide,stream-phase-bridge,cycle5,3,0,51,0,1,0,0,1,1,1
pair-16-case-386,gRPC Route Guide,stream-phase-bridge,cycle5,4,0,0,0,1,0,0,0,1,1
pair-16-case-387,gRPC Route Guide,stream-phase-bridge,cycle5,4,0,0,0,1,0,0,0,1,1
pair-16-case-388,gRPC Route Guide,stream-phase-bridge,cycle5,4,0,0,0,1,0,0,0,1,1
pair-16-case-389,gRPC Route Guide,stream-phase-bridge,cycle5,3,0,9,0,1,1,0,0,1,1
pair-16-case-390,gRPC Route Guide,stream-phase-bridge,cycle5,4,0,0,0,1,1,0,0,1,1
pair-16-case-391,gRPC Route Guide,stream-phase-bridge,cycle5,4,0,0,0,1,0,0,0,1,1
pair-16-case-392,gRPC Route Guide,stream-phase-bridge,cycle5,4,0,0,0,1,0,0,0,1,1
pair-16-case-393,gRPC Route Guide,stream-phase-bridge,cycle5,3,0,9,0,1,0,0,0,1,1
pair-16-case-394,gRPC Route Guide,stream-phase-bridge,cycle5,4,0,0,0,1,0,0,0,1,1
pair-16-case-395,gRPC Route Guide,stream-phase-bridge,cycle5,4,0,0,0,1,0,0,0,1,1
pair-16-case-396,gRPC Route Guide,stream-phase-bridge,cycle5,4,0,0,0,1,0,0,0,1,1
pair-16-case-397,gRPC Route Guide,stream-phase-bridge,cycle5,4,0,0,0,1,0,0,0,1,1
pair-16-case-398,gRPC Route Guide,stream-phase-bridge,cycle5,4,0,0,0,1,0,0,0,1,1
pair-16-case-399,gRPC Route Guide,stream-phase-bridge,cycle5,4,0,0,0,1,0,0,0,1,1
pair-16-case-400,gRPC Route Guide,stream-phase-bridge,cycle5,4,0,0,0,1,0,0,0,1,1
pair-16-case-401,gRPC Route Guide,stream-phase-bridge,cycle5,4,0,0,0,1,0,0,0,1,1
pair-16-case-402,gRPC Route Guide,stream-phase-bridge,cycle5,4,0,0,0,1,1,0,0,1,1
pair-16-case-403,gRPC Route Guide,stream-phase-bridge,cycle5,4,0,0,0,1,0,0,0,1,1
pair-16-case-404,gRPC Route Guide,stream-phase-bridge,cycle5,4,0,0,0,1,0,0,0,1,1
pair-16-case-405,gRPC Route Guide,stream-phase-bridge,cycle5,4,0,0,0,1,1,0,0,1,1
pair-16-case-406,gRPC Route Guide,stream-phase-bridge,cycle5,3,0,0,0,1,0,0,0,1,1
pair-16-case-407,gRPC Route Guide,stream-phase-bridge,cycle5,4,0,0,0,1,0,0,0,1,1
pair-16-case-408,gRPC Route Guide,stream-phase-bridge,cycle5,4,0,0,0,1,0,0,0,1,1
pair-16-case-409,gRPC Route Guide,stream-phase-bridge,cycle5,4,0,0,0,1,0,0,0,1,1
pair-16-case-410,gRPC Route Guide,stream-phase-bridge,cycle5,4,0,0,0,1,0,0,0,1,1
pair-16-case-411,gRPC Route Guide,stream-phase-bridge,cycle5,4,0,0,0,1,0,0,0,1,1
pair-16-case-412,gRPC Route Guide,stream-phase-bridge,cycle5,3,0,0,0,1,0,0,0,1,1
pair-16-case-413,gRPC Route Guide,stream-phase-bridge,cycle5,4,0,0,0,1,0,0,0,1,1
pair-16-case-414,gRPC Route Guide,stream-phase-bridge,cycle5,3,0,0,0,1,0,0,0,1,1
pair-16-case-415,gRPC Route Guide,stream-phase-bridge,cycle5,4,0,9,0,1,1,0,0,1,1
pair-16-case-416,gRPC Route Guide,stream-phase-bridge,cycle5,4,0,0,0,1,0,0,0,1,1
pair-16-case-417,gRPC Route Guide,stream-phase-bridge,cycle5,4,0,0,0,1,0,0,0,1,1
pair-16-case-418,gRPC Route Guide,stream-phase-bridge,cycle5,4,0,0,0,1,0,0,0,1,1
pair-16-case-419,gRPC Route Guide,stream-phase-bridge,cycle5,3,0,9,0,1,0,0,1,1,1
pair-16-case-420,gRPC Route Guide,stream-phase-bridge,cycle5,4,0,0,0,1,1,0,0,1,1
pair-16-case-421,gRPC Route Guide,stream-phase-bridge,cycle5,3,0,0,0,1,0,0,0,1,1
pair-16-case-422,gRPC Route Guide,stream-phase-bridge,cycle5,4,0,0,0,1,0,0,0,1,1
pair-16-case-423,gRPC Route Guide,stream-phase-bridge,cycle5,3,0,45,0,1,1,0,1,1,1
pair-16-case-424,gRPC Route Guide,stream-phase-bridge,cycle5,4,0,0,0,1,0,0,0,1,1
pair-16-case-425,gRPC Route Guide,stream-phase-bridge,cycle5,4,0,0,0,1,1,0,0,1,1
pair-16-case-426,gRPC Route Guide,stream-phase-bridge,cycle5,4,0,9,0,1,0,0,0,1,1
pair-16-case-427,gRPC Route Guide,stream-phase-bridge,cycle5,4,0,0,0,1,0,0,0,1,1
pair-16-case-428,gRPC Route Guide,stream-phase-bridge,cycle5,4,0,0,0,1,1,0,0,1,1
pair-16-case-429,gRPC Route Guide,stream-phase-bridge,cycle5,4,0,0,0,1,0,0,0,1,1
pair-16-case-430,gRPC Route Guide,stream-phase-bridge,cycle5,4,0,0,0,1,1,0,0,1,1
pair-16-case-431,gRPC Route Guide,stream-phase-bridge,cycle5,4,0,0,0,1,1,0,0,1,1
pair-16-case-432,gRPC Route Guide,stream-phase-bridge,cycle5,4,0,0,0,1,1,0,0,1,1
pair-16-case-433,gRPC Route Guide,stream-phase-bridge,cycle5,3,0,0,0,1,1,0,0,1,1
pair-16-case-434,gRPC Route Guide,stream-phase-bridge,cycle5,4,0,27,0,1,0,0,1,1,1
pair-16-case-435,gRPC Route Guide,stream-phase-bridge,cycle5,4,0,0,0,1,1,0,0,1,1
pair-16-case-436,gRPC Route Guide,stream-phase-bridge,cycle5,4,0,0,0,1,0,0,0,1,1
pair-16-case-437,gRPC Route Guide,stream-phase-bridge,cycle5,4,0,0,0,1,0,0,0,1,1
pair-16-case-438,gRPC Route Guide,stream-phase-bridge,cycle5,4,0,0,0,1,0,0,0,1,1
pair-16-case-439,gRPC Route Guide,stream-phase-bridge,cycle5,4,0,0,0,1,0,0,0,1,1
pair-16-case-440,gRPC Route Guide,stream-phase-bridge,cycle5,4,0,0,0,1,0,0,0,1,1
pair-16-case-441,gRPC Route Guide,stream-phase-bridge,cycle5,3,0,0,0,1,1,0,0,1,1
pair-16-case-442,gRPC Route Guide,stream-phase-bridge,cycle5,4,0,0,0,1,0,0,0,1,1
pair-16-case-443,gRPC Route Guide,stream-phase-bridge,cycle5,4,0,0,0,1,0,0,0,1,1
pair-16-case-444,gRPC Route Guide,stream-phase-bridge,cycle5,4,0,0,0,1,0,0,0,1,1
pair-16-case-445,gRPC Route Guide,stream-phase-bridge,cycle5,4,0,0,0,1,0,0,0,1,1
pair-16-case-446,gRPC Route Guide,stream-phase-bridge,cycle5,4,0,27,0,1,1,0,1,1,1
pair-16-case-447,gRPC Route Guide,stream-phase-bridge,cycle5,4,0,0,0,1,0,0,0,1,1
pair-16-case-448,gRPC Route Guide,stream-phase-bridge,cycle5,4,0,0,0,1,1,0,0,1,1
pair-16-case-449,gRPC Route Guide,stream-phase-bridge,cycle5,4,0,0,0,1,0,0,0,1,1
pair-16-case-450,gRPC Route Guide,stream-phase-bridge,cycle5,4,0,0,0,1,1,0,0,1,1
pair-16-case-451,gRPC Route Guide,stream-phase-bridge,cycle5,4,0,0,0,1,0,0,0,1,1
pair-16-case-452,gRPC Route Guide,stream-phase-bridge,cycle5,4,0,0,0,1,1,0,0,1,1
pair-16-case-453,gRPC Route Guide,stream-phase-bridge,cycle5,4,0,0,0,1,1,0,0,1,1
pair-16-case-454,gRPC Route Guide,stream-phase-bridge,cycle5,4,0,0,0,1,1,0,0,1,1
pair-16-case-455,gRPC Route Guide,stream-phase-bridge,cycle5,4,0,0,0,1,0,0,0,1,1
pair-16-case-456,gRPC Route Guide,stream-phase-bridge,cycle5,4,0,0,0,1,1,0,0,1,1
pair-16-case-457,gRPC Route Guide,stream-phase-bridge,cycle5,4,0,0,0,1,0,0,0,1,1
pair-16-case-458,gRPC Route Guide,stream-phase-bridge,cycle5,4,0,21,0,1,0,0,1,1,1
pair-16-case-459,gRPC Route Guide,stream-phase-bridge,cycle5,4,0,0,0,1,0,0,0,1,1
pair-16-case-460,gRPC Route Guide,stream-phase-bridge,cycle5,2,0,0,0,1,1,0,0,1,1
pair-16-case-461,gRPC Route Guide,stream-phase-bridge,cycle5,4,0,45,0,1,0,0,1,1,1
pair-16-case-462,gRPC Route Guide,stream-phase-bridge,cycle5,3,0,0,0,1,0,0,0,1,1
pair-16-case-463,gRPC Route Guide,stream-phase-bridge,cycle5,3,0,0,0,1,0,0,0,1,1
pair-16-case-464,gRPC Route Guide,stream-phase-bridge,cycle5,4,0,0,0,1,0,0,0,1,1
pair-16-case-465,gRPC Route Guide,stream-phase-bridge,cycle5,4,0,15,0,1,0,0,1,1,1
pair-16-case-466,gRPC Route Guide,stream-phase-bridge,cycle5,4,0,0,0,1,1,0,0,1,1
pair-16-case-467,gRPC Route Guide,stream-phase-bridge,cycle5,4,0,0,0,1,0,0,0,1,1
pair-16-case-468,gRPC Route Guide,stream-phase-bridge,cycle5,4,0,0,0,1,0,0,0,1,1
pair-16-case-469,gRPC Route Guide,stream-phase-bridge,cycle5,4,0,0,0,1,0,0,0,1,1
pair-16-case-470,gRPC Route Guide,stream-phase-bridge,cycle5,4,0,27,0,1,1,0,0,1,1
pair-16-case-471,gRPC Route Guide,stream-phase-bridge,cycle5,4,0,0,0,1,0,0,0,1,1
pair-16-case-472,gRPC Route Guide,stream-phase-bridge,cycle5,4,0,0,0,1,1,0,0,1,1
pair-16-case-473,gRPC Route Guide,stream-phase-bridge,cycle5,4,0,0,0,1,0,0,0,1,1
pair-16-case-474,gRPC Route Guide,stream-phase-bridge,cycle5,4,0,0,0,1,1,0,0,1,1
pair-16-case-475,gRPC Route Guide,stream-phase-bridge,cycle5,4,0,0,0,1,0,0,0,1,1
pair-16-case-476,gRPC Route Guide,stream-phase-bridge,cycle5,4,0,3,0,1,0,0,1,1,1
pair-16-case-477,gRPC Route Guide,stream-phase-bridge,cycle5,4,0,0,0,1,0,0,0,1,1
pair-16-case-478,gRPC Route Guide,stream-phase-bridge,cycle5,4,0,0,0,1,0,0,0,1,1
pair-16-case-479,gRPC Route Guide,stream-phase-bridge,cycle5,4,0,0,0,1,1,0,0,1,1
pair-16-case-480,gRPC Route Guide,stream-phase-bridge,cycle5,4,0,0,0,1,0,0,0,1,1
pair-16-case-481,gRPC Route Guide,stream-phase-bridge,cycle5,4,0,6,0,1,1,0,1,1,1
pair-16-case-482,gRPC Route Guide,stream-phase-bridge,cycle5,4,0,9,0,1,0,0,0,1,1
pair-16-case-483,gRPC Route Guide,stream-phase-bridge,cycle5,4,0,0,0,1,0,0,0,1,1
pair-16-case-484,gRPC Route Guide,stream-phase-bridge,cycle5,4,0,0,0,1,1,0,0,1,1
pair-16-case-485,gRPC Route Guide,stream-phase-bridge,cycle5,4,0,0,0,1,0,0,0,1,1
pair-16-case-486,gRPC Route Guide,stream-phase-bridge,cycle5,4,0,0,0,1,0,0,0,1,1
pair-16-case-487,gRPC Route Guide,stream-phase-bridge,cycle5,4,0,0,0,1,1,0,0,1,1
pair-16-case-488,gRPC Route Guide,stream-phase-bridge,cycle5,4,0,0,0,1,0,0,0,1,1
pair-16-case-489,gRPC Route Guide,stream-phase-bridge,cycle5,3,0,0,0,1,0,0,0,1,1
pair-16-case-490,gRPC Route Guide,stream-phase-bridge,cycle5,4,0,63,0,1,0,0,0,1,1
pair-16-case-491,gRPC Route Guide,stream-phase-bridge,cycle5,4,0,0,0,1,0,0,0,1,1
pair-16-case-492,gRPC Route Guide,stream-phase-bridge,cycle5,4,0,0,0,1,1,0,0,1,1
pair-16-case-493,gRPC Route Guide,stream-phase-bridge,cycle5,4,0,0,0,1,0,0,0,1,1
pair-16-case-494,gRPC Route Guide,stream-phase-bridge,cycle5,4,0,0,0,1,0,0,0,1,1
pair-16-case-495,gRPC Route Guide,stream-phase-bridge,cycle5,4,0,0,0,1,0,0,0,1,1
pair-16-case-496,gRPC Route Guide,stream-phase-bridge,cycle5,4,0,0,0,1,1,0,0,1,1
pair-16-case-497,gRPC Route Guide,stream-phase-bridge,cycle5,4,0,0,0,1,0,0,0,1,1
pair-16-case-498,gRPC Route Guide,stream-phase-bridge,cycle5,4,0,0,0,1,0,0,0,1,1
pair-16-case-499,gRPC Route Guide,stream-phase-bridge,cycle5,4,0,0,0,1,1,0,0,1,1
pair-17-case-000,gRPC Route Guide,stream-phase-drop,chain3,1,0,9,0,1,1,0,1,1,1
pair-17-case-001,gRPC Route Guide,stream-phase-drop,chain3,0,1,27,6,0,1,1,1,1,1
pair-17-case-002,gRPC Route Guide,stream-phase-drop,chain3,1,0,0,0,1,0,0,0,1,1
pair-17-case-003,gRPC Route Guide,stream-phase-drop,chain3,1,0,9,0,1,0,0,1,1,1
pair-17-case-004,gRPC Route Guide,stream-phase-drop,chain3,1,0,0,0,1,1,1,0,1,1
pair-17-case-005,gRPC Route Guide,stream-phase-drop,chain3,1,0,0,0,1,1,1,0,1,1
pair-17-case-006,gRPC Route Guide,stream-phase-drop,chain3,1,0,0,0,1,0,0,0,1,1
pair-17-case-007,gRPC Route Guide,stream-phase-drop,chain3,1,0,9,0,1,0,0,1,1,1
pair-17-case-008,gRPC Route Guide,stream-phase-drop,chain3,1,0,9,0,1,1,1,0,1,1
pair-17-case-009,gRPC Route Guide,stream-phase-drop,chain3,1,0,0,0,1,1,1,0,1,1
pair-17-case-010,gRPC Route Guide,stream-phase-drop,chain3,1,0,0,0,1,1,1,0,1,1
pair-17-case-011,gRPC Route Guide,stream-phase-drop,chain3,1,0,9,0,1,1,0,1,1,1
pair-17-case-012,gRPC Route Guide,stream-phase-drop,chain3,1,0,0,0,1,0,0,0,1,1
pair-17-case-013,gRPC Route Guide,stream-phase-drop,chain3,1,0,9,0,1,0,0,1,1,1
pair-17-case-014,gRPC Route Guide,stream-phase-drop,chain3,1,0,9,0,1,1,1,0,1,1
pair-17-case-015,gRPC Route Guide,stream-phase-drop,chain3,1,0,0,0,1,1,1,0,1,1
pair-17-case-016,gRPC Route Guide,stream-phase-drop,chain3,1,0,0,0,1,1,1,0,1,1
pair-17-case-017,gRPC Route Guide,stream-phase-drop,chain3,1,0,9,0,1,1,0,1,1,1
pair-17-case-018,gRPC Route Guide,stream-phase-drop,chain3,1,1,21,6,0,1,0,1,1,1
pair-17-case-019,gRPC Route Guide,stream-phase-drop,chain3,1,1,21,6,0,1,0,1,1,1
pair-17-case-020,gRPC Route Guide,stream-phase-drop,chain3,1,1,21,6,0,1,0,1,1,1
pair-17-case-021,gRPC Route Guide,stream-phase-drop,chain3,1,1,21,6,0,1,0,1,1,1
pair-17-case-022,gRPC Route Guide,stream-phase-drop,chain3,3,1,11,6,0,1,0,1,1,1
pair-17-case-023,gRPC Route Guide,stream-phase-drop,chain3,2,1,15,6,0,1,0,1,1,1
pair-17-case-024,gRPC Route Guide,stream-phase-drop,chain3,2,1,17,6,0,1,0,1,1,1
pair-17-case-025,gRPC Route Guide,stream-phase-drop,chain3,2,1,15,6,0,1,0,1,1,1
pair-17-case-026,gRPC Route Guide,stream-phase-drop,chain3,3,1,11,6,0,1,0,1,1,1
pair-17-case-027,gRPC Route Guide,stream-phase-drop,chain3,4,1,7,6,0,1,0,1,1,1
pair-17-case-028,gRPC Route Guide,stream-phase-drop,chain3,2,1,15,6,0,1,0,1,1,1
pair-17-case-029,gRPC Route Guide,stream-phase-drop,chain3,3,1,11,6,0,1,0,1,1,1
pair-17-case-030,gRPC Route Guide,stream-phase-drop,chain3,2,1,17,6,0,1,0,1,1,1
pair-17-case-031,gRPC Route Guide,stream-phase-drop,chain3,3,1,11,6,0,1,0,1,1,1
pair-17-case-032,gRPC Route Guide,stream-phase-drop,chain3,2,1,15,6,0,1,0,1,1,1
pair-17-case-033,gRPC Route Guide,stream-phase-drop,chain3,4,0,0,0,1,0,0,0,1,1
pair-17-case-034,gRPC Route Guide,stream-phase-drop,chain3,4,0,0,0,1,0,0,0,1,1
pair-17-case-035,gRPC Route Guide,stream-phase-drop,chain3,2,0,3,0,1,1,0,0,1,1
pair-17-case-036,gRPC Route Guide,stream-phase-drop,chain3,4,0,0,0,1,0,0,0,1,1
pair-17-case-037,gRPC Route Guide,stream-phase-drop,chain3,4,0,0,0,1,0,0,0,1,1
pair-17-case-038,gRPC Route Guide,stream-phase-drop,chain3,3,0,0,0,1,0,0,0,1,1
pair-17-case-039,gRPC Route Guide,stream-phase-drop,chain3,4,0,0,0,1,0,0,0,1,1
pair-17-case-040,gRPC Route Guide,stream-phase-drop,chain3,3,0,0,0,1,0,0,0,1,1
pair-17-case-041,gRPC Route Guide,stream-phase-drop,chain3,3,0,0,0,1,0,0,0,1,1
pair-17-case-042,gRPC Route Guide,stream-phase-drop,chain3,4,0,0,0,1,0,0,0,1,1
pair-17-case-043,gRPC Route Guide,stream-phase-drop,chain3,4,0,0,0,1,1,0,0,1,1
pair-17-case-044,gRPC Route Guide,stream-phase-drop,chain3,4,0,0,0,1,0,0,0,1,1
pair-17-case-045,gRPC Route Guide,stream-phase-drop,chain3,4,0,0,0,1,0,0,0,1,1
pair-17-case-046,gRPC Route Guide,stream-phase-drop,chain3,4,0,0,0,1,0,0,0,1,1
pair-17-case-047,gRPC Route Guide,stream-phase-drop,chain3,4,0,1,0,1,0,0,0,1,1
pair-17-case-048,gRPC Route Guide,stream-phase-drop,chain3,4,0,0,0,1,0,0,0,1,1
pair-17-case-049,gRPC Route Guide,stream-phase-drop,chain3,4,0,9,0,1,0,0,0,1,1
pair-17-case-050,gRPC Route Guide,stream-phase-drop,chain3,4,0,0,0,1,1,0,0,1,1
pair-17-case-051,gRPC Route Guide,stream-phase-drop,chain3,3,0,0,0,1,0,0,0,1,1
pair-17-case-052,gRPC Route Guide,stream-phase-drop,chain3,4,0,0,0,1,0,0,0,1,1
pair-17-case-053,gRPC Route Guide,stream-phase-drop,chain3,4,0,0,0,1,0,0,0,1,1
pair-17-case-054,gRPC Route Guide,stream-phase-drop,chain3,4,0,0,0,1,1,0,0,1,1
pair-17-case-055,gRPC Route Guide,stream-phase-drop,chain3,3,0,0,0,1,1,0,0,1,1
pair-17-case-056,gRPC Route Guide,stream-phase-drop,chain3,4,0,0,0,1,0,0,0,1,1
pair-17-case-057,gRPC Route Guide,stream-phase-drop,chain3,4,0,0,0,1,1,0,0,1,1
pair-17-case-058,gRPC Route Guide,stream-phase-drop,chain3,4,0,0,0,1,1,0,0,1,1
pair-17-case-059,gRPC Route Guide,stream-phase-drop,chain3,4,0,0,0,1,0,0,0,1,1
pair-17-case-060,gRPC Route Guide,stream-phase-drop,chain3,4,0,0,0,1,0,0,0,1,1
pair-17-case-061,gRPC Route Guide,stream-phase-drop,chain3,4,0,0,0,1,0,0,0,1,1
pair-17-case-062,gRPC Route Guide,stream-phase-drop,chain3,4,0,0,0,1,0,0,0,1,1
pair-17-case-063,gRPC Route Guide,stream-phase-drop,chain3,4,0,0,0,1,1,0,0,1,1
pair-17-case-064,gRPC Route Guide,stream-phase-drop,chain3,4,0,0,0,1,0,0,0,1,1
pair-17-case-065,gRPC Route Guide,stream-phase-drop,chain3,4,0,0,0,1,0,0,0,1,1
pair-17-case-066,gRPC Route Guide,stream-phase-drop,chain3,3,0,0,0,1,0,0,0,1,1
pair-17-case-067,gRPC Route Guide,stream-phase-drop,chain3,4,0,0,0,1,0,0,0,1,1
pair-17-case-068,gRPC Route Guide,stream-phase-drop,chain3,4,0,0,0,1,0,0,0,1,1
pair-17-case-069,gRPC Route Guide,stream-phase-drop,chain3,3,0,0,0,1,1,0,0,1,1
pair-17-case-070,gRPC Route Guide,stream-phase-drop,chain3,3,0,0,0,1,1,0,0,1,1
pair-17-case-071,gRPC Route Guide,stream-phase-drop,chain3,4,0,0,0,1,0,0,0,1,1
pair-17-case-072,gRPC Route Guide,stream-phase-drop,chain3,4,0,0,0,1,1,0,0,1,1
pair-17-case-073,gRPC Route Guide,stream-phase-drop,chain3,4,0,0,0,1,0,0,0,1,1
pair-17-case-074,gRPC Route Guide,stream-phase-drop,chain3,4,0,3,0,1,1,0,0,1,1
pair-17-case-075,gRPC Route Guide,stream-phase-drop,chain3,3,0,0,0,1,1,0,0,1,1
pair-17-case-076,gRPC Route Guide,stream-phase-drop,chain3,4,0,0,0,1,0,0,0,1,1
pair-17-case-077,gRPC Route Guide,stream-phase-drop,chain3,4,0,0,0,1,0,0,0,1,1
pair-17-case-078,gRPC Route Guide,stream-phase-drop,chain3,4,0,0,0,1,1,0,0,1,1
pair-17-case-079,gRPC Route Guide,stream-phase-drop,chain3,4,0,0,0,1,0,0,0,1,1
pair-17-case-080,gRPC Route Guide,stream-phase-drop,chain3,3,0,2,0,1,0,0,0,1,1
pair-17-case-081,gRPC Route Guide,stream-phase-drop,chain3,4,0,0,0,1,0,0,0,1,1
pair-17-case-082,gRPC Route Guide,stream-phase-drop,chain3,4,0,0,0,1,0,0,0,1,1
pair-17-case-083,gRPC Route Guide,stream-phase-drop,chain3,4,0,0,0,1,0,0,0,1,1
pair-17-case-084,gRPC Route Guide,stream-phase-drop,chain3,4,0,0,0,1,0,0,0,1,1
pair-17-case-085,gRPC Route Guide,stream-phase-drop,chain3,4,0,0,0,1,0,0,0,1,1
pair-17-case-086,gRPC Route Guide,stream-phase-drop,chain3,4,0,0,0,1,0,0,0,1,1
pair-17-case-087,gRPC Route Guide,stream-phase-drop,chain3,4,0,0,0,1,1,0,0,1,1
pair-17-case-088,gRPC Route Guide,stream-phase-drop,chain3,4,0,0,0,1,0,0,0,1,1
pair-17-case-089,gRPC Route Guide,stream-phase-drop,chain3,4,0,0,0,1,0,0,0,1,1
pair-17-case-090,gRPC Route Guide,stream-phase-drop,chain3,4,0,0,0,1,0,0,0,1,1
pair-17-case-091,gRPC Route Guide,stream-phase-drop,chain3,4,0,0,0,1,0,0,0,1,1
pair-17-case-092,gRPC Route Guide,stream-phase-drop,chain3,4,0,0,0,1,0,0,0,1,1
pair-17-case-093,gRPC Route Guide,stream-phase-drop,chain3,4,0,0,0,1,0,0,0,1,1
pair-17-case-094,gRPC Route Guide,stream-phase-drop,chain3,3,0,0,0,1,0,0,0,1,1
pair-17-case-095,gRPC Route Guide,stream-phase-drop,chain3,4,0,0,0,1,0,0,0,1,1
pair-17-case-096,gRPC Route Guide,stream-phase-drop,chain3,4,0,0,0,1,0,0,0,1,1
pair-17-case-097,gRPC Route Guide,stream-phase-drop,chain3,4,0,0,0,1,0,0,0,1,1
pair-17-case-098,gRPC Route Guide,stream-phase-drop,chain3,4,0,0,0,1,0,0,0,1,1
pair-17-case-099,gRPC Route Guide,stream-phase-drop,chain3,4,0,0,0,1,0,0,0,1,1
pair-17-case-100,gRPC Route Guide,stream-phase-drop,chain3,4,0,0,0,1,0,0,0,1,1
pair-17-case-101,gRPC Route Guide,stream-phase-drop,chain3,4,0,0,0,1,0,0,0,1,1
pair-17-case-102,gRPC Route Guide,stream-phase-drop,chain3,4,0,0,0,1,0,0,0,1,1
pair-17-case-103,gRPC Route Guide,stream-phase-drop,chain3,4,0,0,0,1,0,0,0,1,1
pair-17-case-104,gRPC Route Guide,stream-phase-drop,chain3,3,0,0,0,1,0,0,0,1,1
pair-17-case-105,gRPC Route Guide,stream-phase-drop,chain3,4,0,0,0,1,0,0,0,1,1
pair-17-case-106,gRPC Route Guide,stream-phase-drop,chain3,4,0,0,0,1,0,0,0,1,1
pair-17-case-107,gRPC Route Guide,stream-phase-drop,chain3,4,0,0,0,1,0,0,0,1,1
pair-17-case-108,gRPC Route Guide,stream-phase-drop,chain3,4,0,0,0,1,0,0,0,1,1
pair-17-case-109,gRPC Route Guide,stream-phase-drop,chain3,4,0,0,0,1,0,0,0,1,1
pair-17-case-110,gRPC Route Guide,stream-phase-drop,chain3,4,0,0,0,1,0,0,0,1,1
pair-17-case-111,gRPC Route Guide,stream-phase-drop,chain3,4,0,0,0,1,0,0,0,1,1
pair-17-case-112,gRPC Route Guide,stream-phase-drop,chain3,4,0,0,0,1,0,0,0,1,1
pair-17-case-113,gRPC Route Guide,stream-phase-drop,chain3,4,0,0,0,1,0,0,0,1,1
pair-17-case-114,gRPC Route Guide,stream-phase-drop,chain3,4,0,0,0,1,0,0,0,1,1
pair-17-case-115,gRPC Route Guide,stream-phase-drop,chain3,4,0,3,0,1,0,0,1,1,1
pair-17-case-116,gRPC Route Guide,stream-phase-drop,chain3,4,0,0,0,1,0,0,0,1,1
pair-17-case-117,gRPC Route Guide,stream-phase-drop,chain3,4,0,0,0,1,0,0,0,1,1
pair-17-case-118,gRPC Route Guide,stream-phase-drop,chain3,4,0,0,0,1,0,0,0,1,1
pair-17-case-119,gRPC Route Guide,stream-phase-drop,chain3,4,0,0,0,1,0,0,0,1,1
pair-17-case-120,gRPC Route Guide,stream-phase-drop,chain3,4,0,0,0,1,0,0,0,1,1
pair-17-case-121,gRPC Route Guide,stream-phase-drop,chain3,4,0,0,0,1,1,0,0,1,1
pair-17-case-122,gRPC Route Guide,stream-phase-drop,chain3,4,0,0,0,1,1,0,0,1,1
pair-17-case-123,gRPC Route Guide,stream-phase-drop,chain3,4,0,0,0,1,0,0,0,1,1
pair-17-case-124,gRPC Route Guide,stream-phase-drop,chain3,4,0,2,0,1,0,0,1,1,1
pair-17-case-125,gRPC Route Guide,stream-phase-drop,chain3,4,0,3,0,1,0,0,1,1,1
pair-17-case-126,gRPC Route Guide,stream-phase-drop,chain3,3,0,0,0,1,1,0,0,1,1
pair-17-case-127,gRPC Route Guide,stream-phase-drop,chain3,3,0,0,0,1,0,0,0,1,1
pair-17-case-128,gRPC Route Guide,stream-phase-drop,chain3,4,0,0,0,1,0,0,0,1,1
pair-17-case-129,gRPC Route Guide,stream-phase-drop,chain3,4,0,0,0,1,0,0,0,1,1
pair-17-case-130,gRPC Route Guide,stream-phase-drop,chain3,4,0,0,0,1,0,0,0,1,1
pair-17-case-131,gRPC Route Guide,stream-phase-drop,chain3,3,0,0,0,1,1,0,0,1,1
pair-17-case-132,gRPC Route Guide,stream-phase-drop,chain3,3,0,3,0,1,0,0,1,1,1
pair-17-case-133,gRPC Route Guide,stream-phase-drop,chain3,4,0,0,0,1,1,0,0,1,1
pair-17-case-134,gRPC Route Guide,stream-phase-drop,chain3,2,0,0,0,1,0,0,0,1,1
pair-17-case-135,gRPC Route Guide,stream-phase-drop,chain3,4,0,0,0,1,0,0,0,1,1
pair-17-case-136,gRPC Route Guide,stream-phase-drop,chain3,4,0,0,0,1,0,0,0,1,1
pair-17-case-137,gRPC Route Guide,stream-phase-drop,chain3,4,0,3,0,1,0,0,1,1,1
pair-17-case-138,gRPC Route Guide,stream-phase-drop,chain3,4,0,3,0,1,0,0,0,1,1
pair-17-case-139,gRPC Route Guide,stream-phase-drop,chain3,4,0,0,0,1,0,0,0,1,1
pair-17-case-140,gRPC Route Guide,stream-phase-drop,chain3,4,0,0,0,1,0,0,0,1,1
pair-17-case-141,gRPC Route Guide,stream-phase-drop,chain3,4,0,0,0,1,1,0,0,1,1
pair-17-case-142,gRPC Route Guide,stream-phase-drop,chain3,4,0,0,0,1,0,0,0,1,1
pair-17-case-143,gRPC Route Guide,stream-phase-drop,chain3,3,0,0,0,1,1,1,0,1,1
pair-17-case-144,gRPC Route Guide,stream-phase-drop,chain3,3,0,0,0,1,1,0,0,1,1
pair-17-case-145,gRPC Route Guide,stream-phase-drop,chain3,3,0,0,0,1,0,0,0,1,1
pair-17-case-146,gRPC Route Guide,stream-phase-drop,chain3,4,0,0,0,1,0,0,0,1,1
pair-17-case-147,gRPC Route Guide,stream-phase-drop,chain3,3,0,0,0,1,0,0,0,1,1
pair-17-case-148,gRPC Route Guide,stream-phase-drop,chain3,4,0,0,0,1,0,0,0,1,1
pair-17-case-149,gRPC Route Guide,stream-phase-drop,chain3,4,0,0,0,1,0,0,0,1,1
pair-17-case-150,gRPC Route Guide,stream-phase-drop,chain3,4,0,0,0,1,1,0,0,1,1
pair-17-case-151,gRPC Route Guide,stream-phase-drop,chain3,4,0,0,0,1,0,0,0,1,1
pair-17-case-152,gRPC Route Guide,stream-phase-drop,chain3,4,0,0,0,1,1,0,0,1,1
pair-17-case-153,gRPC Route Guide,stream-phase-drop,chain3,4,0,0,0,1,0,0,0,1,1
pair-17-case-154,gRPC Route Guide,stream-phase-drop,chain3,4,0,0,0,1,1,0,0,1,1
pair-17-case-155,gRPC Route Guide,stream-phase-drop,chain3,4,0,0,0,1,1,0,0,1,1
pair-17-case-156,gRPC Route Guide,stream-phase-drop,chain3,4,0,0,0,1,0,0,0,1,1
pair-17-case-157,gRPC Route Guide,stream-phase-drop,chain3,4,0,5,0,1,0,0,1,1,1
pair-17-case-158,gRPC Route Guide,stream-phase-drop,chain3,4,0,0,0,1,0,0,0,1,1
pair-17-case-159,gRPC Route Guide,stream-phase-drop,chain3,4,0,0,0,1,0,0,0,1,1
pair-17-case-160,gRPC Route Guide,stream-phase-drop,chain3,4,0,0,0,1,0,0,0,1,1
pair-17-case-161,gRPC Route Guide,stream-phase-drop,chain3,3,0,0,0,1,0,0,0,1,1
pair-17-case-162,gRPC Route Guide,stream-phase-drop,chain3,4,0,0,0,1,0,0,0,1,1
pair-17-case-163,gRPC Route Guide,stream-phase-drop,chain3,4,0,0,0,1,0,0,0,1,1
pair-17-case-164,gRPC Route Guide,stream-phase-drop,chain3,3,0,0,0,1,1,0,0,1,1
pair-17-case-165,gRPC Route Guide,stream-phase-drop,chain3,4,0,1,0,1,0,0,0,1,1
pair-17-case-166,gRPC Route Guide,stream-phase-drop,chain3,4,0,0,0,1,0,0,0,1,1
pair-17-case-167,gRPC Route Guide,stream-phase-drop,chain3,4,0,0,0,1,1,0,0,1,1
pair-17-case-168,gRPC Route Guide,stream-phase-drop,chain3,4,0,0,0,1,1,0,0,1,1
pair-17-case-169,gRPC Route Guide,stream-phase-drop,chain3,3,0,1,0,1,0,0,1,1,1
pair-17-case-170,gRPC Route Guide,stream-phase-drop,chain3,4,0,0,0,1,0,0,0,1,1
pair-17-case-171,gRPC Route Guide,stream-phase-drop,chain3,4,0,0,0,1,0,0,0,1,1
pair-17-case-172,gRPC Route Guide,stream-phase-drop,chain3,4,0,0,0,1,0,0,0,1,1
pair-17-case-173,gRPC Route Guide,stream-phase-drop,chain3,4,0,0,0,1,1,0,0,1,1
pair-17-case-174,gRPC Route Guide,stream-phase-drop,chain3,4,0,0,0,1,1,0,0,1,1
pair-17-case-175,gRPC Route Guide,stream-phase-drop,chain3,4,0,0,0,1,0,0,0,1,1
pair-17-case-176,gRPC Route Guide,stream-phase-drop,chain3,4,0,0,0,1,1,0,0,1,1
pair-17-case-177,gRPC Route Guide,stream-phase-drop,chain3,4,0,0,0,1,1,0,0,1,1
pair-17-case-178,gRPC Route Guide,stream-phase-drop,chain3,4,0,0,0,1,0,0,0,1,1
pair-17-case-179,gRPC Route Guide,stream-phase-drop,chain3,4,0,0,0,1,1,0,0,1,1
pair-17-case-180,gRPC Route Guide,stream-phase-drop,chain3,4,0,0,0,1,0,0,0,1,1
pair-17-case-181,gRPC Route Guide,stream-phase-drop,chain3,4,0,0,0,1,0,0,0,1,1
pair-17-case-182,gRPC Route Guide,stream-phase-drop,chain3,4,0,0,0,1,0,0,0,1,1
pair-17-case-183,gRPC Route Guide,stream-phase-drop,chain3,4,0,0,0,1,0,0,0,1,1
pair-17-case-184,gRPC Route Guide,stream-phase-drop,chain3,4,0,0,0,1,0,0,0,1,1
pair-17-case-185,gRPC Route Guide,stream-phase-drop,chain3,4,0,0,0,1,0,0,0,1,1
pair-17-case-186,gRPC Route Guide,stream-phase-drop,chain3,4,0,0,0,1,1,0,0,1,1
pair-17-case-187,gRPC Route Guide,stream-phase-drop,chain3,3,0,0,0,1,0,0,0,1,1
pair-17-case-188,gRPC Route Guide,stream-phase-drop,chain3,4,0,0,0,1,0,0,0,1,1
pair-17-case-189,gRPC Route Guide,stream-phase-drop,chain3,3,0,0,0,1,1,0,0,1,1
pair-17-case-190,gRPC Route Guide,stream-phase-drop,chain3,3,0,0,0,1,0,0,0,1,1
pair-17-case-191,gRPC Route Guide,stream-phase-drop,chain3,4,0,0,0,1,0,0,0,1,1
pair-17-case-192,gRPC Route Guide,stream-phase-drop,chain3,4,0,3,0,1,0,0,0,1,1
pair-17-case-193,gRPC Route Guide,stream-phase-drop,chain3,4,0,0,0,1,0,0,0,1,1
pair-17-case-194,gRPC Route Guide,stream-phase-drop,chain3,2,0,9,0,1,1,0,0,1,1
pair-17-case-195,gRPC Route Guide,stream-phase-drop,chain3,4,0,0,0,1,0,0,0,1,1
pair-17-case-196,gRPC Route Guide,stream-phase-drop,chain3,3,0,3,0,1,0,0,1,1,1
pair-17-case-197,gRPC Route Guide,stream-phase-drop,chain3,2,0,0,0,1,0,0,0,1,1
pair-17-case-198,gRPC Route Guide,stream-phase-drop,chain3,4,0,0,0,1,1,0,0,1,1
pair-17-case-199,gRPC Route Guide,stream-phase-drop,chain3,4,0,0,0,1,0,0,0,1,1
pair-17-case-200,gRPC Route Guide,stream-phase-drop,chain3,4,0,0,0,1,0,0,0,1,1
pair-17-case-201,gRPC Route Guide,stream-phase-drop,chain3,4,0,0,0,1,1,0,0,1,1
pair-17-case-202,gRPC Route Guide,stream-phase-drop,chain3,4,0,0,0,1,0,0,0,1,1
pair-17-case-203,gRPC Route Guide,stream-phase-drop,chain3,3,0,0,0,1,1,0,0,1,1
pair-17-case-204,gRPC Route Guide,stream-phase-drop,chain3,4,0,0,0,1,0,0,0,1,1
pair-17-case-205,gRPC Route Guide,stream-phase-drop,chain3,4,0,0,0,1,0,0,0,1,1
pair-17-case-206,gRPC Route Guide,stream-phase-drop,chain3,4,0,0,0,1,1,0,0,1,1
pair-17-case-207,gRPC Route Guide,stream-phase-drop,chain3,3,0,7,0,1,0,0,0,1,1
pair-17-case-208,gRPC Route Guide,stream-phase-drop,chain3,4,0,0,0,1,0,0,0,1,1
pair-17-case-209,gRPC Route Guide,stream-phase-drop,chain3,4,0,0,0,1,0,0,0,1,1
pair-17-case-210,gRPC Route Guide,stream-phase-drop,chain3,4,0,0,0,1,0,0,0,1,1
pair-17-case-211,gRPC Route Guide,stream-phase-drop,chain3,4,0,0,0,1,0,0,0,1,1
pair-17-case-212,gRPC Route Guide,stream-phase-drop,chain3,4,0,0,0,1,0,0,0,1,1
pair-17-case-213,gRPC Route Guide,stream-phase-drop,chain3,3,0,0,0,1,0,0,0,1,1
pair-17-case-214,gRPC Route Guide,stream-phase-drop,chain3,4,0,0,0,1,0,0,0,1,1
pair-17-case-215,gRPC Route Guide,stream-phase-drop,chain3,4,0,0,0,1,0,0,0,1,1
pair-17-case-216,gRPC Route Guide,stream-phase-drop,chain3,4,0,0,0,1,0,0,0,1,1
pair-17-case-217,gRPC Route Guide,stream-phase-drop,chain3,4,0,0,0,1,0,0,0,1,1
pair-17-case-218,gRPC Route Guide,stream-phase-drop,chain3,2,0,0,0,1,1,1,0,1,1
pair-17-case-219,gRPC Route Guide,stream-phase-drop,chain3,4,0,0,0,1,0,0,0,1,1
pair-17-case-220,gRPC Route Guide,stream-phase-drop,chain3,4,0,0,0,1,0,0,0,1,1
pair-17-case-221,gRPC Route Guide,stream-phase-drop,chain3,3,0,0,0,1,0,0,0,1,1
pair-17-case-222,gRPC Route Guide,stream-phase-drop,chain3,4,0,0,0,1,0,0,0,1,1
pair-17-case-223,gRPC Route Guide,stream-phase-drop,chain3,4,0,0,0,1,1,0,0,1,1
pair-17-case-224,gRPC Route Guide,stream-phase-drop,chain3,4,0,0,0,1,0,0,0,1,1
pair-17-case-225,gRPC Route Guide,stream-phase-drop,chain3,4,0,0,0,1,0,0,0,1,1
pair-17-case-226,gRPC Route Guide,stream-phase-drop,chain3,4,0,0,0,1,0,0,0,1,1
pair-17-case-227,gRPC Route Guide,stream-phase-drop,chain3,3,0,0,0,1,0,0,0,1,1
pair-17-case-228,gRPC Route Guide,stream-phase-drop,chain3,3,0,0,0,1,0,0,0,1,1
pair-17-case-229,gRPC Route Guide,stream-phase-drop,chain3,4,0,0,0,1,0,0,0,1,1
pair-17-case-230,gRPC Route Guide,stream-phase-drop,chain3,3,0,0,0,1,0,0,0,1,1
pair-17-case-231,gRPC Route Guide,stream-phase-drop,chain3,4,0,0,0,1,1,0,0,1,1
pair-17-case-232,gRPC Route Guide,stream-phase-drop,chain3,4,0,0,0,1,0,0,0,1,1
pair-17-case-233,gRPC Route Guide,stream-phase-drop,chain3,4,0,0,0,1,0,0,0,1,1
pair-17-case-234,gRPC Route Guide,stream-phase-drop,chain3,4,0,0,0,1,0,0,0,1,1
pair-17-case-235,gRPC Route Guide,stream-phase-drop,chain3,4,0,0,0,1,0,0,0,1,1
pair-17-case-236,gRPC Route Guide,stream-phase-drop,chain3,4,0,0,0,1,0,0,0,1,1
pair-17-case-237,gRPC Route Guide,stream-phase-drop,chain3,4,0,0,0,1,0,0,0,1,1
pair-17-case-238,gRPC Route Guide,stream-phase-drop,chain3,4,0,0,0,1,1,1,0,1,1
pair-17-case-239,gRPC Route Guide,stream-phase-drop,chain3,2,0,6,0,1,0,0,1,1,1
pair-17-case-240,gRPC Route Guide,stream-phase-drop,chain3,4,0,0,0,1,0,0,0,1,1
pair-17-case-241,gRPC Route Guide,stream-phase-drop,chain3,4,0,0,0,1,0,0,0,1,1
pair-17-case-242,gRPC Route Guide,stream-phase-drop,chain3,4,0,0,0,1,0,0,0,1,1
pair-17-case-243,gRPC Route Guide,stream-phase-drop,chain3,4,0,0,0,1,0,0,0,1,1
pair-17-case-244,gRPC Route Guide,stream-phase-drop,chain3,4,0,0,0,1,0,0,0,1,1
pair-17-case-245,gRPC Route Guide,stream-phase-drop,chain3,3,0,0,0,1,1,0,0,1,1
pair-17-case-246,gRPC Route Guide,stream-phase-drop,chain3,4,0,3,0,1,1,0,0,1,1
pair-17-case-247,gRPC Route Guide,stream-phase-drop,chain3,4,0,0,0,1,0,0,0,1,1
pair-17-case-248,gRPC Route Guide,stream-phase-drop,chain3,4,0,0,0,1,0,0,0,1,1
pair-17-case-249,gRPC Route Guide,stream-phase-drop,chain3,4,0,1,0,1,1,0,1,1,1
pair-17-case-250,gRPC Route Guide,stream-phase-drop,chain3,4,0,0,0,1,0,0,0,1,1
pair-17-case-251,gRPC Route Guide,stream-phase-drop,chain3,4,0,0,0,1,0,0,0,1,1
pair-17-case-252,gRPC Route Guide,stream-phase-drop,chain3,4,0,0,0,1,0,0,0,1,1
pair-17-case-253,gRPC Route Guide,stream-phase-drop,chain3,4,0,0,0,1,0,0,0,1,1
pair-17-case-254,gRPC Route Guide,stream-phase-drop,chain3,3,0,0,0,1,1,0,0,1,1
pair-17-case-255,gRPC Route Guide,stream-phase-drop,chain3,4,0,0,0,1,1,0,0,1,1
pair-17-case-256,gRPC Route Guide,stream-phase-drop,chain3,3,0,0,0,1,1,1,0,1,1
pair-17-case-257,gRPC Route Guide,stream-phase-drop,chain3,3,0,0,0,1,1,0,0,1,1
pair-17-case-258,gRPC Route Guide,stream-phase-drop,chain3,4,0,0,0,1,0,0,0,1,1
pair-17-case-259,gRPC Route Guide,stream-phase-drop,chain3,4,0,0,0,1,0,0,0,1,1
pair-17-case-260,gRPC Route Guide,stream-phase-drop,chain3,4,0,0,0,1,1,0,0,1,1
pair-17-case-261,gRPC Route Guide,stream-phase-drop,chain3,4,0,0,0,1,1,0,0,1,1
pair-17-case-262,gRPC Route Guide,stream-phase-drop,chain3,4,0,0,0,1,0,0,0,1,1
pair-17-case-263,gRPC Route Guide,stream-phase-drop,chain3,4,0,0,0,1,0,0,0,1,1
pair-17-case-264,gRPC Route Guide,stream-phase-drop,chain3,4,0,0,0,1,1,0,0,1,1
pair-17-case-265,gRPC Route Guide,stream-phase-drop,chain3,4,0,0,0,1,0,0,0,1,1
pair-17-case-266,gRPC Route Guide,stream-phase-drop,chain3,3,0,0,0,1,1,0,0,1,1
pair-17-case-267,gRPC Route Guide,stream-phase-drop,chain3,4,0,1,0,1,0,0,1,1,1
pair-17-case-268,gRPC Route Guide,stream-phase-drop,chain3,4,0,0,0,1,1,0,0,1,1
pair-17-case-269,gRPC Route Guide,stream-phase-drop,chain3,4,0,0,0,1,1,0,0,1,1
pair-17-case-270,gRPC Route Guide,stream-phase-drop,chain3,4,0,0,0,1,0,0,0,1,1
pair-17-case-271,gRPC Route Guide,stream-phase-drop,chain3,4,0,5,0,1,0,0,1,1,1
pair-17-case-272,gRPC Route Guide,stream-phase-drop,chain3,4,0,0,0,1,0,0,0,1,1
pair-17-case-273,gRPC Route Guide,stream-phase-drop,chain3,4,0,0,0,1,1,0,0,1,1
pair-17-case-274,gRPC Route Guide,stream-phase-drop,chain3,4,0,0,0,1,0,0,0,1,1
pair-17-case-275,gRPC Route Guide,stream-phase-drop,chain3,4,0,0,0,1,0,0,0,1,1
pair-17-case-276,gRPC Route Guide,stream-phase-drop,chain3,3,0,0,0,1,0,0,0,1,1
pair-17-case-277,gRPC Route Guide,stream-phase-drop,chain3,3,0,0,0,1,1,0,0,1,1
pair-17-case-278,gRPC Route Guide,stream-phase-drop,chain3,4,0,0,0,1,0,0,0,1,1
pair-17-case-279,gRPC Route Guide,stream-phase-drop,chain3,4,0,0,0,1,1,0,0,1,1
pair-17-case-280,gRPC Route Guide,stream-phase-drop,chain3,4,0,0,0,1,0,0,0,1,1
pair-17-case-281,gRPC Route Guide,stream-phase-drop,chain3,4,0,0,0,1,0,0,0,1,1
pair-17-case-282,gRPC Route Guide,stream-phase-drop,chain3,4,0,0,0,1,0,0,0,1,1
pair-17-case-283,gRPC Route Guide,stream-phase-drop,chain3,3,0,0,0,1,1,0,0,1,1
pair-17-case-284,gRPC Route Guide,stream-phase-drop,chain3,4,0,0,0,1,1,0,0,1,1
pair-17-case-285,gRPC Route Guide,stream-phase-drop,chain3,3,0,0,0,1,1,0,0,1,1
pair-17-case-286,gRPC Route Guide,stream-phase-drop,chain3,4,0,0,0,1,1,0,0,1,1
pair-17-case-287,gRPC Route Guide,stream-phase-drop,chain3,4,0,0,0,1,1,0,0,1,1
pair-17-case-288,gRPC Route Guide,stream-phase-drop,chain3,4,0,0,0,1,1,0,0,1,1
pair-17-case-289,gRPC Route Guide,stream-phase-drop,chain3,4,0,0,0,1,0,0,0,1,1
pair-17-case-290,gRPC Route Guide,stream-phase-drop,chain3,3,0,0,0,1,1,0,0,1,1
pair-17-case-291,gRPC Route Guide,stream-phase-drop,chain3,4,0,0,0,1,0,0,0,1,1
pair-17-case-292,gRPC Route Guide,stream-phase-drop,chain3,4,0,0,0,1,0,0,0,1,1
pair-17-case-293,gRPC Route Guide,stream-phase-drop,chain3,4,0,0,0,1,1,0,0,1,1
pair-17-case-294,gRPC Route Guide,stream-phase-drop,chain3,4,0,0,0,1,0,0,0,1,1
pair-17-case-295,gRPC Route Guide,stream-phase-drop,chain3,2,0,0,0,1,1,0,0,1,1
pair-17-case-296,gRPC Route Guide,stream-phase-drop,chain3,4,0,0,0,1,0,0,0,1,1
pair-17-case-297,gRPC Route Guide,stream-phase-drop,chain3,4,0,0,0,1,0,0,0,1,1
pair-17-case-298,gRPC Route Guide,stream-phase-drop,chain3,4,0,2,0,1,0,0,1,1,1
pair-17-case-299,gRPC Route Guide,stream-phase-drop,chain3,4,0,0,0,1,1,0,0,1,1
pair-17-case-300,gRPC Route Guide,stream-phase-drop,chain3,4,0,0,0,1,0,0,0,1,1
pair-17-case-301,gRPC Route Guide,stream-phase-drop,chain3,4,0,3,0,1,1,0,0,1,1
pair-17-case-302,gRPC Route Guide,stream-phase-drop,chain3,4,0,0,0,1,0,0,0,1,1
pair-17-case-303,gRPC Route Guide,stream-phase-drop,chain3,3,0,0,0,1,1,0,0,1,1
pair-17-case-304,gRPC Route Guide,stream-phase-drop,chain3,4,0,0,0,1,1,0,0,1,1
pair-17-case-305,gRPC Route Guide,stream-phase-drop,chain3,4,0,0,0,1,1,0,0,1,1
pair-17-case-306,gRPC Route Guide,stream-phase-drop,chain3,4,0,0,0,1,0,0,0,1,1
pair-17-case-307,gRPC Route Guide,stream-phase-drop,chain3,4,0,0,0,1,0,0,0,1,1
pair-17-case-308,gRPC Route Guide,stream-phase-drop,chain3,4,0,0,0,1,0,0,0,1,1
pair-17-case-309,gRPC Route Guide,stream-phase-drop,chain3,4,0,0,0,1,0,0,0,1,1
pair-17-case-310,gRPC Route Guide,stream-phase-drop,chain3,4,0,3,0,1,0,0,1,1,1
pair-17-case-311,gRPC Route Guide,stream-phase-drop,chain3,3,0,0,0,1,0,0,0,1,1
pair-17-case-312,gRPC Route Guide,stream-phase-drop,chain3,3,0,0,0,1,0,0,0,1,1
pair-17-case-313,gRPC Route Guide,stream-phase-drop,chain3,3,0,0,0,1,1,0,0,1,1
pair-17-case-314,gRPC Route Guide,stream-phase-drop,chain3,4,0,0,0,1,0,0,0,1,1
pair-17-case-315,gRPC Route Guide,stream-phase-drop,chain3,4,0,0,0,1,0,0,0,1,1
pair-17-case-316,gRPC Route Guide,stream-phase-drop,chain3,4,0,0,0,1,0,0,0,1,1
pair-17-case-317,gRPC Route Guide,stream-phase-drop,chain3,2,0,9,0,1,1,0,1,1,1
pair-17-case-318,gRPC Route Guide,stream-phase-drop,chain3,4,0,0,0,1,0,0,0,1,1
pair-17-case-319,gRPC Route Guide,stream-phase-drop,chain3,4,0,0,0,1,1,0,0,1,1
pair-17-case-320,gRPC Route Guide,stream-phase-drop,chain3,4,0,0,0,1,0,0,0,1,1
pair-17-case-321,gRPC Route Guide,stream-phase-drop,chain3,4,0,0,0,1,0,0,0,1,1
pair-17-case-322,gRPC Route Guide,stream-phase-drop,chain3,3,0,3,0,1,1,0,0,1,1
pair-17-case-323,gRPC Route Guide,stream-phase-drop,chain3,3,0,0,0,1,1,0,0,1,1
pair-17-case-324,gRPC Route Guide,stream-phase-drop,chain3,4,0,0,0,1,0,0,0,1,1
pair-17-case-325,gRPC Route Guide,stream-phase-drop,chain3,4,0,0,0,1,0,0,0,1,1
pair-17-case-326,gRPC Route Guide,stream-phase-drop,chain3,4,0,0,0,1,0,0,0,1,1
pair-17-case-327,gRPC Route Guide,stream-phase-drop,chain3,4,0,0,0,1,0,0,0,1,1
pair-17-case-328,gRPC Route Guide,stream-phase-drop,chain3,4,0,0,0,1,0,0,0,1,1
pair-17-case-329,gRPC Route Guide,stream-phase-drop,chain3,4,0,0,0,1,0,0,0,1,1
pair-17-case-330,gRPC Route Guide,stream-phase-drop,chain3,4,0,0,0,1,0,0,0,1,1
pair-17-case-331,gRPC Route Guide,stream-phase-drop,chain3,4,0,0,0,1,0,0,0,1,1
pair-17-case-332,gRPC Route Guide,stream-phase-drop,chain3,3,0,0,0,1,0,0,0,1,1
pair-17-case-333,gRPC Route Guide,stream-phase-drop,chain3,3,0,0,0,1,0,0,0,1,1
pair-17-case-334,gRPC Route Guide,stream-phase-drop,chain3,4,0,0,0,1,0,0,0,1,1
pair-17-case-335,gRPC Route Guide,stream-phase-drop,chain3,4,0,0,0,1,1,0,0,1,1
pair-17-case-336,gRPC Route Guide,stream-phase-drop,chain3,4,0,0,0,1,1,0,0,1,1
pair-17-case-337,gRPC Route Guide,stream-phase-drop,chain3,4,0,0,0,1,0,0,0,1,1
pair-17-case-338,gRPC Route Guide,stream-phase-drop,chain3,4,0,0,0,1,0,0,0,1,1
pair-17-case-339,gRPC Route Guide,stream-phase-drop,chain3,4,0,0,0,1,0,0,0,1,1
pair-17-case-340,gRPC Route Guide,stream-phase-drop,chain3,3,0,0,0,1,0,0,0,1,1
pair-17-case-341,gRPC Route Guide,stream-phase-drop,chain3,4,0,0,0,1,0,0,0,1,1
pair-17-case-342,gRPC Route Guide,stream-phase-drop,chain3,4,0,0,0,1,0,0,0,1,1
pair-17-case-343,gRPC Route Guide,stream-phase-drop,chain3,4,0,0,0,1,0,0,0,1,1
pair-17-case-344,gRPC Route Guide,stream-phase-drop,chain3,4,0,0,0,1,0,0,0,1,1
pair-17-case-345,gRPC Route Guide,stream-phase-drop,chain3,4,0,0,0,1,1,0,0,1,1
pair-17-case-346,gRPC Route Guide,stream-phase-drop,chain3,4,0,0,0,1,0,0,0,1,1
pair-17-case-347,gRPC Route Guide,stream-phase-drop,chain3,4,0,0,0,1,0,0,0,1,1
pair-17-case-348,gRPC Route Guide,stream-phase-drop,chain3,2,0,0,0,1,0,0,0,1,1
pair-17-case-349,gRPC Route Guide,stream-phase-drop,chain3,4,0,0,0,1,0,0,0,1,1
pair-17-case-350,gRPC Route Guide,stream-phase-drop,chain3,4,0,2,0,1,0,0,1,1,1
pair-17-case-351,gRPC Route Guide,stream-phase-drop,chain3,4,0,0,0,1,0,0,0,1,1
pair-17-case-352,gRPC Route Guide,stream-phase-drop,chain3,4,0,0,0,1,0,0,0,1,1
pair-17-case-353,gRPC Route Guide,stream-phase-drop,chain3,4,0,0,0,1,1,1,0,1,1
pair-17-case-354,gRPC Route Guide,stream-phase-drop,chain3,4,0,0,0,1,0,0,0,1,1
pair-17-case-355,gRPC Route Guide,stream-phase-drop,chain3,3,0,6,0,1,1,0,0,1,1
pair-17-case-356,gRPC Route Guide,stream-phase-drop,chain3,4,0,0,0,1,0,0,0,1,1
pair-17-case-357,gRPC Route Guide,stream-phase-drop,chain3,4,0,1,0,1,1,0,0,1,1
pair-17-case-358,gRPC Route Guide,stream-phase-drop,chain3,3,0,0,0,1,1,0,0,1,1
pair-17-case-359,gRPC Route Guide,stream-phase-drop,chain3,4,0,0,0,1,0,0,0,1,1
pair-17-case-360,gRPC Route Guide,stream-phase-drop,chain3,4,0,0,0,1,1,0,0,1,1
pair-17-case-361,gRPC Route Guide,stream-phase-drop,chain3,4,0,0,0,1,1,0,0,1,1
pair-17-case-362,gRPC Route Guide,stream-phase-drop,chain3,4,0,0,0,1,1,0,0,1,1
pair-17-case-363,gRPC Route Guide,stream-phase-drop,chain3,4,0,0,0,1,0,0,0,1,1
pair-17-case-364,gRPC Route Guide,stream-phase-drop,chain3,2,0,7,0,1,0,0,1,1,1
pair-17-case-365,gRPC Route Guide,stream-phase-drop,chain3,4,0,0,0,1,0,0,0,1,1
pair-17-case-366,gRPC Route Guide,stream-phase-drop,chain3,4,0,0,0,1,1,0,0,1,1
pair-17-case-367,gRPC Route Guide,stream-phase-drop,chain3,4,0,0,0,1,0,0,0,1,1
pair-17-case-368,gRPC Route Guide,stream-phase-drop,chain3,4,0,0,0,1,0,0,0,1,1
pair-17-case-369,gRPC Route Guide,stream-phase-drop,chain3,4,0,0,0,1,0,0,0,1,1
pair-17-case-370,gRPC Route Guide,stream-phase-drop,chain3,4,0,0,0,1,0,0,0,1,1
pair-17-case-371,gRPC Route Guide,stream-phase-drop,chain3,4,0,0,0,1,0,0,0,1,1
pair-17-case-372,gRPC Route Guide,stream-phase-drop,chain3,3,0,0,0,1,0,0,0,1,1
pair-17-case-373,gRPC Route Guide,stream-phase-drop,chain3,4,0,0,0,1,0,0,0,1,1
pair-17-case-374,gRPC Route Guide,stream-phase-drop,chain3,4,0,0,0,1,0,0,0,1,1
pair-17-case-375,gRPC Route Guide,stream-phase-drop,chain3,4,0,0,0,1,1,1,0,1,1
pair-17-case-376,gRPC Route Guide,stream-phase-drop,chain3,4,0,0,0,1,0,0,0,1,1
pair-17-case-377,gRPC Route Guide,stream-phase-drop,chain3,4,0,3,0,1,0,0,0,1,1
pair-17-case-378,gRPC Route Guide,stream-phase-drop,chain3,4,0,0,0,1,0,0,0,1,1
pair-17-case-379,gRPC Route Guide,stream-phase-drop,chain3,4,0,0,0,1,0,0,0,1,1
pair-17-case-380,gRPC Route Guide,stream-phase-drop,chain3,3,0,6,0,1,1,0,1,1,1
pair-17-case-381,gRPC Route Guide,stream-phase-drop,chain3,4,0,0,0,1,0,0,0,1,1
pair-17-case-382,gRPC Route Guide,stream-phase-drop,chain3,4,0,0,0,1,0,0,0,1,1
pair-17-case-383,gRPC Route Guide,stream-phase-drop,chain3,3,0,0,0,1,1,0,0,1,1
pair-17-case-384,gRPC Route Guide,stream-phase-drop,chain3,4,0,0,0,1,0,0,0,1,1
pair-17-case-385,gRPC Route Guide,stream-phase-drop,chain3,4,0,0,0,1,0,0,0,1,1
pair-17-case-386,gRPC Route Guide,stream-phase-drop,chain3,4,0,0,0,1,1,0,0,1,1
pair-17-case-387,gRPC Route Guide,stream-phase-drop,chain3,4,0,0,0,1,1,0,0,1,1
pair-17-case-388,gRPC Route Guide,stream-phase-drop,chain3,4,0,0,0,1,0,0,0,1,1
pair-17-case-389,gRPC Route Guide,stream-phase-drop,chain3,4,0,0,0,1,0,0,0,1,1
pair-17-case-390,gRPC Route Guide,stream-phase-drop,chain3,4,0,0,0,1,0,0,0,1,1
pair-17-case-391,gRPC Route Guide,stream-phase-drop,chain3,4,0,0,0,1,0,0,0,1,1
pair-17-case-392,gRPC Route Guide,stream-phase-drop,chain3,4,0,0,0,1,0,0,0,1,1
pair-17-case-393,gRPC Route Guide,stream-phase-drop,chain3,4,0,0,0,1,0,0,0,1,1
pair-17-case-394,gRPC Route Guide,stream-phase-drop,chain3,4,0,0,0,1,1,0,0,1,1
pair-17-case-395,gRPC Route Guide,stream-phase-drop,chain3,4,0,0,0,1,0,0,0,1,1
pair-17-case-396,gRPC Route Guide,stream-phase-drop,chain3,4,0,0,0,1,0,0,0,1,1
pair-17-case-397,gRPC Route Guide,stream-phase-drop,chain3,4,0,0,0,1,0,0,0,1,1
pair-17-case-398,gRPC Route Guide,stream-phase-drop,chain3,4,0,0,0,1,0,0,0,1,1
pair-17-case-399,gRPC Route Guide,stream-phase-drop,chain3,4,0,0,0,1,0,0,0,1,1
pair-17-case-400,gRPC Route Guide,stream-phase-drop,chain3,4,0,0,0,1,0,0,0,1,1
pair-17-case-401,gRPC Route Guide,stream-phase-drop,chain3,4,0,0,0,1,0,0,0,1,1
pair-17-case-402,gRPC Route Guide,stream-phase-drop,chain3,4,0,0,0,1,0,0,0,1,1
pair-17-case-403,gRPC Route Guide,stream-phase-drop,chain3,4,0,0,0,1,1,0,0,1,1
pair-17-case-404,gRPC Route Guide,stream-phase-drop,chain3,3,0,0,0,1,1,0,0,1,1
pair-17-case-405,gRPC Route Guide,stream-phase-drop,chain3,2,0,0,0,1,1,1,0,1,1
pair-17-case-406,gRPC Route Guide,stream-phase-drop,chain3,4,0,0,0,1,0,0,0,1,1
pair-17-case-407,gRPC Route Guide,stream-phase-drop,chain3,3,0,0,0,1,0,0,0,1,1
pair-17-case-408,gRPC Route Guide,stream-phase-drop,chain3,4,0,0,0,1,0,0,0,1,1
pair-17-case-409,gRPC Route Guide,stream-phase-drop,chain3,4,0,0,0,1,0,0,0,1,1
pair-17-case-410,gRPC Route Guide,stream-phase-drop,chain3,4,0,0,0,1,0,0,0,1,1
pair-17-case-411,gRPC Route Guide,stream-phase-drop,chain3,4,0,0,0,1,0,0,0,1,1
pair-17-case-412,gRPC Route Guide,stream-phase-drop,chain3,4,0,0,0,1,0,0,0,1,1
pair-17-case-413,gRPC Route Guide,stream-phase-drop,chain3,4,0,0,0,1,1,0,0,1,1
pair-17-case-414,gRPC Route Guide,stream-phase-drop,chain3,4,0,0,0,1,0,0,0,1,1
pair-17-case-415,gRPC Route Guide,stream-phase-drop,chain3,4,0,0,0,1,0,0,0,1,1
pair-17-case-416,gRPC Route Guide,stream-phase-drop,chain3,4,0,0,0,1,0,0,0,1,1
pair-17-case-417,gRPC Route Guide,stream-phase-drop,chain3,4,0,0,0,1,0,0,0,1,1
pair-17-case-418,gRPC Route Guide,stream-phase-drop,chain3,4,0,0,0,1,0,0,0,1,1
pair-17-case-419,gRPC Route Guide,stream-phase-drop,chain3,4,0,0,0,1,0,0,0,1,1
pair-17-case-420,gRPC Route Guide,stream-phase-drop,chain3,4,0,0,0,1,0,0,0,1,1
pair-17-case-421,gRPC Route Guide,stream-phase-drop,chain3,4,0,0,0,1,0,0,0,1,1
pair-17-case-422,gRPC Route Guide,stream-phase-drop,chain3,3,0,0,0,1,0,0,0,1,1
pair-17-case-423,gRPC Route Guide,stream-phase-drop,chain3,4,0,0,0,1,0,0,0,1,1
pair-17-case-424,gRPC Route Guide,stream-phase-drop,chain3,4,0,0,0,1,1,0,0,1,1
pair-17-case-425,gRPC Route Guide,stream-phase-drop,chain3,4,0,0,0,1,0,0,0,1,1
pair-17-case-426,gRPC Route Guide,stream-phase-drop,chain3,4,0,0,0,1,0,0,0,1,1
pair-17-case-427,gRPC Route Guide,stream-phase-drop,chain3,4,0,0,0,1,0,0,0,1,1
pair-17-case-428,gRPC Route Guide,stream-phase-drop,chain3,4,0,0,0,1,1,0,0,1,1
pair-17-case-429,gRPC Route Guide,stream-phase-drop,chain3,4,0,0,0,1,0,0,0,1,1
pair-17-case-430,gRPC Route Guide,stream-phase-drop,chain3,4,0,0,0,1,0,0,0,1,1
pair-17-case-431,gRPC Route Guide,stream-phase-drop,chain3,4,0,0,0,1,1,0,0,1,1
pair-17-case-432,gRPC Route Guide,stream-phase-drop,chain3,3,0,3,0,1,0,0,1,1,1
pair-17-case-433,gRPC Route Guide,stream-phase-drop,chain3,3,0,3,0,1,1,0,0,1,1
pair-17-case-434,gRPC Route Guide,stream-phase-drop,chain3,4,0,0,0,1,0,0,0,1,1
pair-17-case-435,gRPC Route Guide,stream-phase-drop,chain3,4,0,0,0,1,0,0,0,1,1
pair-17-case-436,gRPC Route Guide,stream-phase-drop,chain3,4,0,0,0,1,0,0,0,1,1
pair-17-case-437,gRPC Route Guide,stream-phase-drop,chain3,4,0,0,0,1,0,0,0,1,1
pair-17-case-438,gRPC Route Guide,stream-phase-drop,chain3,4,0,0,0,1,0,0,0,1,1
pair-17-case-439,gRPC Route Guide,stream-phase-drop,chain3,4,0,0,0,1,1,0,0,1,1
pair-17-case-440,gRPC Route Guide,stream-phase-drop,chain3,4,0,0,0,1,0,0,0,1,1
pair-17-case-441,gRPC Route Guide,stream-phase-drop,chain3,4,0,1,0,1,0,0,1,1,1
pair-17-case-442,gRPC Route Guide,stream-phase-drop,chain3,4,0,0,0,1,0,0,0,1,1
pair-17-case-443,gRPC Route Guide,stream-phase-drop,chain3,3,0,0,0,1,0,0,0,1,1
pair-17-case-444,gRPC Route Guide,stream-phase-drop,chain3,4,0,0,0,1,0,0,0,1,1
pair-17-case-445,gRPC Route Guide,stream-phase-drop,chain3,4,0,0,0,1,0,0,0,1,1
pair-17-case-446,gRPC Route Guide,stream-phase-drop,chain3,4,0,3,0,1,0,0,0,1,1
pair-17-case-447,gRPC Route Guide,stream-phase-drop,chain3,4,0,0,0,1,0,0,0,1,1
pair-17-case-448,gRPC Route Guide,stream-phase-drop,chain3,3,0,0,0,1,1,0,0,1,1
pair-17-case-449,gRPC Route Guide,stream-phase-drop,chain3,4,0,0,0,1,0,0,0,1,1
pair-17-case-450,gRPC Route Guide,stream-phase-drop,chain3,4,0,0,0,1,0,0,0,1,1
pair-17-case-451,gRPC Route Guide,stream-phase-drop,chain3,4,0,0,0,1,1,0,0,1,1
pair-17-case-452,gRPC Route Guide,stream-phase-drop,chain3,3,0,0,0,1,1,0,0,1,1
pair-17-case-453,gRPC Route Guide,stream-phase-drop,chain3,4,0,0,0,1,0,0,0,1,1
pair-17-case-454,gRPC Route Guide,stream-phase-drop,chain3,4,0,0,0,1,0,0,0,1,1
pair-17-case-455,gRPC Route Guide,stream-phase-drop,chain3,4,0,0,0,1,0,0,0,1,1
pair-17-case-456,gRPC Route Guide,stream-phase-drop,chain3,4,0,3,0,1,0,0,1,1,1
pair-17-case-457,gRPC Route Guide,stream-phase-drop,chain3,4,0,0,0,1,0,0,0,1,1
pair-17-case-458,gRPC Route Guide,stream-phase-drop,chain3,3,0,6,0,1,0,0,1,1,1
pair-17-case-459,gRPC Route Guide,stream-phase-drop,chain3,3,0,0,0,1,0,0,0,1,1
pair-17-case-460,gRPC Route Guide,stream-phase-drop,chain3,4,0,0,0,1,1,0,0,1,1
pair-17-case-461,gRPC Route Guide,stream-phase-drop,chain3,4,0,0,0,1,1,1,0,1,1
pair-17-case-462,gRPC Route Guide,stream-phase-drop,chain3,4,0,0,0,1,0,0,0,1,1
pair-17-case-463,gRPC Route Guide,stream-phase-drop,chain3,4,0,0,0,1,1,0,0,1,1
pair-17-case-464,gRPC Route Guide,stream-phase-drop,chain3,4,0,0,0,1,0,0,0,1,1
pair-17-case-465,gRPC Route Guide,stream-phase-drop,chain3,4,0,0,0,1,0,0,0,1,1
pair-17-case-466,gRPC Route Guide,stream-phase-drop,chain3,3,0,0,0,1,0,0,0,1,1
pair-17-case-467,gRPC Route Guide,stream-phase-drop,chain3,4,0,0,0,1,1,0,0,1,1
pair-17-case-468,gRPC Route Guide,stream-phase-drop,chain3,4,0,0,0,1,0,0,0,1,1
pair-17-case-469,gRPC Route Guide,stream-phase-drop,chain3,4,0,0,0,1,0,0,0,1,1
pair-17-case-470,gRPC Route Guide,stream-phase-drop,chain3,4,0,0,0,1,0,0,0,1,1
pair-17-case-471,gRPC Route Guide,stream-phase-drop,chain3,4,0,0,0,1,1,0,0,1,1
pair-17-case-472,gRPC Route Guide,stream-phase-drop,chain3,4,0,0,0,1,0,0,0,1,1
pair-17-case-473,gRPC Route Guide,stream-phase-drop,chain3,3,0,0,0,1,1,0,0,1,1
pair-17-case-474,gRPC Route Guide,stream-phase-drop,chain3,4,0,0,0,1,0,0,0,1,1
pair-17-case-475,gRPC Route Guide,stream-phase-drop,chain3,4,0,4,0,1,0,0,1,1,1
pair-17-case-476,gRPC Route Guide,stream-phase-drop,chain3,4,0,0,0,1,0,0,0,1,1
pair-17-case-477,gRPC Route Guide,stream-phase-drop,chain3,3,0,0,0,1,0,0,0,1,1
pair-17-case-478,gRPC Route Guide,stream-phase-drop,chain3,4,0,0,0,1,1,0,0,1,1
pair-17-case-479,gRPC Route Guide,stream-phase-drop,chain3,3,0,0,0,1,1,0,0,1,1
pair-17-case-480,gRPC Route Guide,stream-phase-drop,chain3,4,0,1,0,1,0,0,0,1,1
pair-17-case-481,gRPC Route Guide,stream-phase-drop,chain3,4,0,0,0,1,0,0,0,1,1
pair-17-case-482,gRPC Route Guide,stream-phase-drop,chain3,4,0,0,0,1,1,0,0,1,1
pair-17-case-483,gRPC Route Guide,stream-phase-drop,chain3,4,0,1,0,1,0,0,0,1,1
pair-17-case-484,gRPC Route Guide,stream-phase-drop,chain3,4,0,0,0,1,0,0,0,1,1
pair-17-case-485,gRPC Route Guide,stream-phase-drop,chain3,4,0,0,0,1,1,0,0,1,1
pair-17-case-486,gRPC Route Guide,stream-phase-drop,chain3,4,0,0,0,1,1,0,0,1,1
pair-17-case-487,gRPC Route Guide,stream-phase-drop,chain3,3,0,0,0,1,0,0,0,1,1
pair-17-case-488,gRPC Route Guide,stream-phase-drop,chain3,4,0,0,0,1,0,0,0,1,1
pair-17-case-489,gRPC Route Guide,stream-phase-drop,chain3,4,0,0,0,1,0,0,0,1,1
pair-17-case-490,gRPC Route Guide,stream-phase-drop,chain3,4,0,0,0,1,0,0,0,1,1
pair-17-case-491,gRPC Route Guide,stream-phase-drop,chain3,4,0,0,0,1,0,0,0,1,1
pair-17-case-492,gRPC Route Guide,stream-phase-drop,chain3,4,0,0,0,1,0,0,0,1,1
pair-17-case-493,gRPC Route Guide,stream-phase-drop,chain3,3,0,0,0,1,0,0,0,1,1
pair-17-case-494,gRPC Route Guide,stream-phase-drop,chain3,4,0,0,0,1,0,0,0,1,1
pair-17-case-495,gRPC Route Guide,stream-phase-drop,chain3,4,0,0,0,1,1,0,0,1,1
pair-17-case-496,gRPC Route Guide,stream-phase-drop,chain3,4,0,0,0,1,0,0,0,1,1
pair-17-case-497,gRPC Route Guide,stream-phase-drop,chain3,4,0,0,0,1,1,0,0,1,1
pair-17-case-498,gRPC Route Guide,stream-phase-drop,chain3,4,0,0,0,1,0,0,0,1,1
pair-17-case-499,gRPC Route Guide,stream-phase-drop,chain3,3,0,0,0,1,0,0,0,1,1
pair-18-case-000,Kubernetes Lease,duration-additive,diamond4,0,1,81,8,0,1,1,1,1,1
pair-18-case-001,Kubernetes Lease,duration-additive,diamond4,1,0,0,0,1,0,0,0,1,1
pair-18-case-002,Kubernetes Lease,duration-additive,diamond4,1,0,27,0,1,0,0,1,1,1
pair-18-case-003,Kubernetes Lease,duration-additive,diamond4,1,0,0,0,1,1,1,0,1,1
pair-18-case-004,Kubernetes Lease,duration-additive,diamond4,1,0,0,0,1,1,1,0,1,1
pair-18-case-005,Kubernetes Lease,duration-additive,diamond4,1,0,27,0,1,1,0,1,1,1
pair-18-case-006,Kubernetes Lease,duration-additive,diamond4,1,0,0,0,1,0,0,0,1,1
pair-18-case-007,Kubernetes Lease,duration-additive,diamond4,1,0,27,0,1,0,0,1,1,1
pair-18-case-008,Kubernetes Lease,duration-additive,diamond4,1,0,0,0,1,1,1,0,1,1
pair-18-case-009,Kubernetes Lease,duration-additive,diamond4,1,0,0,0,1,1,1,0,1,1
pair-18-case-010,Kubernetes Lease,duration-additive,diamond4,1,0,27,0,1,1,0,1,1,1
pair-18-case-011,Kubernetes Lease,duration-additive,diamond4,1,0,0,0,1,0,0,0,1,1
pair-18-case-012,Kubernetes Lease,duration-additive,diamond4,1,0,27,0,1,0,0,1,1,1
pair-18-case-013,Kubernetes Lease,duration-additive,diamond4,1,0,27,0,1,1,1,0,1,1
pair-18-case-014,Kubernetes Lease,duration-additive,diamond4,1,0,0,0,1,1,1,0,1,1
pair-18-case-015,Kubernetes Lease,duration-additive,diamond4,1,0,0,0,1,1,1,0,1,1
pair-18-case-016,Kubernetes Lease,duration-additive,diamond4,1,0,27,0,1,1,0,1,1,1
pair-18-case-017,Kubernetes Lease,duration-additive,diamond4,1,0,0,0,1,0,0,0,1,1
pair-18-case-018,Kubernetes Lease,duration-additive,diamond4,1,0,27,0,1,0,0,1,1,1
pair-18-case-019,Kubernetes Lease,duration-additive,diamond4,1,0,27,0,1,1,1,0,1,1
pair-18-case-020,Kubernetes Lease,duration-additive,diamond4,1,0,0,0,1,1,1,0,1,1
pair-18-case-021,Kubernetes Lease,duration-additive,diamond4,1,0,0,0,1,1,1,0,1,1
pair-18-case-022,Kubernetes Lease,duration-additive,diamond4,1,0,27,0,1,1,0,1,1,1
pair-18-case-023,Kubernetes Lease,duration-additive,diamond4,1,1,63,8,0,1,0,1,1,1
pair-18-case-024,Kubernetes Lease,duration-additive,diamond4,1,1,63,8,0,1,0,1,1,1
pair-18-case-025,Kubernetes Lease,duration-additive,diamond4,1,1,63,8,0,1,0,1,1,1
pair-18-case-026,Kubernetes Lease,duration-additive,diamond4,1,1,63,8,0,1,0,1,1,1
pair-18-case-027,Kubernetes Lease,duration-additive,diamond4,1,1,63,8,0,1,0,1,1,1
pair-18-case-028,Kubernetes Lease,duration-additive,diamond4,1,1,63,8,0,1,0,1,1,1
pair-18-case-029,Kubernetes Lease,duration-additive,diamond4,1,1,63,8,0,1,0,1,1,1
pair-18-case-030,Kubernetes Lease,duration-additive,diamond4,1,1,63,8,0,1,0,1,1,1
pair-18-case-031,Kubernetes Lease,duration-additive,diamond4,3,1,39,8,0,1,0,1,1,1
pair-18-case-032,Kubernetes Lease,duration-additive,diamond4,3,1,33,8,0,1,0,1,1,1
pair-18-case-033,Kubernetes Lease,duration-additive,diamond4,2,1,51,8,0,1,0,1,1,1
pair-18-case-034,Kubernetes Lease,duration-additive,diamond4,3,1,43,8,0,1,0,1,1,1
pair-18-case-035,Kubernetes Lease,duration-additive,diamond4,4,1,33,8,0,1,0,1,1,1
pair-18-case-036,Kubernetes Lease,duration-additive,diamond4,4,1,27,8,0,1,0,1,1,1
pair-18-case-037,Kubernetes Lease,duration-additive,diamond4,3,1,37,8,0,1,0,1,1,1
pair-18-case-038,Kubernetes Lease,duration-additive,diamond4,4,1,20,8,0,1,0,1,1,1
pair-18-case-039,Kubernetes Lease,duration-additive,diamond4,4,1,31,8,0,1,0,1,1,1
pair-18-case-040,Kubernetes Lease,duration-additive,diamond4,4,1,29,8,0,1,0,1,1,1
pair-18-case-041,Kubernetes Lease,duration-additive,diamond4,4,1,27,8,0,1,0,1,1,1
pair-18-case-042,Kubernetes Lease,duration-additive,diamond4,3,1,33,8,0,1,0,1,1,1
pair-18-case-043,Kubernetes Lease,duration-additive,diamond4,3,1,33,8,0,1,0,1,1,1
pair-18-case-044,Kubernetes Lease,duration-additive,diamond4,3,1,37,8,0,1,0,1,1,1
pair-18-case-045,Kubernetes Lease,duration-additive,diamond4,4,1,20,8,0,1,0,1,1,1
pair-18-case-046,Kubernetes Lease,duration-additive,diamond4,3,1,35,8,0,1,0,1,1,1
pair-18-case-047,Kubernetes Lease,duration-additive,diamond4,4,1,31,8,0,1,0,1,1,1
pair-18-case-048,Kubernetes Lease,duration-additive,diamond4,3,1,39,8,0,1,0,1,1,1
pair-18-case-049,Kubernetes Lease,duration-additive,diamond4,3,1,35,8,0,1,0,1,1,1
pair-18-case-050,Kubernetes Lease,duration-additive,diamond4,3,1,36,8,0,1,0,1,1,1
pair-18-case-051,Kubernetes Lease,duration-additive,diamond4,3,1,35,8,0,1,0,1,1,1
pair-18-case-052,Kubernetes Lease,duration-additive,diamond4,4,1,27,8,0,1,0,1,1,1
pair-18-case-053,Kubernetes Lease,duration-additive,diamond4,2,1,57,8,0,1,0,1,1,1
pair-18-case-054,Kubernetes Lease,duration-additive,diamond4,2,1,51,8,0,1,0,1,1,1
pair-18-case-055,Kubernetes Lease,duration-additive,diamond4,3,1,36,8,0,1,0,1,1,1
pair-18-case-056,Kubernetes Lease,duration-additive,diamond4,4,1,26,8,0,1,0,1,1,1
pair-18-case-057,Kubernetes Lease,duration-additive,diamond4,3,1,36,8,0,1,0,1,1,1
pair-18-case-058,Kubernetes Lease,duration-additive,diamond4,2,1,49,8,0,1,0,1,1,1
pair-18-case-059,Kubernetes Lease,duration-additive,diamond4,4,1,27,8,0,1,0,1,1,1
pair-18-case-060,Kubernetes Lease,duration-additive,diamond4,3,1,37,8,0,1,0,1,1,1
pair-18-case-061,Kubernetes Lease,duration-additive,diamond4,3,1,33,8,0,1,0,1,1,1
pair-18-case-062,Kubernetes Lease,duration-additive,diamond4,3,1,37,8,0,1,0,1,1,1
pair-18-case-063,Kubernetes Lease,duration-additive,diamond4,4,1,31,8,0,1,0,1,1,1
pair-18-case-064,Kubernetes Lease,duration-additive,diamond4,3,1,34,8,0,1,0,1,1,1
pair-18-case-065,Kubernetes Lease,duration-additive,diamond4,4,1,27,8,0,1,0,1,1,1
pair-18-case-066,Kubernetes Lease,duration-additive,diamond4,3,1,39,8,0,1,0,1,1,1
pair-18-case-067,Kubernetes Lease,duration-additive,diamond4,4,1,35,8,0,1,0,1,1,1
pair-18-case-068,Kubernetes Lease,duration-additive,diamond4,3,1,34,8,0,1,0,1,1,1
pair-18-case-069,Kubernetes Lease,duration-additive,diamond4,4,1,31,8,0,1,0,1,1,1
pair-18-case-070,Kubernetes Lease,duration-additive,diamond4,4,1,23,8,0,1,0,1,1,1
pair-18-case-071,Kubernetes Lease,duration-additive,diamond4,3,1,45,8,0,1,0,1,1,1
pair-18-case-072,Kubernetes Lease,duration-additive,diamond4,2,1,49,8,0,1,0,1,1,1
pair-18-case-073,Kubernetes Lease,duration-additive,diamond4,4,1,27,8,0,1,0,1,1,1
pair-18-case-074,Kubernetes Lease,duration-additive,diamond4,3,1,39,8,0,1,0,1,1,1
pair-18-case-075,Kubernetes Lease,duration-additive,diamond4,4,1,29,8,0,1,0,1,1,1
pair-18-case-076,Kubernetes Lease,duration-additive,diamond4,3,1,33,8,0,1,0,1,1,1
pair-18-case-077,Kubernetes Lease,duration-additive,diamond4,4,1,25,8,0,1,0,1,1,1
pair-18-case-078,Kubernetes Lease,duration-additive,diamond4,3,1,37,8,0,1,0,1,1,1
pair-18-case-079,Kubernetes Lease,duration-additive,diamond4,3,1,35,8,0,1,0,1,1,1
pair-18-case-080,Kubernetes Lease,duration-additive,diamond4,3,1,35,8,0,1,0,1,1,1
pair-18-case-081,Kubernetes Lease,duration-additive,diamond4,4,1,27,8,0,1,0,1,1,1
pair-18-case-082,Kubernetes Lease,duration-additive,diamond4,3,1,35,8,0,1,0,1,1,1
pair-18-case-083,Kubernetes Lease,duration-additive,diamond4,3,1,31,8,0,1,0,1,1,1
pair-18-case-084,Kubernetes Lease,duration-additive,diamond4,3,1,33,8,0,1,0,1,1,1
pair-18-case-085,Kubernetes Lease,duration-additive,diamond4,4,1,27,8,0,1,0,1,1,1
pair-18-case-086,Kubernetes Lease,duration-additive,diamond4,4,1,26,8,0,1,0,1,1,1
pair-18-case-087,Kubernetes Lease,duration-additive,diamond4,3,1,35,8,0,1,0,1,1,1
pair-18-case-088,Kubernetes Lease,duration-additive,diamond4,3,1,36,8,0,1,0,1,1,1
pair-18-case-089,Kubernetes Lease,duration-additive,diamond4,4,1,26,8,0,1,0,1,1,1
pair-18-case-090,Kubernetes Lease,duration-additive,diamond4,4,1,27,8,0,1,0,1,1,1
pair-18-case-091,Kubernetes Lease,duration-additive,diamond4,4,1,26,8,0,1,0,1,1,1
pair-18-case-092,Kubernetes Lease,duration-additive,diamond4,3,1,39,8,0,1,0,1,1,1
pair-18-case-093,Kubernetes Lease,duration-additive,diamond4,4,1,26,8,0,1,0,1,1,1
pair-18-case-094,Kubernetes Lease,duration-additive,diamond4,4,1,31,8,0,1,0,1,1,1
pair-18-case-095,Kubernetes Lease,duration-additive,diamond4,4,1,31,8,0,1,0,1,1,1
pair-18-case-096,Kubernetes Lease,duration-additive,diamond4,2,1,49,8,0,1,0,1,1,1
pair-18-case-097,Kubernetes Lease,duration-additive,diamond4,3,1,39,8,0,1,0,1,1,1
pair-18-case-098,Kubernetes Lease,duration-additive,diamond4,4,1,29,8,0,1,0,1,1,1
pair-18-case-099,Kubernetes Lease,duration-additive,diamond4,3,1,45,8,0,1,0,1,1,1
pair-18-case-100,Kubernetes Lease,duration-additive,diamond4,4,1,23,8,0,1,0,1,1,1
pair-18-case-101,Kubernetes Lease,duration-additive,diamond4,4,1,29,8,0,1,0,1,1,1
pair-18-case-102,Kubernetes Lease,duration-additive,diamond4,4,1,25,8,0,1,0,1,1,1
pair-18-case-103,Kubernetes Lease,duration-additive,diamond4,3,1,43,8,0,1,0,1,1,1
pair-18-case-104,Kubernetes Lease,duration-additive,diamond4,4,1,35,8,0,1,0,1,1,1
pair-18-case-105,Kubernetes Lease,duration-additive,diamond4,3,1,39,8,0,1,0,1,1,1
pair-18-case-106,Kubernetes Lease,duration-additive,diamond4,2,1,45,8,0,1,0,1,1,1
pair-18-case-107,Kubernetes Lease,duration-additive,diamond4,3,1,41,8,0,1,0,1,1,1
pair-18-case-108,Kubernetes Lease,duration-additive,diamond4,3,1,31,8,0,1,0,1,1,1
pair-18-case-109,Kubernetes Lease,duration-additive,diamond4,4,1,21,8,0,1,0,1,1,1
pair-18-case-110,Kubernetes Lease,duration-additive,diamond4,4,1,31,8,0,1,0,1,1,1
pair-18-case-111,Kubernetes Lease,duration-additive,diamond4,4,1,31,8,0,1,0,1,1,1
pair-18-case-112,Kubernetes Lease,duration-additive,diamond4,4,1,27,8,0,1,0,1,1,1
pair-18-case-113,Kubernetes Lease,duration-additive,diamond4,2,1,51,8,0,1,0,1,1,1
pair-18-case-114,Kubernetes Lease,duration-additive,diamond4,3,1,41,8,0,1,0,1,1,1
pair-18-case-115,Kubernetes Lease,duration-additive,diamond4,3,1,31,8,0,1,0,1,1,1
pair-18-case-116,Kubernetes Lease,duration-additive,diamond4,4,1,23,8,0,1,0,1,1,1
pair-18-case-117,Kubernetes Lease,duration-additive,diamond4,3,1,37,8,0,1,0,1,1,1
pair-18-case-118,Kubernetes Lease,duration-additive,diamond4,4,1,21,8,0,1,0,1,1,1
pair-18-case-119,Kubernetes Lease,duration-additive,diamond4,4,1,37,8,0,1,0,1,1,1
pair-18-case-120,Kubernetes Lease,duration-additive,diamond4,2,1,49,8,0,1,0,1,1,1
pair-18-case-121,Kubernetes Lease,duration-additive,diamond4,2,1,51,8,0,1,0,1,1,1
pair-18-case-122,Kubernetes Lease,duration-additive,diamond4,4,1,27,8,0,1,0,1,1,1
pair-18-case-123,Kubernetes Lease,duration-additive,diamond4,4,1,27,8,0,1,0,1,1,1
pair-18-case-124,Kubernetes Lease,duration-additive,diamond4,2,1,48,8,0,1,0,1,1,1
pair-18-case-125,Kubernetes Lease,duration-additive,diamond4,3,1,41,8,0,1,0,1,1,1
pair-18-case-126,Kubernetes Lease,duration-additive,diamond4,4,1,26,8,0,1,0,1,1,1
pair-18-case-127,Kubernetes Lease,duration-additive,diamond4,4,0,0,0,1,1,0,0,1,1
pair-18-case-128,Kubernetes Lease,duration-additive,diamond4,4,0,3,0,1,0,0,1,1,1
pair-18-case-129,Kubernetes Lease,duration-additive,diamond4,4,0,0,0,1,0,0,0,1,1
pair-18-case-130,Kubernetes Lease,duration-additive,diamond4,3,0,9,0,1,1,0,1,1,1
pair-18-case-131,Kubernetes Lease,duration-additive,diamond4,4,0,0,0,1,0,0,0,1,1
pair-18-case-132,Kubernetes Lease,duration-additive,diamond4,3,0,0,0,1,1,0,0,1,1
pair-18-case-133,Kubernetes Lease,duration-additive,diamond4,4,0,0,0,1,0,0,0,1,1
pair-18-case-134,Kubernetes Lease,duration-additive,diamond4,4,0,0,0,1,0,0,0,1,1
pair-18-case-135,Kubernetes Lease,duration-additive,diamond4,4,0,0,0,1,0,0,0,1,1
pair-18-case-136,Kubernetes Lease,duration-additive,diamond4,4,0,9,0,1,0,0,0,1,1
pair-18-case-137,Kubernetes Lease,duration-additive,diamond4,4,0,0,0,1,0,0,0,1,1
pair-18-case-138,Kubernetes Lease,duration-additive,diamond4,4,0,0,0,1,0,0,0,1,1
pair-18-case-139,Kubernetes Lease,duration-additive,diamond4,4,0,0,0,1,0,0,0,1,1
pair-18-case-140,Kubernetes Lease,duration-additive,diamond4,4,0,0,0,1,0,0,0,1,1
pair-18-case-141,Kubernetes Lease,duration-additive,diamond4,4,0,0,0,1,1,0,0,1,1
pair-18-case-142,Kubernetes Lease,duration-additive,diamond4,3,0,0,0,1,0,0,0,1,1
pair-18-case-143,Kubernetes Lease,duration-additive,diamond4,4,0,0,0,1,0,0,0,1,1
pair-18-case-144,Kubernetes Lease,duration-additive,diamond4,2,0,0,0,1,0,0,0,1,1
pair-18-case-145,Kubernetes Lease,duration-additive,diamond4,4,0,0,0,1,0,0,0,1,1
pair-18-case-146,Kubernetes Lease,duration-additive,diamond4,4,0,0,0,1,0,0,0,1,1
pair-18-case-147,Kubernetes Lease,duration-additive,diamond4,3,0,0,0,1,0,0,0,1,1
pair-18-case-148,Kubernetes Lease,duration-additive,diamond4,3,0,0,0,1,0,0,0,1,1
pair-18-case-149,Kubernetes Lease,duration-additive,diamond4,4,0,0,0,1,0,0,0,1,1
pair-18-case-150,Kubernetes Lease,duration-additive,diamond4,4,0,0,0,1,0,0,0,1,1
pair-18-case-151,Kubernetes Lease,duration-additive,diamond4,3,0,0,0,1,0,0,0,1,1
pair-18-case-152,Kubernetes Lease,duration-additive,diamond4,4,0,0,0,1,0,0,0,1,1
pair-18-case-153,Kubernetes Lease,duration-additive,diamond4,4,0,0,0,1,0,0,0,1,1
pair-18-case-154,Kubernetes Lease,duration-additive,diamond4,4,0,0,0,1,0,0,0,1,1
pair-18-case-155,Kubernetes Lease,duration-additive,diamond4,4,0,0,0,1,0,0,0,1,1
pair-18-case-156,Kubernetes Lease,duration-additive,diamond4,4,0,0,0,1,0,0,0,1,1
pair-18-case-157,Kubernetes Lease,duration-additive,diamond4,4,0,0,0,1,0,0,0,1,1
pair-18-case-158,Kubernetes Lease,duration-additive,diamond4,4,0,0,0,1,0,0,0,1,1
pair-18-case-159,Kubernetes Lease,duration-additive,diamond4,4,0,3,0,1,0,0,0,1,1
pair-18-case-160,Kubernetes Lease,duration-additive,diamond4,4,0,0,0,1,0,0,0,1,1
pair-18-case-161,Kubernetes Lease,duration-additive,diamond4,4,0,0,0,1,0,0,0,1,1
pair-18-case-162,Kubernetes Lease,duration-additive,diamond4,4,0,0,0,1,0,0,0,1,1
pair-18-case-163,Kubernetes Lease,duration-additive,diamond4,4,0,0,0,1,0,0,0,1,1
pair-18-case-164,Kubernetes Lease,duration-additive,diamond4,3,0,0,0,1,1,0,0,1,1
pair-18-case-165,Kubernetes Lease,duration-additive,diamond4,4,0,0,0,1,1,0,0,1,1
pair-18-case-166,Kubernetes Lease,duration-additive,diamond4,4,0,0,0,1,0,0,0,1,1
pair-18-case-167,Kubernetes Lease,duration-additive,diamond4,4,0,6,0,1,0,0,1,1,1
pair-18-case-168,Kubernetes Lease,duration-additive,diamond4,2,0,27,0,1,0,0,1,1,1
pair-18-case-169,Kubernetes Lease,duration-additive,diamond4,4,0,0,0,1,0,0,0,1,1
pair-18-case-170,Kubernetes Lease,duration-additive,diamond4,4,0,3,0,1,0,0,0,1,1
pair-18-case-171,Kubernetes Lease,duration-additive,diamond4,4,0,0,0,1,0,0,0,1,1
pair-18-case-172,Kubernetes Lease,duration-additive,diamond4,3,0,0,0,1,0,0,0,1,1
pair-18-case-173,Kubernetes Lease,duration-additive,diamond4,4,0,0,0,1,1,0,0,1,1
pair-18-case-174,Kubernetes Lease,duration-additive,diamond4,4,0,0,0,1,0,0,0,1,1
pair-18-case-175,Kubernetes Lease,duration-additive,diamond4,4,0,0,0,1,1,0,0,1,1
pair-18-case-176,Kubernetes Lease,duration-additive,diamond4,4,0,0,0,1,0,0,0,1,1
pair-18-case-177,Kubernetes Lease,duration-additive,diamond4,3,0,9,0,1,0,0,0,1,1
pair-18-case-178,Kubernetes Lease,duration-additive,diamond4,4,0,0,0,1,1,0,0,1,1
pair-18-case-179,Kubernetes Lease,duration-additive,diamond4,4,0,0,0,1,0,0,0,1,1
pair-18-case-180,Kubernetes Lease,duration-additive,diamond4,4,0,0,0,1,1,0,0,1,1
pair-18-case-181,Kubernetes Lease,duration-additive,diamond4,4,0,2,0,1,0,0,1,1,1
pair-18-case-182,Kubernetes Lease,duration-additive,diamond4,4,0,0,0,1,0,0,0,1,1
pair-18-case-183,Kubernetes Lease,duration-additive,diamond4,4,0,0,0,1,0,0,0,1,1
pair-18-case-184,Kubernetes Lease,duration-additive,diamond4,4,0,0,0,1,1,0,0,1,1
pair-18-case-185,Kubernetes Lease,duration-additive,diamond4,4,0,0,0,1,0,0,0,1,1
pair-18-case-186,Kubernetes Lease,duration-additive,diamond4,4,0,0,0,1,0,0,0,1,1
pair-18-case-187,Kubernetes Lease,duration-additive,diamond4,3,0,0,0,1,0,0,0,1,1
pair-18-case-188,Kubernetes Lease,duration-additive,diamond4,4,0,0,0,1,1,0,0,1,1
pair-18-case-189,Kubernetes Lease,duration-additive,diamond4,4,0,1,0,1,0,0,1,1,1
pair-18-case-190,Kubernetes Lease,duration-additive,diamond4,4,0,0,0,1,0,0,0,1,1
pair-18-case-191,Kubernetes Lease,duration-additive,diamond4,4,0,0,0,1,0,0,0,1,1
pair-18-case-192,Kubernetes Lease,duration-additive,diamond4,4,0,0,0,1,0,0,0,1,1
pair-18-case-193,Kubernetes Lease,duration-additive,diamond4,4,0,0,0,1,0,0,0,1,1
pair-18-case-194,Kubernetes Lease,duration-additive,diamond4,4,0,7,0,1,1,0,1,1,1
pair-18-case-195,Kubernetes Lease,duration-additive,diamond4,3,0,3,0,1,0,0,1,1,1
pair-18-case-196,Kubernetes Lease,duration-additive,diamond4,3,0,0,0,1,0,0,0,1,1
pair-18-case-197,Kubernetes Lease,duration-additive,diamond4,4,0,0,0,1,1,0,0,1,1
pair-18-case-198,Kubernetes Lease,duration-additive,diamond4,4,0,0,0,1,1,0,0,1,1
pair-18-case-199,Kubernetes Lease,duration-additive,diamond4,4,0,0,0,1,0,0,0,1,1
pair-18-case-200,Kubernetes Lease,duration-additive,diamond4,3,0,0,0,1,0,0,0,1,1
pair-18-case-201,Kubernetes Lease,duration-additive,diamond4,4,0,0,0,1,1,0,0,1,1
pair-18-case-202,Kubernetes Lease,duration-additive,diamond4,4,0,0,0,1,0,0,0,1,1
pair-18-case-203,Kubernetes Lease,duration-additive,diamond4,4,0,0,0,1,0,0,0,1,1
pair-18-case-204,Kubernetes Lease,duration-additive,diamond4,4,0,0,0,1,0,0,0,1,1
pair-18-case-205,Kubernetes Lease,duration-additive,diamond4,4,0,0,0,1,0,0,0,1,1
pair-18-case-206,Kubernetes Lease,duration-additive,diamond4,4,0,0,0,1,0,0,0,1,1
pair-18-case-207,Kubernetes Lease,duration-additive,diamond4,4,0,0,0,1,1,0,0,1,1
pair-18-case-208,Kubernetes Lease,duration-additive,diamond4,4,0,0,0,1,0,0,0,1,1
pair-18-case-209,Kubernetes Lease,duration-additive,diamond4,3,0,0,0,1,1,0,0,1,1
pair-18-case-210,Kubernetes Lease,duration-additive,diamond4,4,0,13,0,1,1,0,1,1,1
pair-18-case-211,Kubernetes Lease,duration-additive,diamond4,4,0,0,0,1,1,0,0,1,1
pair-18-case-212,Kubernetes Lease,duration-additive,diamond4,4,0,9,0,1,0,0,0,1,1
pair-18-case-213,Kubernetes Lease,duration-additive,diamond4,3,0,21,0,1,0,0,1,1,1
pair-18-case-214,Kubernetes Lease,duration-additive,diamond4,3,0,27,0,1,1,0,1,1,1
pair-18-case-215,Kubernetes Lease,duration-additive,diamond4,4,0,0,0,1,1,0,0,1,1
pair-18-case-216,Kubernetes Lease,duration-additive,diamond4,4,0,0,0,1,1,0,0,1,1
pair-18-case-217,Kubernetes Lease,duration-additive,diamond4,4,0,3,0,1,0,0,1,1,1
pair-18-case-218,Kubernetes Lease,duration-additive,diamond4,4,0,0,0,1,0,0,0,1,1
pair-18-case-219,Kubernetes Lease,duration-additive,diamond4,4,0,0,0,1,0,0,0,1,1
pair-18-case-220,Kubernetes Lease,duration-additive,diamond4,2,0,21,0,1,0,0,1,1,1
pair-18-case-221,Kubernetes Lease,duration-additive,diamond4,4,0,0,0,1,1,0,0,1,1
pair-18-case-222,Kubernetes Lease,duration-additive,diamond4,4,0,0,0,1,0,0,0,1,1
pair-18-case-223,Kubernetes Lease,duration-additive,diamond4,3,0,0,0,1,0,0,0,1,1
pair-18-case-224,Kubernetes Lease,duration-additive,diamond4,4,0,0,0,1,0,0,0,1,1
pair-18-case-225,Kubernetes Lease,duration-additive,diamond4,4,0,0,0,1,0,0,0,1,1
pair-18-case-226,Kubernetes Lease,duration-additive,diamond4,4,0,0,0,1,0,0,0,1,1
pair-18-case-227,Kubernetes Lease,duration-additive,diamond4,4,0,0,0,1,0,0,0,1,1
pair-18-case-228,Kubernetes Lease,duration-additive,diamond4,4,0,0,0,1,0,0,0,1,1
pair-18-case-229,Kubernetes Lease,duration-additive,diamond4,4,0,0,0,1,0,0,0,1,1
pair-18-case-230,Kubernetes Lease,duration-additive,diamond4,4,0,0,0,1,1,0,0,1,1
pair-18-case-231,Kubernetes Lease,duration-additive,diamond4,4,0,0,0,1,1,1,0,1,1
pair-18-case-232,Kubernetes Lease,duration-additive,diamond4,4,0,0,0,1,0,0,0,1,1
pair-18-case-233,Kubernetes Lease,duration-additive,diamond4,4,0,0,0,1,0,0,0,1,1
pair-18-case-234,Kubernetes Lease,duration-additive,diamond4,4,0,9,0,1,1,0,0,1,1
pair-18-case-235,Kubernetes Lease,duration-additive,diamond4,4,0,0,0,1,1,0,0,1,1
pair-18-case-236,Kubernetes Lease,duration-additive,diamond4,4,0,0,0,1,0,0,0,1,1
pair-18-case-237,Kubernetes Lease,duration-additive,diamond4,4,0,0,0,1,1,0,0,1,1
pair-18-case-238,Kubernetes Lease,duration-additive,diamond4,4,0,0,0,1,0,0,0,1,1
pair-18-case-239,Kubernetes Lease,duration-additive,diamond4,4,0,0,0,1,0,0,0,1,1
pair-18-case-240,Kubernetes Lease,duration-additive,diamond4,4,0,0,0,1,0,0,0,1,1
pair-18-case-241,Kubernetes Lease,duration-additive,diamond4,4,0,0,0,1,0,0,0,1,1
pair-18-case-242,Kubernetes Lease,duration-additive,diamond4,4,0,0,0,1,0,0,0,1,1
pair-18-case-243,Kubernetes Lease,duration-additive,diamond4,4,0,0,0,1,1,0,0,1,1
pair-18-case-244,Kubernetes Lease,duration-additive,diamond4,3,0,9,0,1,1,0,1,1,1
pair-18-case-245,Kubernetes Lease,duration-additive,diamond4,4,0,0,0,1,1,0,0,1,1
pair-18-case-246,Kubernetes Lease,duration-additive,diamond4,4,0,0,0,1,1,0,0,1,1
pair-18-case-247,Kubernetes Lease,duration-additive,diamond4,3,0,0,0,1,0,0,0,1,1
pair-18-case-248,Kubernetes Lease,duration-additive,diamond4,4,0,0,0,1,0,0,0,1,1
pair-18-case-249,Kubernetes Lease,duration-additive,diamond4,3,0,0,0,1,0,0,0,1,1
pair-18-case-250,Kubernetes Lease,duration-additive,diamond4,4,0,0,0,1,1,0,0,1,1
pair-18-case-251,Kubernetes Lease,duration-additive,diamond4,3,0,0,0,1,1,0,0,1,1
pair-18-case-252,Kubernetes Lease,duration-additive,diamond4,4,0,0,0,1,0,0,0,1,1
pair-18-case-253,Kubernetes Lease,duration-additive,diamond4,4,0,0,0,1,0,0,0,1,1
pair-18-case-254,Kubernetes Lease,duration-additive,diamond4,4,0,7,0,1,1,0,1,1,1
pair-18-case-255,Kubernetes Lease,duration-additive,diamond4,3,0,3,0,1,1,0,1,1,1
pair-18-case-256,Kubernetes Lease,duration-additive,diamond4,3,0,0,0,1,1,1,0,1,1
pair-18-case-257,Kubernetes Lease,duration-additive,diamond4,4,0,0,0,1,0,0,0,1,1
pair-18-case-258,Kubernetes Lease,duration-additive,diamond4,4,0,0,0,1,0,0,0,1,1
pair-18-case-259,Kubernetes Lease,duration-additive,diamond4,4,0,0,0,1,1,0,0,1,1
pair-18-case-260,Kubernetes Lease,duration-additive,diamond4,3,0,0,0,1,1,0,0,1,1
pair-18-case-261,Kubernetes Lease,duration-additive,diamond4,3,0,0,0,1,1,0,0,1,1
pair-18-case-262,Kubernetes Lease,duration-additive,diamond4,4,0,0,0,1,1,0,0,1,1
pair-18-case-263,Kubernetes Lease,duration-additive,diamond4,4,0,0,0,1,0,0,0,1,1
pair-18-case-264,Kubernetes Lease,duration-additive,diamond4,4,0,0,0,1,0,0,0,1,1
pair-18-case-265,Kubernetes Lease,duration-additive,diamond4,4,0,0,0,1,0,0,0,1,1
pair-18-case-266,Kubernetes Lease,duration-additive,diamond4,4,0,0,0,1,1,0,0,1,1
pair-18-case-267,Kubernetes Lease,duration-additive,diamond4,3,0,0,0,1,0,0,0,1,1
pair-18-case-268,Kubernetes Lease,duration-additive,diamond4,3,0,27,0,1,0,0,1,1,1
pair-18-case-269,Kubernetes Lease,duration-additive,diamond4,4,0,0,0,1,0,0,0,1,1
pair-18-case-270,Kubernetes Lease,duration-additive,diamond4,3,0,0,0,1,1,0,0,1,1
pair-18-case-271,Kubernetes Lease,duration-additive,diamond4,4,0,0,0,1,0,0,0,1,1
pair-18-case-272,Kubernetes Lease,duration-additive,diamond4,4,0,0,0,1,0,0,0,1,1
pair-18-case-273,Kubernetes Lease,duration-additive,diamond4,4,0,0,0,1,0,0,0,1,1
pair-18-case-274,Kubernetes Lease,duration-additive,diamond4,3,0,0,0,1,1,0,0,1,1
pair-18-case-275,Kubernetes Lease,duration-additive,diamond4,4,0,0,0,1,0,0,0,1,1
pair-18-case-276,Kubernetes Lease,duration-additive,diamond4,4,0,0,0,1,0,0,0,1,1
pair-18-case-277,Kubernetes Lease,duration-additive,diamond4,4,0,0,0,1,0,0,0,1,1
pair-18-case-278,Kubernetes Lease,duration-additive,diamond4,2,0,9,0,1,0,0,0,1,1
pair-18-case-279,Kubernetes Lease,duration-additive,diamond4,4,0,0,0,1,0,0,0,1,1
pair-18-case-280,Kubernetes Lease,duration-additive,diamond4,4,0,0,0,1,1,0,0,1,1
pair-18-case-281,Kubernetes Lease,duration-additive,diamond4,3,0,15,0,1,1,0,1,1,1
pair-18-case-282,Kubernetes Lease,duration-additive,diamond4,4,0,0,0,1,0,0,0,1,1
pair-18-case-283,Kubernetes Lease,duration-additive,diamond4,4,0,17,0,1,0,0,1,1,1
pair-18-case-284,Kubernetes Lease,duration-additive,diamond4,4,0,6,0,1,0,0,1,1,1
pair-18-case-285,Kubernetes Lease,duration-additive,diamond4,4,0,0,0,1,0,0,0,1,1
pair-18-case-286,Kubernetes Lease,duration-additive,diamond4,4,0,9,0,1,0,0,1,1,1
pair-18-case-287,Kubernetes Lease,duration-additive,diamond4,4,0,0,0,1,1,0,0,1,1
pair-18-case-288,Kubernetes Lease,duration-additive,diamond4,3,0,0,0,1,0,0,0,1,1
pair-18-case-289,Kubernetes Lease,duration-additive,diamond4,4,0,0,0,1,0,0,0,1,1
pair-18-case-290,Kubernetes Lease,duration-additive,diamond4,4,0,0,0,1,0,0,0,1,1
pair-18-case-291,Kubernetes Lease,duration-additive,diamond4,3,0,0,0,1,1,1,0,1,1
pair-18-case-292,Kubernetes Lease,duration-additive,diamond4,4,0,0,0,1,0,0,0,1,1
pair-18-case-293,Kubernetes Lease,duration-additive,diamond4,4,0,0,0,1,0,0,0,1,1
pair-18-case-294,Kubernetes Lease,duration-additive,diamond4,4,0,0,0,1,0,0,0,1,1
pair-18-case-295,Kubernetes Lease,duration-additive,diamond4,4,0,0,0,1,1,0,0,1,1
pair-18-case-296,Kubernetes Lease,duration-additive,diamond4,4,0,0,0,1,0,0,0,1,1
pair-18-case-297,Kubernetes Lease,duration-additive,diamond4,4,0,0,0,1,1,0,0,1,1
pair-18-case-298,Kubernetes Lease,duration-additive,diamond4,4,0,0,0,1,0,0,0,1,1
pair-18-case-299,Kubernetes Lease,duration-additive,diamond4,4,0,0,0,1,0,0,0,1,1
pair-18-case-300,Kubernetes Lease,duration-additive,diamond4,4,0,0,0,1,0,0,0,1,1
pair-18-case-301,Kubernetes Lease,duration-additive,diamond4,4,0,0,0,1,0,0,0,1,1
pair-18-case-302,Kubernetes Lease,duration-additive,diamond4,4,0,0,0,1,1,0,0,1,1
pair-18-case-303,Kubernetes Lease,duration-additive,diamond4,4,0,0,0,1,1,0,0,1,1
pair-18-case-304,Kubernetes Lease,duration-additive,diamond4,4,0,7,0,1,0,0,1,1,1
pair-18-case-305,Kubernetes Lease,duration-additive,diamond4,4,0,0,0,1,0,0,0,1,1
pair-18-case-306,Kubernetes Lease,duration-additive,diamond4,4,0,0,0,1,0,0,0,1,1
pair-18-case-307,Kubernetes Lease,duration-additive,diamond4,4,0,0,0,1,1,0,0,1,1
pair-18-case-308,Kubernetes Lease,duration-additive,diamond4,4,0,0,0,1,0,0,0,1,1
pair-18-case-309,Kubernetes Lease,duration-additive,diamond4,4,0,0,0,1,0,0,0,1,1
pair-18-case-310,Kubernetes Lease,duration-additive,diamond4,4,0,0,0,1,0,0,0,1,1
pair-18-case-311,Kubernetes Lease,duration-additive,diamond4,4,0,0,0,1,1,0,0,1,1
pair-18-case-312,Kubernetes Lease,duration-additive,diamond4,4,0,0,0,1,0,0,0,1,1
pair-18-case-313,Kubernetes Lease,duration-additive,diamond4,4,0,0,0,1,1,0,0,1,1
pair-18-case-314,Kubernetes Lease,duration-additive,diamond4,4,0,4,0,1,0,0,1,1,1
pair-18-case-315,Kubernetes Lease,duration-additive,diamond4,4,0,0,0,1,0,0,0,1,1
pair-18-case-316,Kubernetes Lease,duration-additive,diamond4,4,0,0,0,1,0,0,0,1,1
pair-18-case-317,Kubernetes Lease,duration-additive,diamond4,4,0,0,0,1,0,0,0,1,1
pair-18-case-318,Kubernetes Lease,duration-additive,diamond4,4,0,0,0,1,0,0,0,1,1
pair-18-case-319,Kubernetes Lease,duration-additive,diamond4,4,0,0,0,1,0,0,0,1,1
pair-18-case-320,Kubernetes Lease,duration-additive,diamond4,4,0,0,0,1,0,0,0,1,1
pair-18-case-321,Kubernetes Lease,duration-additive,diamond4,4,0,0,0,1,0,0,0,1,1
pair-18-case-322,Kubernetes Lease,duration-additive,diamond4,4,0,0,0,1,0,0,0,1,1
pair-18-case-323,Kubernetes Lease,duration-additive,diamond4,4,0,0,0,1,0,0,0,1,1
pair-18-case-324,Kubernetes Lease,duration-additive,diamond4,4,0,0,0,1,0,0,0,1,1
pair-18-case-325,Kubernetes Lease,duration-additive,diamond4,4,0,0,0,1,0,0,0,1,1
pair-18-case-326,Kubernetes Lease,duration-additive,diamond4,4,0,0,0,1,0,0,0,1,1
pair-18-case-327,Kubernetes Lease,duration-additive,diamond4,4,0,0,0,1,0,0,0,1,1
pair-18-case-328,Kubernetes Lease,duration-additive,diamond4,4,0,0,0,1,0,0,0,1,1
pair-18-case-329,Kubernetes Lease,duration-additive,diamond4,3,0,0,0,1,0,0,0,1,1
pair-18-case-330,Kubernetes Lease,duration-additive,diamond4,4,0,0,0,1,1,0,0,1,1
pair-18-case-331,Kubernetes Lease,duration-additive,diamond4,4,0,0,0,1,0,0,0,1,1
pair-18-case-332,Kubernetes Lease,duration-additive,diamond4,4,0,0,0,1,1,0,0,1,1
pair-18-case-333,Kubernetes Lease,duration-additive,diamond4,4,0,0,0,1,0,0,0,1,1
pair-18-case-334,Kubernetes Lease,duration-additive,diamond4,4,0,0,0,1,0,0,0,1,1
pair-18-case-335,Kubernetes Lease,duration-additive,diamond4,4,0,0,0,1,0,0,0,1,1
pair-18-case-336,Kubernetes Lease,duration-additive,diamond4,4,0,0,0,1,0,0,0,1,1
pair-18-case-337,Kubernetes Lease,duration-additive,diamond4,3,0,7,0,1,0,0,1,1,1
pair-18-case-338,Kubernetes Lease,duration-additive,diamond4,4,0,0,0,1,0,0,0,1,1
pair-18-case-339,Kubernetes Lease,duration-additive,diamond4,4,0,2,0,1,0,0,1,1,1
pair-18-case-340,Kubernetes Lease,duration-additive,diamond4,4,0,0,0,1,0,0,0,1,1
pair-18-case-341,Kubernetes Lease,duration-additive,diamond4,4,0,0,0,1,0,0,0,1,1
pair-18-case-342,Kubernetes Lease,duration-additive,diamond4,4,0,0,0,1,0,0,0,1,1
pair-18-case-343,Kubernetes Lease,duration-additive,diamond4,4,0,0,0,1,0,0,0,1,1
pair-18-case-344,Kubernetes Lease,duration-additive,diamond4,4,0,0,0,1,0,0,0,1,1
pair-18-case-345,Kubernetes Lease,duration-additive,diamond4,3,0,6,0,1,0,0,1,1,1
pair-18-case-346,Kubernetes Lease,duration-additive,diamond4,4,0,0,0,1,0,0,0,1,1
pair-18-case-347,Kubernetes Lease,duration-additive,diamond4,4,0,0,0,1,1,0,0,1,1
pair-18-case-348,Kubernetes Lease,duration-additive,diamond4,4,0,0,0,1,0,0,0,1,1
pair-18-case-349,Kubernetes Lease,duration-additive,diamond4,4,0,0,0,1,1,1,0,1,1
pair-18-case-350,Kubernetes Lease,duration-additive,diamond4,4,0,0,0,1,0,0,0,1,1
pair-18-case-351,Kubernetes Lease,duration-additive,diamond4,4,0,0,0,1,0,0,0,1,1
pair-18-case-352,Kubernetes Lease,duration-additive,diamond4,4,0,0,0,1,0,0,0,1,1
pair-18-case-353,Kubernetes Lease,duration-additive,diamond4,4,0,0,0,1,0,0,0,1,1
pair-18-case-354,Kubernetes Lease,duration-additive,diamond4,4,0,0,0,1,0,0,0,1,1
pair-18-case-355,Kubernetes Lease,duration-additive,diamond4,4,0,0,0,1,0,0,0,1,1
pair-18-case-356,Kubernetes Lease,duration-additive,diamond4,4,0,0,0,1,1,0,0,1,1
pair-18-case-357,Kubernetes Lease,duration-additive,diamond4,4,0,0,0,1,0,0,0,1,1
pair-18-case-358,Kubernetes Lease,duration-additive,diamond4,4,0,0,0,1,0,0,0,1,1
pair-18-case-359,Kubernetes Lease,duration-additive,diamond4,4,0,7,0,1,0,0,0,1,1
pair-18-case-360,Kubernetes Lease,duration-additive,diamond4,4,0,9,0,1,1,0,1,1,1
pair-18-case-361,Kubernetes Lease,duration-additive,diamond4,4,0,0,0,1,0,0,0,1,1
pair-18-case-362,Kubernetes Lease,duration-additive,diamond4,4,0,0,0,1,0,0,0,1,1
pair-18-case-363,Kubernetes Lease,duration-additive,diamond4,4,0,0,0,1,1,0,0,1,1
pair-18-case-364,Kubernetes Lease,duration-additive,diamond4,3,0,0,0,1,0,0,0,1,1
pair-18-case-365,Kubernetes Lease,duration-additive,diamond4,4,0,0,0,1,1,0,0,1,1
pair-18-case-366,Kubernetes Lease,duration-additive,diamond4,4,0,0,0,1,1,0,0,1,1
pair-18-case-367,Kubernetes Lease,duration-additive,diamond4,3,0,0,0,1,1,1,0,1,1
pair-18-case-368,Kubernetes Lease,duration-additive,diamond4,3,0,0,0,1,0,0,0,1,1
pair-18-case-369,Kubernetes Lease,duration-additive,diamond4,3,0,0,0,1,1,0,0,1,1
pair-18-case-370,Kubernetes Lease,duration-additive,diamond4,4,0,0,0,1,1,0,0,1,1
pair-18-case-371,Kubernetes Lease,duration-additive,diamond4,3,0,0,0,1,1,1,0,1,1
pair-18-case-372,Kubernetes Lease,duration-additive,diamond4,4,0,0,0,1,0,0,0,1,1
pair-18-case-373,Kubernetes Lease,duration-additive,diamond4,4,0,0,0,1,0,0,0,1,1
pair-18-case-374,Kubernetes Lease,duration-additive,diamond4,4,0,0,0,1,0,0,0,1,1
pair-18-case-375,Kubernetes Lease,duration-additive,diamond4,4,0,0,0,1,0,0,0,1,1
pair-18-case-376,Kubernetes Lease,duration-additive,diamond4,4,0,0,0,1,1,0,0,1,1
pair-18-case-377,Kubernetes Lease,duration-additive,diamond4,4,0,0,0,1,0,0,0,1,1
pair-18-case-378,Kubernetes Lease,duration-additive,diamond4,4,0,0,0,1,0,0,0,1,1
pair-18-case-379,Kubernetes Lease,duration-additive,diamond4,4,0,0,0,1,0,0,0,1,1
pair-18-case-380,Kubernetes Lease,duration-additive,diamond4,4,0,0,0,1,0,0,0,1,1
pair-18-case-381,Kubernetes Lease,duration-additive,diamond4,4,0,0,0,1,1,0,0,1,1
pair-18-case-382,Kubernetes Lease,duration-additive,diamond4,4,0,0,0,1,0,0,0,1,1
pair-18-case-383,Kubernetes Lease,duration-additive,diamond4,4,0,0,0,1,0,0,0,1,1
pair-18-case-384,Kubernetes Lease,duration-additive,diamond4,4,0,0,0,1,1,0,0,1,1
pair-18-case-385,Kubernetes Lease,duration-additive,diamond4,4,0,0,0,1,0,0,0,1,1
pair-18-case-386,Kubernetes Lease,duration-additive,diamond4,4,0,0,0,1,0,0,0,1,1
pair-18-case-387,Kubernetes Lease,duration-additive,diamond4,4,0,0,0,1,0,0,0,1,1
pair-18-case-388,Kubernetes Lease,duration-additive,diamond4,4,0,0,0,1,0,0,0,1,1
pair-18-case-389,Kubernetes Lease,duration-additive,diamond4,4,0,0,0,1,1,0,0,1,1
pair-18-case-390,Kubernetes Lease,duration-additive,diamond4,4,0,0,0,1,0,0,0,1,1
pair-18-case-391,Kubernetes Lease,duration-additive,diamond4,4,0,0,0,1,0,0,0,1,1
pair-18-case-392,Kubernetes Lease,duration-additive,diamond4,4,0,0,0,1,0,0,0,1,1
pair-18-case-393,Kubernetes Lease,duration-additive,diamond4,4,0,0,0,1,0,0,0,1,1
pair-18-case-394,Kubernetes Lease,duration-additive,diamond4,4,0,0,0,1,0,0,0,1,1
pair-18-case-395,Kubernetes Lease,duration-additive,diamond4,4,0,1,0,1,0,0,0,1,1
pair-18-case-396,Kubernetes Lease,duration-additive,diamond4,4,0,9,0,1,0,0,1,1,1
pair-18-case-397,Kubernetes Lease,duration-additive,diamond4,4,0,0,0,1,0,0,0,1,1
pair-18-case-398,Kubernetes Lease,duration-additive,diamond4,4,0,0,0,1,0,0,0,1,1
pair-18-case-399,Kubernetes Lease,duration-additive,diamond4,2,0,9,0,1,0,0,1,1,1
pair-18-case-400,Kubernetes Lease,duration-additive,diamond4,4,0,0,0,1,0,0,0,1,1
pair-18-case-401,Kubernetes Lease,duration-additive,diamond4,4,0,0,0,1,0,0,0,1,1
pair-18-case-402,Kubernetes Lease,duration-additive,diamond4,4,0,0,0,1,0,0,0,1,1
pair-18-case-403,Kubernetes Lease,duration-additive,diamond4,4,0,3,0,1,1,0,0,1,1
pair-18-case-404,Kubernetes Lease,duration-additive,diamond4,4,0,0,0,1,0,0,0,1,1
pair-18-case-405,Kubernetes Lease,duration-additive,diamond4,4,0,7,0,1,0,0,1,1,1
pair-18-case-406,Kubernetes Lease,duration-additive,diamond4,4,0,0,0,1,0,0,0,1,1
pair-18-case-407,Kubernetes Lease,duration-additive,diamond4,4,0,0,0,1,0,0,0,1,1
pair-18-case-408,Kubernetes Lease,duration-additive,diamond4,4,0,0,0,1,1,0,0,1,1
pair-18-case-409,Kubernetes Lease,duration-additive,diamond4,4,0,0,0,1,0,0,0,1,1
pair-18-case-410,Kubernetes Lease,duration-additive,diamond4,4,0,0,0,1,0,0,0,1,1
pair-18-case-411,Kubernetes Lease,duration-additive,diamond4,4,0,0,0,1,0,0,0,1,1
pair-18-case-412,Kubernetes Lease,duration-additive,diamond4,4,0,0,0,1,0,0,0,1,1
pair-18-case-413,Kubernetes Lease,duration-additive,diamond4,4,0,5,0,1,0,0,0,1,1
pair-18-case-414,Kubernetes Lease,duration-additive,diamond4,4,0,0,0,1,0,0,0,1,1
pair-18-case-415,Kubernetes Lease,duration-additive,diamond4,4,0,0,0,1,0,0,0,1,1
pair-18-case-416,Kubernetes Lease,duration-additive,diamond4,4,0,0,0,1,0,0,0,1,1
pair-18-case-417,Kubernetes Lease,duration-additive,diamond4,4,0,0,0,1,1,0,0,1,1
pair-18-case-418,Kubernetes Lease,duration-additive,diamond4,4,0,0,0,1,1,0,0,1,1
pair-18-case-419,Kubernetes Lease,duration-additive,diamond4,4,0,0,0,1,1,0,0,1,1
pair-18-case-420,Kubernetes Lease,duration-additive,diamond4,4,0,0,0,1,0,0,0,1,1
pair-18-case-421,Kubernetes Lease,duration-additive,diamond4,3,0,15,0,1,1,0,1,1,1
pair-18-case-422,Kubernetes Lease,duration-additive,diamond4,4,0,0,0,1,0,0,0,1,1
pair-18-case-423,Kubernetes Lease,duration-additive,diamond4,4,0,0,0,1,0,0,0,1,1
pair-18-case-424,Kubernetes Lease,duration-additive,diamond4,4,0,0,0,1,0,0,0,1,1
pair-18-case-425,Kubernetes Lease,duration-additive,diamond4,4,0,9,0,1,0,0,1,1,1
pair-18-case-426,Kubernetes Lease,duration-additive,diamond4,3,0,0,0,1,0,0,0,1,1
pair-18-case-427,Kubernetes Lease,duration-additive,diamond4,4,0,0,0,1,1,0,0,1,1
pair-18-case-428,Kubernetes Lease,duration-additive,diamond4,4,0,0,0,1,0,0,0,1,1
pair-18-case-429,Kubernetes Lease,duration-additive,diamond4,4,0,0,0,1,0,0,0,1,1
pair-18-case-430,Kubernetes Lease,duration-additive,diamond4,4,0,0,0,1,0,0,0,1,1
pair-18-case-431,Kubernetes Lease,duration-additive,diamond4,4,0,0,0,1,1,0,0,1,1
pair-18-case-432,Kubernetes Lease,duration-additive,diamond4,4,0,0,0,1,0,0,0,1,1
pair-18-case-433,Kubernetes Lease,duration-additive,diamond4,3,0,0,0,1,0,0,0,1,1
pair-18-case-434,Kubernetes Lease,duration-additive,diamond4,3,0,0,0,1,1,1,0,1,1
pair-18-case-435,Kubernetes Lease,duration-additive,diamond4,4,0,0,0,1,0,0,0,1,1
pair-18-case-436,Kubernetes Lease,duration-additive,diamond4,4,0,9,0,1,1,0,1,1,1
pair-18-case-437,Kubernetes Lease,duration-additive,diamond4,4,0,0,0,1,0,0,0,1,1
pair-18-case-438,Kubernetes Lease,duration-additive,diamond4,4,0,7,0,1,1,0,0,1,1
pair-18-case-439,Kubernetes Lease,duration-additive,diamond4,4,0,0,0,1,0,0,0,1,1
pair-18-case-440,Kubernetes Lease,duration-additive,diamond4,4,0,0,0,1,0,0,0,1,1
pair-18-case-441,Kubernetes Lease,duration-additive,diamond4,4,0,0,0,1,0,0,0,1,1
pair-18-case-442,Kubernetes Lease,duration-additive,diamond4,4,0,0,0,1,0,0,0,1,1
pair-18-case-443,Kubernetes Lease,duration-additive,diamond4,4,0,0,0,1,1,0,0,1,1
pair-18-case-444,Kubernetes Lease,duration-additive,diamond4,4,0,0,0,1,1,0,0,1,1
pair-18-case-445,Kubernetes Lease,duration-additive,diamond4,4,0,0,0,1,0,0,0,1,1
pair-18-case-446,Kubernetes Lease,duration-additive,diamond4,4,0,0,0,1,0,0,0,1,1
pair-18-case-447,Kubernetes Lease,duration-additive,diamond4,4,0,0,0,1,0,0,0,1,1
pair-18-case-448,Kubernetes Lease,duration-additive,diamond4,3,0,9,0,1,0,0,0,1,1
pair-18-case-449,Kubernetes Lease,duration-additive,diamond4,4,0,1,0,1,0,0,1,1,1
pair-18-case-450,Kubernetes Lease,duration-additive,diamond4,4,0,0,0,1,0,0,0,1,1
pair-18-case-451,Kubernetes Lease,duration-additive,diamond4,4,0,0,0,1,0,0,0,1,1
pair-18-case-452,Kubernetes Lease,duration-additive,diamond4,4,0,0,0,1,0,0,0,1,1
pair-18-case-453,Kubernetes Lease,duration-additive,diamond4,4,0,0,0,1,1,0,0,1,1
pair-18-case-454,Kubernetes Lease,duration-additive,diamond4,4,0,17,0,1,0,0,1,1,1
pair-18-case-455,Kubernetes Lease,duration-additive,diamond4,4,0,0,0,1,0,0,0,1,1
pair-18-case-456,Kubernetes Lease,duration-additive,diamond4,4,0,0,0,1,0,0,0,1,1
pair-18-case-457,Kubernetes Lease,duration-additive,diamond4,4,0,3,0,1,0,0,0,1,1
pair-18-case-458,Kubernetes Lease,duration-additive,diamond4,4,0,0,0,1,1,0,0,1,1
pair-18-case-459,Kubernetes Lease,duration-additive,diamond4,4,0,0,0,1,0,0,0,1,1
pair-18-case-460,Kubernetes Lease,duration-additive,diamond4,4,0,0,0,1,1,0,0,1,1
pair-18-case-461,Kubernetes Lease,duration-additive,diamond4,4,0,0,0,1,0,0,0,1,1
pair-18-case-462,Kubernetes Lease,duration-additive,diamond4,3,0,0,0,1,1,0,0,1,1
pair-18-case-463,Kubernetes Lease,duration-additive,diamond4,4,0,0,0,1,0,0,0,1,1
pair-18-case-464,Kubernetes Lease,duration-additive,diamond4,4,0,0,0,1,0,0,0,1,1
pair-18-case-465,Kubernetes Lease,duration-additive,diamond4,4,0,0,0,1,0,0,0,1,1
pair-18-case-466,Kubernetes Lease,duration-additive,diamond4,4,0,0,0,1,0,0,0,1,1
pair-18-case-467,Kubernetes Lease,duration-additive,diamond4,4,0,0,0,1,0,0,0,1,1
pair-18-case-468,Kubernetes Lease,duration-additive,diamond4,4,0,0,0,1,1,0,0,1,1
pair-18-case-469,Kubernetes Lease,duration-additive,diamond4,4,0,3,0,1,0,0,1,1,1
pair-18-case-470,Kubernetes Lease,duration-additive,diamond4,4,0,0,0,1,1,0,0,1,1
pair-18-case-471,Kubernetes Lease,duration-additive,diamond4,4,0,7,0,1,0,0,1,1,1
pair-18-case-472,Kubernetes Lease,duration-additive,diamond4,4,0,0,0,1,1,0,0,1,1
pair-18-case-473,Kubernetes Lease,duration-additive,diamond4,4,0,7,0,1,1,0,0,1,1
pair-18-case-474,Kubernetes Lease,duration-additive,diamond4,4,0,0,0,1,0,0,0,1,1
pair-18-case-475,Kubernetes Lease,duration-additive,diamond4,4,0,0,0,1,0,0,0,1,1
pair-18-case-476,Kubernetes Lease,duration-additive,diamond4,3,0,0,0,1,0,0,0,1,1
pair-18-case-477,Kubernetes Lease,duration-additive,diamond4,4,0,3,0,1,1,0,0,1,1
pair-18-case-478,Kubernetes Lease,duration-additive,diamond4,4,0,9,0,1,0,0,0,1,1
pair-18-case-479,Kubernetes Lease,duration-additive,diamond4,4,0,0,0,1,0,0,0,1,1
pair-18-case-480,Kubernetes Lease,duration-additive,diamond4,4,0,0,0,1,0,0,0,1,1
pair-18-case-481,Kubernetes Lease,duration-additive,diamond4,4,0,0,0,1,0,0,0,1,1
pair-18-case-482,Kubernetes Lease,duration-additive,diamond4,3,0,0,0,1,1,0,0,1,1
pair-18-case-483,Kubernetes Lease,duration-additive,diamond4,4,0,0,0,1,0,0,0,1,1
pair-18-case-484,Kubernetes Lease,duration-additive,diamond4,4,0,0,0,1,1,0,0,1,1
pair-18-case-485,Kubernetes Lease,duration-additive,diamond4,4,0,0,0,1,0,0,0,1,1
pair-18-case-486,Kubernetes Lease,duration-additive,diamond4,4,0,0,0,1,0,0,0,1,1
pair-18-case-487,Kubernetes Lease,duration-additive,diamond4,3,0,0,0,1,0,0,0,1,1
pair-18-case-488,Kubernetes Lease,duration-additive,diamond4,4,0,0,0,1,1,0,0,1,1
pair-18-case-489,Kubernetes Lease,duration-additive,diamond4,4,0,0,0,1,0,0,0,1,1
pair-18-case-490,Kubernetes Lease,duration-additive,diamond4,4,0,0,0,1,0,0,0,1,1
pair-18-case-491,Kubernetes Lease,duration-additive,diamond4,4,0,9,0,1,0,0,1,1,1
pair-18-case-492,Kubernetes Lease,duration-additive,diamond4,4,0,3,0,1,0,0,0,1,1
pair-18-case-493,Kubernetes Lease,duration-additive,diamond4,4,0,0,0,1,1,1,0,1,1
pair-18-case-494,Kubernetes Lease,duration-additive,diamond4,4,0,0,0,1,0,0,0,1,1
pair-18-case-495,Kubernetes Lease,duration-additive,diamond4,4,0,0,0,1,0,0,0,1,1
pair-18-case-496,Kubernetes Lease,duration-additive,diamond4,4,0,0,0,1,0,0,0,1,1
pair-18-case-497,Kubernetes Lease,duration-additive,diamond4,4,0,0,0,1,0,0,0,1,1
pair-18-case-498,Kubernetes Lease,duration-additive,diamond4,4,0,0,0,1,0,0,0,1,1
pair-18-case-499,Kubernetes Lease,duration-additive,diamond4,4,0,0,0,1,0,0,0,1,1
pair-19-case-000,Kubernetes Lease,holder-state-recode,chain3,0,1,27,6,0,1,1,1,1,1
pair-19-case-001,Kubernetes Lease,holder-state-recode,chain3,1,0,0,0,1,0,0,0,1,1
pair-19-case-002,Kubernetes Lease,holder-state-recode,chain3,1,0,9,0,1,0,0,1,1,1
pair-19-case-003,Kubernetes Lease,holder-state-recode,chain3,1,0,0,0,1,1,1,0,1,1
pair-19-case-004,Kubernetes Lease,holder-state-recode,chain3,1,0,0,0,1,1,1,0,1,1
pair-19-case-005,Kubernetes Lease,holder-state-recode,chain3,1,0,9,0,1,1,0,1,1,1
pair-19-case-006,Kubernetes Lease,holder-state-recode,chain3,1,0,0,0,1,0,0,0,1,1
pair-19-case-007,Kubernetes Lease,holder-state-recode,chain3,1,0,9,0,1,0,0,1,1,1
pair-19-case-008,Kubernetes Lease,holder-state-recode,chain3,1,0,9,0,1,1,1,0,1,1
pair-19-case-009,Kubernetes Lease,holder-state-recode,chain3,1,0,0,0,1,1,1,0,1,1
pair-19-case-010,Kubernetes Lease,holder-state-recode,chain3,1,0,0,0,1,1,1,0,1,1
pair-19-case-011,Kubernetes Lease,holder-state-recode,chain3,1,0,9,0,1,1,0,1,1,1
pair-19-case-012,Kubernetes Lease,holder-state-recode,chain3,1,0,0,0,1,0,0,0,1,1
pair-19-case-013,Kubernetes Lease,holder-state-recode,chain3,1,0,9,0,1,0,0,1,1,1
pair-19-case-014,Kubernetes Lease,holder-state-recode,chain3,1,0,9,0,1,1,1,0,1,1
pair-19-case-015,Kubernetes Lease,holder-state-recode,chain3,1,0,0,0,1,1,1,0,1,1
pair-19-case-016,Kubernetes Lease,holder-state-recode,chain3,1,0,0,0,1,1,1,0,1,1
pair-19-case-017,Kubernetes Lease,holder-state-recode,chain3,1,0,9,0,1,1,0,1,1,1
pair-19-case-018,Kubernetes Lease,holder-state-recode,chain3,1,1,21,6,0,1,0,1,1,1
pair-19-case-019,Kubernetes Lease,holder-state-recode,chain3,1,1,21,6,0,1,0,1,1,1
pair-19-case-020,Kubernetes Lease,holder-state-recode,chain3,1,1,21,6,0,1,0,1,1,1
pair-19-case-021,Kubernetes Lease,holder-state-recode,chain3,1,1,21,6,0,1,0,1,1,1
pair-19-case-022,Kubernetes Lease,holder-state-recode,chain3,3,1,11,6,0,1,0,1,1,1
pair-19-case-023,Kubernetes Lease,holder-state-recode,chain3,3,1,11,6,0,1,0,1,1,1
pair-19-case-024,Kubernetes Lease,holder-state-recode,chain3,2,1,15,6,0,1,0,1,1,1
pair-19-case-025,Kubernetes Lease,holder-state-recode,chain3,2,1,15,6,0,1,0,1,1,1
pair-19-case-026,Kubernetes Lease,holder-state-recode,chain3,3,1,11,6,0,1,0,1,1,1
pair-19-case-027,Kubernetes Lease,holder-state-recode,chain3,2,1,15,6,0,1,0,1,1,1
pair-19-case-028,Kubernetes Lease,holder-state-recode,chain3,4,1,7,6,0,1,0,1,1,1
pair-19-case-029,Kubernetes Lease,holder-state-recode,chain3,2,1,17,6,0,1,0,1,1,1
pair-19-case-030,Kubernetes Lease,holder-state-recode,chain3,2,1,15,6,0,1,0,1,1,1
pair-19-case-031,Kubernetes Lease,holder-state-recode,chain3,3,1,11,6,0,1,0,1,1,1
pair-19-case-032,Kubernetes Lease,holder-state-recode,chain3,2,1,17,6,0,1,0,1,1,1
pair-19-case-033,Kubernetes Lease,holder-state-recode,chain3,4,0,0,0,1,0,0,0,1,1
pair-19-case-034,Kubernetes Lease,holder-state-recode,chain3,4,0,0,0,1,1,0,0,1,1
pair-19-case-035,Kubernetes Lease,holder-state-recode,chain3,4,0,0,0,1,0,0,0,1,1
pair-19-case-036,Kubernetes Lease,holder-state-recode,chain3,4,0,0,0,1,0,0,0,1,1
pair-19-case-037,Kubernetes Lease,holder-state-recode,chain3,4,0,0,0,1,0,0,0,1,1
pair-19-case-038,Kubernetes Lease,holder-state-recode,chain3,4,0,0,0,1,0,0,0,1,1
pair-19-case-039,Kubernetes Lease,holder-state-recode,chain3,4,0,0,0,1,0,0,0,1,1
pair-19-case-040,Kubernetes Lease,holder-state-recode,chain3,4,0,0,0,1,0,0,0,1,1
pair-19-case-041,Kubernetes Lease,holder-state-recode,chain3,4,0,0,0,1,0,0,0,1,1
pair-19-case-042,Kubernetes Lease,holder-state-recode,chain3,4,0,0,0,1,0,0,0,1,1
pair-19-case-043,Kubernetes Lease,holder-state-recode,chain3,4,0,0,0,1,1,0,0,1,1
pair-19-case-044,Kubernetes Lease,holder-state-recode,chain3,4,0,0,0,1,0,0,0,1,1
pair-19-case-045,Kubernetes Lease,holder-state-recode,chain3,4,0,0,0,1,0,0,0,1,1
pair-19-case-046,Kubernetes Lease,holder-state-recode,chain3,2,0,9,0,1,1,0,0,1,1
pair-19-case-047,Kubernetes Lease,holder-state-recode,chain3,4,0,0,0,1,1,0,0,1,1
pair-19-case-048,Kubernetes Lease,holder-state-recode,chain3,4,0,0,0,1,0,0,0,1,1
pair-19-case-049,Kubernetes Lease,holder-state-recode,chain3,4,0,0,0,1,0,0,0,1,1
pair-19-case-050,Kubernetes Lease,holder-state-recode,chain3,4,0,0,0,1,0,0,0,1,1
pair-19-case-051,Kubernetes Lease,holder-state-recode,chain3,4,0,0,0,1,0,0,0,1,1
pair-19-case-052,Kubernetes Lease,holder-state-recode,chain3,4,0,0,0,1,1,0,0,1,1
pair-19-case-053,Kubernetes Lease,holder-state-recode,chain3,4,0,0,0,1,1,0,0,1,1
pair-19-case-054,Kubernetes Lease,holder-state-recode,chain3,4,0,0,0,1,0,0,0,1,1
pair-19-case-055,Kubernetes Lease,holder-state-recode,chain3,4,0,0,0,1,1,0,0,1,1
pair-19-case-056,Kubernetes Lease,holder-state-recode,chain3,4,0,0,0,1,1,0,0,1,1
pair-19-case-057,Kubernetes Lease,holder-state-recode,chain3,4,0,0,0,1,0,0,0,1,1
pair-19-case-058,Kubernetes Lease,holder-state-recode,chain3,4,0,0,0,1,0,0,0,1,1
pair-19-case-059,Kubernetes Lease,holder-state-recode,chain3,4,0,3,0,1,0,0,0,1,1
pair-19-case-060,Kubernetes Lease,holder-state-recode,chain3,4,0,0,0,1,0,0,0,1,1
pair-19-case-061,Kubernetes Lease,holder-state-recode,chain3,4,0,0,0,1,0,0,0,1,1
pair-19-case-062,Kubernetes Lease,holder-state-recode,chain3,4,0,0,0,1,0,0,0,1,1
pair-19-case-063,Kubernetes Lease,holder-state-recode,chain3,4,0,0,0,1,0,0,0,1,1
pair-19-case-064,Kubernetes Lease,holder-state-recode,chain3,4,0,2,0,1,1,0,0,1,1
pair-19-case-065,Kubernetes Lease,holder-state-recode,chain3,4,0,0,0,1,1,0,0,1,1
pair-19-case-066,Kubernetes Lease,holder-state-recode,chain3,3,0,0,0,1,1,0,0,1,1
pair-19-case-067,Kubernetes Lease,holder-state-recode,chain3,4,0,0,0,1,1,0,0,1,1
pair-19-case-068,Kubernetes Lease,holder-state-recode,chain3,4,0,3,0,1,0,0,0,1,1
pair-19-case-069,Kubernetes Lease,holder-state-recode,chain3,4,0,0,0,1,0,0,0,1,1
pair-19-case-070,Kubernetes Lease,holder-state-recode,chain3,3,0,0,0,1,0,0,0,1,1
pair-19-case-071,Kubernetes Lease,holder-state-recode,chain3,4,0,0,0,1,1,0,0,1,1
pair-19-case-072,Kubernetes Lease,holder-state-recode,chain3,4,0,0,0,1,0,0,0,1,1
pair-19-case-073,Kubernetes Lease,holder-state-recode,chain3,4,0,0,0,1,1,0,0,1,1
pair-19-case-074,Kubernetes Lease,holder-state-recode,chain3,4,0,0,0,1,0,0,0,1,1
pair-19-case-075,Kubernetes Lease,holder-state-recode,chain3,4,0,0,0,1,0,0,0,1,1
pair-19-case-076,Kubernetes Lease,holder-state-recode,chain3,4,0,0,0,1,0,0,0,1,1
pair-19-case-077,Kubernetes Lease,holder-state-recode,chain3,4,0,0,0,1,0,0,0,1,1
pair-19-case-078,Kubernetes Lease,holder-state-recode,chain3,4,0,0,0,1,0,0,0,1,1
pair-19-case-079,Kubernetes Lease,holder-state-recode,chain3,4,0,0,0,1,0,0,0,1,1
pair-19-case-080,Kubernetes Lease,holder-state-recode,chain3,4,0,0,0,1,0,0,0,1,1
pair-19-case-081,Kubernetes Lease,holder-state-recode,chain3,4,0,0,0,1,0,0,0,1,1
pair-19-case-082,Kubernetes Lease,holder-state-recode,chain3,4,0,0,0,1,1,0,0,1,1
pair-19-case-083,Kubernetes Lease,holder-state-recode,chain3,4,0,0,0,1,1,0,0,1,1
pair-19-case-084,Kubernetes Lease,holder-state-recode,chain3,4,0,0,0,1,0,0,0,1,1
pair-19-case-085,Kubernetes Lease,holder-state-recode,chain3,3,0,0,0,1,1,0,0,1,1
pair-19-case-086,Kubernetes Lease,holder-state-recode,chain3,3,0,0,0,1,0,0,0,1,1
pair-19-case-087,Kubernetes Lease,holder-state-recode,chain3,4,0,0,0,1,0,0,0,1,1
pair-19-case-088,Kubernetes Lease,holder-state-recode,chain3,4,0,0,0,1,0,0,0,1,1
pair-19-case-089,Kubernetes Lease,holder-state-recode,chain3,4,0,0,0,1,1,0,0,1,1
pair-19-case-090,Kubernetes Lease,holder-state-recode,chain3,4,0,0,0,1,1,0,0,1,1
pair-19-case-091,Kubernetes Lease,holder-state-recode,chain3,3,0,0,0,1,0,0,0,1,1
pair-19-case-092,Kubernetes Lease,holder-state-recode,chain3,4,0,0,0,1,0,0,0,1,1
pair-19-case-093,Kubernetes Lease,holder-state-recode,chain3,4,0,0,0,1,0,0,0,1,1
pair-19-case-094,Kubernetes Lease,holder-state-recode,chain3,4,0,0,0,1,0,0,0,1,1
pair-19-case-095,Kubernetes Lease,holder-state-recode,chain3,4,0,0,0,1,0,0,0,1,1
pair-19-case-096,Kubernetes Lease,holder-state-recode,chain3,4,0,0,0,1,1,0,0,1,1
pair-19-case-097,Kubernetes Lease,holder-state-recode,chain3,3,0,1,0,1,0,0,1,1,1
pair-19-case-098,Kubernetes Lease,holder-state-recode,chain3,3,0,0,0,1,0,0,0,1,1
pair-19-case-099,Kubernetes Lease,holder-state-recode,chain3,4,0,0,0,1,0,0,0,1,1
pair-19-case-100,Kubernetes Lease,holder-state-recode,chain3,4,0,0,0,1,1,0,0,1,1
pair-19-case-101,Kubernetes Lease,holder-state-recode,chain3,2,0,0,0,1,1,0,0,1,1
pair-19-case-102,Kubernetes Lease,holder-state-recode,chain3,4,0,0,0,1,0,0,0,1,1
pair-19-case-103,Kubernetes Lease,holder-state-recode,chain3,4,0,0,0,1,0,0,0,1,1
pair-19-case-104,Kubernetes Lease,holder-state-recode,chain3,4,0,0,0,1,0,0,0,1,1
pair-19-case-105,Kubernetes Lease,holder-state-recode,chain3,4,0,0,0,1,1,0,0,1,1
pair-19-case-106,Kubernetes Lease,holder-state-recode,chain3,4,0,0,0,1,1,0,0,1,1
pair-19-case-107,Kubernetes Lease,holder-state-recode,chain3,2,0,0,0,1,1,1,0,1,1
pair-19-case-108,Kubernetes Lease,holder-state-recode,chain3,4,0,0,0,1,1,0,0,1,1
pair-19-case-109,Kubernetes Lease,holder-state-recode,chain3,4,0,0,0,1,0,0,0,1,1
pair-19-case-110,Kubernetes Lease,holder-state-recode,chain3,4,0,0,0,1,0,0,0,1,1
pair-19-case-111,Kubernetes Lease,holder-state-recode,chain3,4,0,0,0,1,1,0,0,1,1
pair-19-case-112,Kubernetes Lease,holder-state-recode,chain3,4,0,0,0,1,0,0,0,1,1
pair-19-case-113,Kubernetes Lease,holder-state-recode,chain3,4,0,3,0,1,0,0,1,1,1
pair-19-case-114,Kubernetes Lease,holder-state-recode,chain3,4,0,0,0,1,0,0,0,1,1
pair-19-case-115,Kubernetes Lease,holder-state-recode,chain3,4,0,1,0,1,1,0,0,1,1
pair-19-case-116,Kubernetes Lease,holder-state-recode,chain3,4,0,0,0,1,0,0,0,1,1
pair-19-case-117,Kubernetes Lease,holder-state-recode,chain3,4,0,0,0,1,0,0,0,1,1
pair-19-case-118,Kubernetes Lease,holder-state-recode,chain3,3,0,0,0,1,0,0,0,1,1
pair-19-case-119,Kubernetes Lease,holder-state-recode,chain3,4,0,0,0,1,0,0,0,1,1
pair-19-case-120,Kubernetes Lease,holder-state-recode,chain3,4,0,0,0,1,0,0,0,1,1
pair-19-case-121,Kubernetes Lease,holder-state-recode,chain3,4,0,0,0,1,0,0,0,1,1
pair-19-case-122,Kubernetes Lease,holder-state-recode,chain3,4,0,0,0,1,0,0,0,1,1
pair-19-case-123,Kubernetes Lease,holder-state-recode,chain3,4,0,0,0,1,0,0,0,1,1
pair-19-case-124,Kubernetes Lease,holder-state-recode,chain3,4,0,0,0,1,0,0,0,1,1
pair-19-case-125,Kubernetes Lease,holder-state-recode,chain3,4,0,0,0,1,0,0,0,1,1
pair-19-case-126,Kubernetes Lease,holder-state-recode,chain3,4,0,0,0,1,0,0,0,1,1
pair-19-case-127,Kubernetes Lease,holder-state-recode,chain3,4,0,0,0,1,1,0,0,1,1
pair-19-case-128,Kubernetes Lease,holder-state-recode,chain3,3,0,0,0,1,1,1,0,1,1
pair-19-case-129,Kubernetes Lease,holder-state-recode,chain3,4,0,0,0,1,0,0,0,1,1
pair-19-case-130,Kubernetes Lease,holder-state-recode,chain3,3,0,0,0,1,0,0,0,1,1
pair-19-case-131,Kubernetes Lease,holder-state-recode,chain3,3,0,0,0,1,0,0,0,1,1
pair-19-case-132,Kubernetes Lease,holder-state-recode,chain3,4,0,0,0,1,0,0,0,1,1
pair-19-case-133,Kubernetes Lease,holder-state-recode,chain3,4,0,0,0,1,0,0,0,1,1
pair-19-case-134,Kubernetes Lease,holder-state-recode,chain3,3,0,0,0,1,0,0,0,1,1
pair-19-case-135,Kubernetes Lease,holder-state-recode,chain3,3,0,0,0,1,1,0,0,1,1
pair-19-case-136,Kubernetes Lease,holder-state-recode,chain3,4,0,0,0,1,0,0,0,1,1
pair-19-case-137,Kubernetes Lease,holder-state-recode,chain3,4,0,0,0,1,0,0,0,1,1
pair-19-case-138,Kubernetes Lease,holder-state-recode,chain3,4,0,0,0,1,1,0,0,1,1
pair-19-case-139,Kubernetes Lease,holder-state-recode,chain3,4,0,0,0,1,0,0,0,1,1
pair-19-case-140,Kubernetes Lease,holder-state-recode,chain3,4,0,0,0,1,0,0,0,1,1
pair-19-case-141,Kubernetes Lease,holder-state-recode,chain3,4,0,0,0,1,0,0,0,1,1
pair-19-case-142,Kubernetes Lease,holder-state-recode,chain3,4,0,0,0,1,0,0,0,1,1
pair-19-case-143,Kubernetes Lease,holder-state-recode,chain3,4,0,0,0,1,1,0,0,1,1
pair-19-case-144,Kubernetes Lease,holder-state-recode,chain3,4,0,0,0,1,1,0,0,1,1
pair-19-case-145,Kubernetes Lease,holder-state-recode,chain3,3,0,0,0,1,0,0,0,1,1
pair-19-case-146,Kubernetes Lease,holder-state-recode,chain3,4,0,0,0,1,1,0,0,1,1
pair-19-case-147,Kubernetes Lease,holder-state-recode,chain3,4,0,0,0,1,1,0,0,1,1
pair-19-case-148,Kubernetes Lease,holder-state-recode,chain3,4,0,0,0,1,1,0,0,1,1
pair-19-case-149,Kubernetes Lease,holder-state-recode,chain3,4,0,0,0,1,0,0,0,1,1
pair-19-case-150,Kubernetes Lease,holder-state-recode,chain3,3,0,0,0,1,1,0,0,1,1
pair-19-case-151,Kubernetes Lease,holder-state-recode,chain3,4,0,0,0,1,0,0,0,1,1
pair-19-case-152,Kubernetes Lease,holder-state-recode,chain3,4,0,0,0,1,0,0,0,1,1
pair-19-case-153,Kubernetes Lease,holder-state-recode,chain3,4,0,0,0,1,0,0,0,1,1
pair-19-case-154,Kubernetes Lease,holder-state-recode,chain3,4,0,0,0,1,0,0,0,1,1
pair-19-case-155,Kubernetes Lease,holder-state-recode,chain3,3,0,0,0,1,0,0,0,1,1
pair-19-case-156,Kubernetes Lease,holder-state-recode,chain3,4,0,3,0,1,1,0,0,1,1
pair-19-case-157,Kubernetes Lease,holder-state-recode,chain3,4,0,0,0,1,0,0,0,1,1
pair-19-case-158,Kubernetes Lease,holder-state-recode,chain3,3,0,0,0,1,1,0,0,1,1
pair-19-case-159,Kubernetes Lease,holder-state-recode,chain3,4,0,0,0,1,0,0,0,1,1
pair-19-case-160,Kubernetes Lease,holder-state-recode,chain3,4,0,0,0,1,0,0,0,1,1
pair-19-case-161,Kubernetes Lease,holder-state-recode,chain3,4,0,0,0,1,1,0,0,1,1
pair-19-case-162,Kubernetes Lease,holder-state-recode,chain3,4,0,0,0,1,0,0,0,1,1
pair-19-case-163,Kubernetes Lease,holder-state-recode,chain3,4,0,1,0,1,0,0,0,1,1
pair-19-case-164,Kubernetes Lease,holder-state-recode,chain3,4,0,0,0,1,0,0,0,1,1
pair-19-case-165,Kubernetes Lease,holder-state-recode,chain3,4,0,0,0,1,1,0,0,1,1
pair-19-case-166,Kubernetes Lease,holder-state-recode,chain3,4,0,0,0,1,0,0,0,1,1
pair-19-case-167,Kubernetes Lease,holder-state-recode,chain3,4,0,0,0,1,0,0,0,1,1
pair-19-case-168,Kubernetes Lease,holder-state-recode,chain3,4,0,0,0,1,1,0,0,1,1
pair-19-case-169,Kubernetes Lease,holder-state-recode,chain3,3,0,0,0,1,0,0,0,1,1
pair-19-case-170,Kubernetes Lease,holder-state-recode,chain3,4,0,0,0,1,0,0,0,1,1
pair-19-case-171,Kubernetes Lease,holder-state-recode,chain3,3,0,0,0,1,0,0,0,1,1
pair-19-case-172,Kubernetes Lease,holder-state-recode,chain3,3,0,0,0,1,1,0,0,1,1
pair-19-case-173,Kubernetes Lease,holder-state-recode,chain3,3,0,0,0,1,0,0,0,1,1
pair-19-case-174,Kubernetes Lease,holder-state-recode,chain3,3,0,0,0,1,0,0,0,1,1
pair-19-case-175,Kubernetes Lease,holder-state-recode,chain3,4,0,0,0,1,0,0,0,1,1
pair-19-case-176,Kubernetes Lease,holder-state-recode,chain3,4,0,0,0,1,0,0,0,1,1
pair-19-case-177,Kubernetes Lease,holder-state-recode,chain3,4,0,0,0,1,0,0,0,1,1
pair-19-case-178,Kubernetes Lease,holder-state-recode,chain3,4,0,0,0,1,1,1,0,1,1
pair-19-case-179,Kubernetes Lease,holder-state-recode,chain3,4,0,0,0,1,0,0,0,1,1
pair-19-case-180,Kubernetes Lease,holder-state-recode,chain3,4,0,0,0,1,0,0,0,1,1
pair-19-case-181,Kubernetes Lease,holder-state-recode,chain3,4,0,0,0,1,0,0,0,1,1
pair-19-case-182,Kubernetes Lease,holder-state-recode,chain3,4,0,3,0,1,1,0,0,1,1
pair-19-case-183,Kubernetes Lease,holder-state-recode,chain3,3,0,3,0,1,0,0,1,1,1
pair-19-case-184,Kubernetes Lease,holder-state-recode,chain3,4,0,0,0,1,0,0,0,1,1
pair-19-case-185,Kubernetes Lease,holder-state-recode,chain3,4,0,0,0,1,1,0,0,1,1
pair-19-case-186,Kubernetes Lease,holder-state-recode,chain3,3,0,3,0,1,1,0,0,1,1
pair-19-case-187,Kubernetes Lease,holder-state-recode,chain3,3,0,2,0,1,1,0,0,1,1
pair-19-case-188,Kubernetes Lease,holder-state-recode,chain3,4,0,0,0,1,0,0,0,1,1
pair-19-case-189,Kubernetes Lease,holder-state-recode,chain3,4,0,0,0,1,0,0,0,1,1
pair-19-case-190,Kubernetes Lease,holder-state-recode,chain3,4,0,0,0,1,1,0,0,1,1
pair-19-case-191,Kubernetes Lease,holder-state-recode,chain3,4,0,0,0,1,1,0,0,1,1
pair-19-case-192,Kubernetes Lease,holder-state-recode,chain3,4,0,1,0,1,0,0,1,1,1
pair-19-case-193,Kubernetes Lease,holder-state-recode,chain3,2,0,0,0,1,0,0,0,1,1
pair-19-case-194,Kubernetes Lease,holder-state-recode,chain3,4,0,0,0,1,1,0,0,1,1
pair-19-case-195,Kubernetes Lease,holder-state-recode,chain3,3,0,1,0,1,0,0,0,1,1
pair-19-case-196,Kubernetes Lease,holder-state-recode,chain3,4,0,0,0,1,0,0,0,1,1
pair-19-case-197,Kubernetes Lease,holder-state-recode,chain3,4,0,0,0,1,0,0,0,1,1
pair-19-case-198,Kubernetes Lease,holder-state-recode,chain3,3,0,0,0,1,0,0,0,1,1
pair-19-case-199,Kubernetes Lease,holder-state-recode,chain3,3,0,0,0,1,1,0,0,1,1
pair-19-case-200,Kubernetes Lease,holder-state-recode,chain3,4,0,0,0,1,0,0,0,1,1
pair-19-case-201,Kubernetes Lease,holder-state-recode,chain3,4,0,0,0,1,0,0,0,1,1
pair-19-case-202,Kubernetes Lease,holder-state-recode,chain3,4,0,0,0,1,1,0,0,1,1
pair-19-case-203,Kubernetes Lease,holder-state-recode,chain3,4,0,0,0,1,0,0,0,1,1
pair-19-case-204,Kubernetes Lease,holder-state-recode,chain3,3,0,0,0,1,0,0,0,1,1
pair-19-case-205,Kubernetes Lease,holder-state-recode,chain3,4,0,0,0,1,0,0,0,1,1
pair-19-case-206,Kubernetes Lease,holder-state-recode,chain3,4,0,0,0,1,0,0,0,1,1
pair-19-case-207,Kubernetes Lease,holder-state-recode,chain3,4,0,0,0,1,0,0,0,1,1
pair-19-case-208,Kubernetes Lease,holder-state-recode,chain3,4,0,0,0,1,0,0,0,1,1
pair-19-case-209,Kubernetes Lease,holder-state-recode,chain3,4,0,0,0,1,1,0,0,1,1
pair-19-case-210,Kubernetes Lease,holder-state-recode,chain3,3,0,0,0,1,0,0,0,1,1
pair-19-case-211,Kubernetes Lease,holder-state-recode,chain3,4,0,0,0,1,0,0,0,1,1
pair-19-case-212,Kubernetes Lease,holder-state-recode,chain3,3,0,3,0,1,0,0,1,1,1
pair-19-case-213,Kubernetes Lease,holder-state-recode,chain3,4,0,0,0,1,1,0,0,1,1
pair-19-case-214,Kubernetes Lease,holder-state-recode,chain3,4,0,0,0,1,0,0,0,1,1
pair-19-case-215,Kubernetes Lease,holder-state-recode,chain3,3,0,0,0,1,0,0,0,1,1
pair-19-case-216,Kubernetes Lease,holder-state-recode,chain3,4,0,3,0,1,1,0,0,1,1
pair-19-case-217,Kubernetes Lease,holder-state-recode,chain3,4,0,0,0,1,0,0,0,1,1
pair-19-case-218,Kubernetes Lease,holder-state-recode,chain3,3,0,0,0,1,0,0,0,1,1
pair-19-case-219,Kubernetes Lease,holder-state-recode,chain3,2,0,0,0,1,1,0,0,1,1
pair-19-case-220,Kubernetes Lease,holder-state-recode,chain3,4,0,0,0,1,0,0,0,1,1
pair-19-case-221,Kubernetes Lease,holder-state-recode,chain3,3,0,0,0,1,0,0,0,1,1
pair-19-case-222,Kubernetes Lease,holder-state-recode,chain3,4,0,0,0,1,0,0,0,1,1
pair-19-case-223,Kubernetes Lease,holder-state-recode,chain3,4,0,0,0,1,0,0,0,1,1
pair-19-case-224,Kubernetes Lease,holder-state-recode,chain3,4,0,0,0,1,0,0,0,1,1
pair-19-case-225,Kubernetes Lease,holder-state-recode,chain3,4,0,0,0,1,0,0,0,1,1
pair-19-case-226,Kubernetes Lease,holder-state-recode,chain3,4,0,0,0,1,0,0,0,1,1
pair-19-case-227,Kubernetes Lease,holder-state-recode,chain3,4,0,0,0,1,1,0,0,1,1
pair-19-case-228,Kubernetes Lease,holder-state-recode,chain3,4,0,0,0,1,0,0,0,1,1
pair-19-case-229,Kubernetes Lease,holder-state-recode,chain3,4,0,0,0,1,1,0,0,1,1
pair-19-case-230,Kubernetes Lease,holder-state-recode,chain3,4,0,0,0,1,0,0,0,1,1
pair-19-case-231,Kubernetes Lease,holder-state-recode,chain3,4,0,0,0,1,0,0,0,1,1
pair-19-case-232,Kubernetes Lease,holder-state-recode,chain3,4,0,0,0,1,1,0,0,1,1
pair-19-case-233,Kubernetes Lease,holder-state-recode,chain3,3,0,0,0,1,0,0,0,1,1
pair-19-case-234,Kubernetes Lease,holder-state-recode,chain3,4,0,0,0,1,0,0,0,1,1
pair-19-case-235,Kubernetes Lease,holder-state-recode,chain3,4,0,0,0,1,0,0,0,1,1
pair-19-case-236,Kubernetes Lease,holder-state-recode,chain3,3,0,0,0,1,1,1,0,1,1
pair-19-case-237,Kubernetes Lease,holder-state-recode,chain3,4,0,0,0,1,0,0,0,1,1
pair-19-case-238,Kubernetes Lease,holder-state-recode,chain3,4,0,0,0,1,0,0,0,1,1
pair-19-case-239,Kubernetes Lease,holder-state-recode,chain3,4,0,0,0,1,0,0,0,1,1
pair-19-case-240,Kubernetes Lease,holder-state-recode,chain3,4,0,0,0,1,0,0,0,1,1
pair-19-case-241,Kubernetes Lease,holder-state-recode,chain3,4,0,0,0,1,0,0,0,1,1
pair-19-case-242,Kubernetes Lease,holder-state-recode,chain3,4,0,0,0,1,0,0,0,1,1
pair-19-case-243,Kubernetes Lease,holder-state-recode,chain3,4,0,0,0,1,0,0,0,1,1
pair-19-case-244,Kubernetes Lease,holder-state-recode,chain3,4,0,0,0,1,1,0,0,1,1
pair-19-case-245,Kubernetes Lease,holder-state-recode,chain3,4,0,0,0,1,0,0,0,1,1
pair-19-case-246,Kubernetes Lease,holder-state-recode,chain3,4,0,0,0,1,0,0,0,1,1
pair-19-case-247,Kubernetes Lease,holder-state-recode,chain3,4,0,1,0,1,0,0,0,1,1
pair-19-case-248,Kubernetes Lease,holder-state-recode,chain3,4,0,0,0,1,1,0,0,1,1
pair-19-case-249,Kubernetes Lease,holder-state-recode,chain3,4,0,0,0,1,0,0,0,1,1
pair-19-case-250,Kubernetes Lease,holder-state-recode,chain3,4,0,3,0,1,0,0,0,1,1
pair-19-case-251,Kubernetes Lease,holder-state-recode,chain3,4,0,0,0,1,0,0,0,1,1
pair-19-case-252,Kubernetes Lease,holder-state-recode,chain3,2,0,0,0,1,1,0,0,1,1
pair-19-case-253,Kubernetes Lease,holder-state-recode,chain3,4,0,0,0,1,0,0,0,1,1
pair-19-case-254,Kubernetes Lease,holder-state-recode,chain3,4,0,0,0,1,0,0,0,1,1
pair-19-case-255,Kubernetes Lease,holder-state-recode,chain3,4,0,0,0,1,0,0,0,1,1
pair-19-case-256,Kubernetes Lease,holder-state-recode,chain3,4,0,0,0,1,0,0,0,1,1
pair-19-case-257,Kubernetes Lease,holder-state-recode,chain3,4,0,0,0,1,0,0,0,1,1
pair-19-case-258,Kubernetes Lease,holder-state-recode,chain3,4,0,0,0,1,0,0,0,1,1
pair-19-case-259,Kubernetes Lease,holder-state-recode,chain3,4,0,0,0,1,0,0,0,1,1
pair-19-case-260,Kubernetes Lease,holder-state-recode,chain3,4,0,0,0,1,0,0,0,1,1
pair-19-case-261,Kubernetes Lease,holder-state-recode,chain3,4,0,1,0,1,1,0,0,1,1
pair-19-case-262,Kubernetes Lease,holder-state-recode,chain3,4,0,0,0,1,0,0,0,1,1
pair-19-case-263,Kubernetes Lease,holder-state-recode,chain3,4,0,0,0,1,0,0,0,1,1
pair-19-case-264,Kubernetes Lease,holder-state-recode,chain3,3,0,0,0,1,0,0,0,1,1
pair-19-case-265,Kubernetes Lease,holder-state-recode,chain3,3,0,0,0,1,0,0,0,1,1
pair-19-case-266,Kubernetes Lease,holder-state-recode,chain3,4,0,0,0,1,0,0,0,1,1
pair-19-case-267,Kubernetes Lease,holder-state-recode,chain3,4,0,0,0,1,0,0,0,1,1
pair-19-case-268,Kubernetes Lease,holder-state-recode,chain3,3,0,0,0,1,0,0,0,1,1
pair-19-case-269,Kubernetes Lease,holder-state-recode,chain3,3,0,3,0,1,1,0,1,1,1
pair-19-case-270,Kubernetes Lease,holder-state-recode,chain3,4,0,0,0,1,0,0,0,1,1
pair-19-case-271,Kubernetes Lease,holder-state-recode,chain3,4,0,0,0,1,0,0,0,1,1
pair-19-case-272,Kubernetes Lease,holder-state-recode,chain3,4,0,0,0,1,0,0,0,1,1
pair-19-case-273,Kubernetes Lease,holder-state-recode,chain3,4,0,0,0,1,0,0,0,1,1
pair-19-case-274,Kubernetes Lease,holder-state-recode,chain3,4,0,0,0,1,0,0,0,1,1
pair-19-case-275,Kubernetes Lease,holder-state-recode,chain3,4,0,0,0,1,0,0,0,1,1
pair-19-case-276,Kubernetes Lease,holder-state-recode,chain3,4,0,0,0,1,0,0,0,1,1
pair-19-case-277,Kubernetes Lease,holder-state-recode,chain3,4,0,0,0,1,0,0,0,1,1
pair-19-case-278,Kubernetes Lease,holder-state-recode,chain3,4,0,0,0,1,0,0,0,1,1
pair-19-case-279,Kubernetes Lease,holder-state-recode,chain3,4,0,0,0,1,1,0,0,1,1
pair-19-case-280,Kubernetes Lease,holder-state-recode,chain3,4,0,0,0,1,0,0,0,1,1
pair-19-case-281,Kubernetes Lease,holder-state-recode,chain3,4,0,0,0,1,0,0,0,1,1
pair-19-case-282,Kubernetes Lease,holder-state-recode,chain3,4,0,0,0,1,1,0,0,1,1
pair-19-case-283,Kubernetes Lease,holder-state-recode,chain3,4,0,3,0,1,0,0,0,1,1
pair-19-case-284,Kubernetes Lease,holder-state-recode,chain3,4,0,0,0,1,0,0,0,1,1
pair-19-case-285,Kubernetes Lease,holder-state-recode,chain3,4,0,0,0,1,0,0,0,1,1
pair-19-case-286,Kubernetes Lease,holder-state-recode,chain3,4,0,0,0,1,0,0,0,1,1
pair-19-case-287,Kubernetes Lease,holder-state-recode,chain3,4,0,0,0,1,0,0,0,1,1
pair-19-case-288,Kubernetes Lease,holder-state-recode,chain3,4,0,0,0,1,0,0,0,1,1
pair-19-case-289,Kubernetes Lease,holder-state-recode,chain3,3,0,6,0,1,1,0,0,1,1
pair-19-case-290,Kubernetes Lease,holder-state-recode,chain3,4,0,0,0,1,0,0,0,1,1
pair-19-case-291,Kubernetes Lease,holder-state-recode,chain3,4,0,0,0,1,1,0,0,1,1
pair-19-case-292,Kubernetes Lease,holder-state-recode,chain3,3,0,0,0,1,1,0,0,1,1
pair-19-case-293,Kubernetes Lease,holder-state-recode,chain3,4,0,0,0,1,0,0,0,1,1
pair-19-case-294,Kubernetes Lease,holder-state-recode,chain3,4,0,0,0,1,1,0,0,1,1
pair-19-case-295,Kubernetes Lease,holder-state-recode,chain3,3,0,1,0,1,0,0,0,1,1
pair-19-case-296,Kubernetes Lease,holder-state-recode,chain3,4,0,3,0,1,0,0,0,1,1
pair-19-case-297,Kubernetes Lease,holder-state-recode,chain3,4,0,0,0,1,0,0,0,1,1
pair-19-case-298,Kubernetes Lease,holder-state-recode,chain3,4,0,0,0,1,0,0,0,1,1
pair-19-case-299,Kubernetes Lease,holder-state-recode,chain3,2,0,0,0,1,1,1,0,1,1
pair-19-case-300,Kubernetes Lease,holder-state-recode,chain3,4,0,0,0,1,0,0,0,1,1
pair-19-case-301,Kubernetes Lease,holder-state-recode,chain3,4,0,0,0,1,1,0,0,1,1
pair-19-case-302,Kubernetes Lease,holder-state-recode,chain3,4,0,0,0,1,0,0,0,1,1
pair-19-case-303,Kubernetes Lease,holder-state-recode,chain3,3,0,0,0,1,0,0,0,1,1
pair-19-case-304,Kubernetes Lease,holder-state-recode,chain3,4,0,0,0,1,0,0,0,1,1
pair-19-case-305,Kubernetes Lease,holder-state-recode,chain3,3,0,0,0,1,0,0,0,1,1
pair-19-case-306,Kubernetes Lease,holder-state-recode,chain3,4,0,0,0,1,0,0,0,1,1
pair-19-case-307,Kubernetes Lease,holder-state-recode,chain3,3,0,0,0,1,1,0,0,1,1
pair-19-case-308,Kubernetes Lease,holder-state-recode,chain3,4,0,0,0,1,0,0,0,1,1
pair-19-case-309,Kubernetes Lease,holder-state-recode,chain3,3,0,0,0,1,0,0,0,1,1
pair-19-case-310,Kubernetes Lease,holder-state-recode,chain3,4,0,0,0,1,0,0,0,1,1
pair-19-case-311,Kubernetes Lease,holder-state-recode,chain3,4,0,0,0,1,0,0,0,1,1
pair-19-case-312,Kubernetes Lease,holder-state-recode,chain3,4,0,0,0,1,0,0,0,1,1
pair-19-case-313,Kubernetes Lease,holder-state-recode,chain3,4,0,0,0,1,0,0,0,1,1
pair-19-case-314,Kubernetes Lease,holder-state-recode,chain3,4,0,0,0,1,1,0,0,1,1
pair-19-case-315,Kubernetes Lease,holder-state-recode,chain3,4,0,0,0,1,0,0,0,1,1
pair-19-case-316,Kubernetes Lease,holder-state-recode,chain3,4,0,0,0,1,1,0,0,1,1
pair-19-case-317,Kubernetes Lease,holder-state-recode,chain3,3,0,0,0,1,0,0,0,1,1
pair-19-case-318,Kubernetes Lease,holder-state-recode,chain3,4,0,2,0,1,1,0,1,1,1
pair-19-case-319,Kubernetes Lease,holder-state-recode,chain3,4,0,0,0,1,0,0,0,1,1
pair-19-case-320,Kubernetes Lease,holder-state-recode,chain3,4,0,0,0,1,0,0,0,1,1
pair-19-case-321,Kubernetes Lease,holder-state-recode,chain3,3,0,0,0,1,0,0,0,1,1
pair-19-case-322,Kubernetes Lease,holder-state-recode,chain3,4,0,0,0,1,0,0,0,1,1
pair-19-case-323,Kubernetes Lease,holder-state-recode,chain3,3,0,3,0,1,1,0,0,1,1
pair-19-case-324,Kubernetes Lease,holder-state-recode,chain3,4,0,0,0,1,0,0,0,1,1
pair-19-case-325,Kubernetes Lease,holder-state-recode,chain3,2,0,0,0,1,1,0,0,1,1
pair-19-case-326,Kubernetes Lease,holder-state-recode,chain3,2,0,0,0,1,0,0,0,1,1
pair-19-case-327,Kubernetes Lease,holder-state-recode,chain3,4,0,0,0,1,1,0,0,1,1
pair-19-case-328,Kubernetes Lease,holder-state-recode,chain3,4,0,3,0,1,0,0,1,1,1
pair-19-case-329,Kubernetes Lease,holder-state-recode,chain3,4,0,0,0,1,0,0,0,1,1
pair-19-case-330,Kubernetes Lease,holder-state-recode,chain3,4,0,0,0,1,0,0,0,1,1
pair-19-case-331,Kubernetes Lease,holder-state-recode,chain3,4,0,2,0,1,0,0,0,1,1
pair-19-case-332,Kubernetes Lease,holder-state-recode,chain3,2,0,0,0,1,1,1,0,1,1
pair-19-case-333,Kubernetes Lease,holder-state-recode,chain3,3,0,0,0,1,1,0,0,1,1
pair-19-case-334,Kubernetes Lease,holder-state-recode,chain3,4,0,0,0,1,0,0,0,1,1
pair-19-case-335,Kubernetes Lease,holder-state-recode,chain3,4,0,0,0,1,1,0,0,1,1
pair-19-case-336,Kubernetes Lease,holder-state-recode,chain3,3,0,3,0,1,0,0,1,1,1
pair-19-case-337,Kubernetes Lease,holder-state-recode,chain3,4,0,1,0,1,1,0,0,1,1
pair-19-case-338,Kubernetes Lease,holder-state-recode,chain3,2,0,0,0,1,1,1,0,1,1
pair-19-case-339,Kubernetes Lease,holder-state-recode,chain3,4,0,0,0,1,0,0,0,1,1
pair-19-case-340,Kubernetes Lease,holder-state-recode,chain3,4,0,0,0,1,0,0,0,1,1
pair-19-case-341,Kubernetes Lease,holder-state-recode,chain3,4,0,0,0,1,1,0,0,1,1
pair-19-case-342,Kubernetes Lease,holder-state-recode,chain3,4,0,0,0,1,0,0,0,1,1
pair-19-case-343,Kubernetes Lease,holder-state-recode,chain3,4,0,0,0,1,0,0,0,1,1
pair-19-case-344,Kubernetes Lease,holder-state-recode,chain3,4,0,0,0,1,0,0,0,1,1
pair-19-case-345,Kubernetes Lease,holder-state-recode,chain3,4,0,0,0,1,0,0,0,1,1
pair-19-case-346,Kubernetes Lease,holder-state-recode,chain3,4,0,0,0,1,0,0,0,1,1
pair-19-case-347,Kubernetes Lease,holder-state-recode,chain3,4,0,0,0,1,0,0,0,1,1
pair-19-case-348,Kubernetes Lease,holder-state-recode,chain3,4,0,0,0,1,0,0,0,1,1
pair-19-case-349,Kubernetes Lease,holder-state-recode,chain3,4,0,0,0,1,1,0,0,1,1
pair-19-case-350,Kubernetes Lease,holder-state-recode,chain3,4,0,0,0,1,0,0,0,1,1
pair-19-case-351,Kubernetes Lease,holder-state-recode,chain3,4,0,0,0,1,0,0,0,1,1
pair-19-case-352,Kubernetes Lease,holder-state-recode,chain3,4,0,0,0,1,0,0,0,1,1
pair-19-case-353,Kubernetes Lease,holder-state-recode,chain3,4,0,0,0,1,0,0,0,1,1
pair-19-case-354,Kubernetes Lease,holder-state-recode,chain3,4,0,0,0,1,0,0,0,1,1
pair-19-case-355,Kubernetes Lease,holder-state-recode,chain3,4,0,0,0,1,0,0,0,1,1
pair-19-case-356,Kubernetes Lease,holder-state-recode,chain3,4,0,0,0,1,0,0,0,1,1
pair-19-case-357,Kubernetes Lease,holder-state-recode,chain3,4,0,0,0,1,1,0,0,1,1
pair-19-case-358,Kubernetes Lease,holder-state-recode,chain3,3,0,3,0,1,1,0,0,1,1
pair-19-case-359,Kubernetes Lease,holder-state-recode,chain3,4,0,0,0,1,0,0,0,1,1
pair-19-case-360,Kubernetes Lease,holder-state-recode,chain3,4,0,0,0,1,0,0,0,1,1
pair-19-case-361,Kubernetes Lease,holder-state-recode,chain3,4,0,0,0,1,0,0,0,1,1
pair-19-case-362,Kubernetes Lease,holder-state-recode,chain3,4,0,0,0,1,0,0,0,1,1
pair-19-case-363,Kubernetes Lease,holder-state-recode,chain3,3,0,0,0,1,1,0,0,1,1
pair-19-case-364,Kubernetes Lease,holder-state-recode,chain3,4,0,0,0,1,0,0,0,1,1
pair-19-case-365,Kubernetes Lease,holder-state-recode,chain3,4,0,0,0,1,0,0,0,1,1
pair-19-case-366,Kubernetes Lease,holder-state-recode,chain3,4,0,0,0,1,0,0,0,1,1
pair-19-case-367,Kubernetes Lease,holder-state-recode,chain3,3,0,0,0,1,1,0,0,1,1
pair-19-case-368,Kubernetes Lease,holder-state-recode,chain3,4,0,0,0,1,1,0,0,1,1
pair-19-case-369,Kubernetes Lease,holder-state-recode,chain3,4,0,0,0,1,1,0,0,1,1
pair-19-case-370,Kubernetes Lease,holder-state-recode,chain3,4,0,0,0,1,0,0,0,1,1
pair-19-case-371,Kubernetes Lease,holder-state-recode,chain3,4,0,0,0,1,0,0,0,1,1
pair-19-case-372,Kubernetes Lease,holder-state-recode,chain3,4,0,0,0,1,0,0,0,1,1
pair-19-case-373,Kubernetes Lease,holder-state-recode,chain3,2,0,0,0,1,1,1,0,1,1
pair-19-case-374,Kubernetes Lease,holder-state-recode,chain3,4,0,0,0,1,0,0,0,1,1
pair-19-case-375,Kubernetes Lease,holder-state-recode,chain3,4,0,0,0,1,1,0,0,1,1
pair-19-case-376,Kubernetes Lease,holder-state-recode,chain3,4,0,0,0,1,0,0,0,1,1
pair-19-case-377,Kubernetes Lease,holder-state-recode,chain3,4,0,0,0,1,0,0,0,1,1
pair-19-case-378,Kubernetes Lease,holder-state-recode,chain3,4,0,0,0,1,0,0,0,1,1
pair-19-case-379,Kubernetes Lease,holder-state-recode,chain3,3,0,0,0,1,0,0,0,1,1
pair-19-case-380,Kubernetes Lease,holder-state-recode,chain3,4,0,0,0,1,1,1,0,1,1
pair-19-case-381,Kubernetes Lease,holder-state-recode,chain3,4,0,0,0,1,0,0,0,1,1
pair-19-case-382,Kubernetes Lease,holder-state-recode,chain3,4,0,0,0,1,0,0,0,1,1
pair-19-case-383,Kubernetes Lease,holder-state-recode,chain3,4,0,0,0,1,0,0,0,1,1
pair-19-case-384,Kubernetes Lease,holder-state-recode,chain3,4,0,0,0,1,0,0,0,1,1
pair-19-case-385,Kubernetes Lease,holder-state-recode,chain3,4,0,0,0,1,0,0,0,1,1
pair-19-case-386,Kubernetes Lease,holder-state-recode,chain3,4,0,0,0,1,1,0,0,1,1
pair-19-case-387,Kubernetes Lease,holder-state-recode,chain3,4,0,0,0,1,0,0,0,1,1
pair-19-case-388,Kubernetes Lease,holder-state-recode,chain3,4,0,0,0,1,0,0,0,1,1
pair-19-case-389,Kubernetes Lease,holder-state-recode,chain3,3,0,0,0,1,0,0,0,1,1
pair-19-case-390,Kubernetes Lease,holder-state-recode,chain3,4,0,0,0,1,1,0,0,1,1
pair-19-case-391,Kubernetes Lease,holder-state-recode,chain3,4,0,1,0,1,1,0,0,1,1
pair-19-case-392,Kubernetes Lease,holder-state-recode,chain3,4,0,0,0,1,0,0,0,1,1
pair-19-case-393,Kubernetes Lease,holder-state-recode,chain3,4,0,0,0,1,0,0,0,1,1
pair-19-case-394,Kubernetes Lease,holder-state-recode,chain3,4,0,0,0,1,0,0,0,1,1
pair-19-case-395,Kubernetes Lease,holder-state-recode,chain3,2,0,0,0,1,0,0,0,1,1
pair-19-case-396,Kubernetes Lease,holder-state-recode,chain3,3,0,0,0,1,0,0,0,1,1
pair-19-case-397,Kubernetes Lease,holder-state-recode,chain3,4,0,9,0,1,1,0,0,1,1
pair-19-case-398,Kubernetes Lease,holder-state-recode,chain3,4,0,0,0,1,0,0,0,1,1
pair-19-case-399,Kubernetes Lease,holder-state-recode,chain3,3,0,0,0,1,1,0,0,1,1
pair-19-case-400,Kubernetes Lease,holder-state-recode,chain3,4,0,0,0,1,0,0,0,1,1
pair-19-case-401,Kubernetes Lease,holder-state-recode,chain3,4,0,0,0,1,0,0,0,1,1
pair-19-case-402,Kubernetes Lease,holder-state-recode,chain3,4,0,0,0,1,0,0,0,1,1
pair-19-case-403,Kubernetes Lease,holder-state-recode,chain3,4,0,0,0,1,1,0,0,1,1
pair-19-case-404,Kubernetes Lease,holder-state-recode,chain3,4,0,0,0,1,0,0,0,1,1
pair-19-case-405,Kubernetes Lease,holder-state-recode,chain3,4,0,0,0,1,0,0,0,1,1
pair-19-case-406,Kubernetes Lease,holder-state-recode,chain3,4,0,1,0,1,0,0,1,1,1
pair-19-case-407,Kubernetes Lease,holder-state-recode,chain3,4,0,0,0,1,0,0,0,1,1
pair-19-case-408,Kubernetes Lease,holder-state-recode,chain3,4,0,0,0,1,0,0,0,1,1
pair-19-case-409,Kubernetes Lease,holder-state-recode,chain3,3,0,0,0,1,0,0,0,1,1
pair-19-case-410,Kubernetes Lease,holder-state-recode,chain3,4,0,0,0,1,1,0,0,1,1
pair-19-case-411,Kubernetes Lease,holder-state-recode,chain3,4,0,0,0,1,0,0,0,1,1
pair-19-case-412,Kubernetes Lease,holder-state-recode,chain3,3,0,0,0,1,0,0,0,1,1
pair-19-case-413,Kubernetes Lease,holder-state-recode,chain3,4,0,0,0,1,0,0,0,1,1
pair-19-case-414,Kubernetes Lease,holder-state-recode,chain3,4,0,0,0,1,1,0,0,1,1
pair-19-case-415,Kubernetes Lease,holder-state-recode,chain3,3,0,0,0,1,0,0,0,1,1
pair-19-case-416,Kubernetes Lease,holder-state-recode,chain3,4,0,0,0,1,0,0,0,1,1
pair-19-case-417,Kubernetes Lease,holder-state-recode,chain3,4,0,3,0,1,0,0,0,1,1
pair-19-case-418,Kubernetes Lease,holder-state-recode,chain3,4,0,0,0,1,0,0,0,1,1
pair-19-case-419,Kubernetes Lease,holder-state-recode,chain3,4,0,0,0,1,0,0,0,1,1
pair-19-case-420,Kubernetes Lease,holder-state-recode,chain3,4,0,2,0,1,0,0,1,1,1
pair-19-case-421,Kubernetes Lease,holder-state-recode,chain3,4,0,0,0,1,0,0,0,1,1
pair-19-case-422,Kubernetes Lease,holder-state-recode,chain3,4,0,0,0,1,1,0,0,1,1
pair-19-case-423,Kubernetes Lease,holder-state-recode,chain3,3,0,0,0,1,0,0,0,1,1
pair-19-case-424,Kubernetes Lease,holder-state-recode,chain3,4,0,0,0,1,0,0,0,1,1
pair-19-case-425,Kubernetes Lease,holder-state-recode,chain3,3,0,0,0,1,0,0,0,1,1
pair-19-case-426,Kubernetes Lease,holder-state-recode,chain3,4,0,0,0,1,0,0,0,1,1
pair-19-case-427,Kubernetes Lease,holder-state-recode,chain3,4,0,0,0,1,0,0,0,1,1
pair-19-case-428,Kubernetes Lease,holder-state-recode,chain3,4,0,0,0,1,0,0,0,1,1
pair-19-case-429,Kubernetes Lease,holder-state-recode,chain3,4,0,0,0,1,1,0,0,1,1
pair-19-case-430,Kubernetes Lease,holder-state-recode,chain3,4,0,0,0,1,0,0,0,1,1
pair-19-case-431,Kubernetes Lease,holder-state-recode,chain3,4,0,1,0,1,1,0,0,1,1
pair-19-case-432,Kubernetes Lease,holder-state-recode,chain3,4,0,0,0,1,1,0,0,1,1
pair-19-case-433,Kubernetes Lease,holder-state-recode,chain3,4,0,0,0,1,0,0,0,1,1
pair-19-case-434,Kubernetes Lease,holder-state-recode,chain3,4,0,0,0,1,1,0,0,1,1
pair-19-case-435,Kubernetes Lease,holder-state-recode,chain3,4,0,0,0,1,1,0,0,1,1
pair-19-case-436,Kubernetes Lease,holder-state-recode,chain3,4,0,0,0,1,0,0,0,1,1
pair-19-case-437,Kubernetes Lease,holder-state-recode,chain3,4,0,0,0,1,0,0,0,1,1
pair-19-case-438,Kubernetes Lease,holder-state-recode,chain3,4,0,0,0,1,0,0,0,1,1
pair-19-case-439,Kubernetes Lease,holder-state-recode,chain3,4,0,3,0,1,0,0,0,1,1
pair-19-case-440,Kubernetes Lease,holder-state-recode,chain3,4,0,0,0,1,0,0,0,1,1
pair-19-case-441,Kubernetes Lease,holder-state-recode,chain3,4,0,0,0,1,0,0,0,1,1
pair-19-case-442,Kubernetes Lease,holder-state-recode,chain3,4,0,0,0,1,0,0,0,1,1
pair-19-case-443,Kubernetes Lease,holder-state-recode,chain3,4,0,0,0,1,0,0,0,1,1
pair-19-case-444,Kubernetes Lease,holder-state-recode,chain3,4,0,0,0,1,0,0,0,1,1
pair-19-case-445,Kubernetes Lease,holder-state-recode,chain3,4,0,0,0,1,0,0,0,1,1
pair-19-case-446,Kubernetes Lease,holder-state-recode,chain3,3,0,0,0,1,1,1,0,1,1
pair-19-case-447,Kubernetes Lease,holder-state-recode,chain3,4,0,0,0,1,1,0,0,1,1
pair-19-case-448,Kubernetes Lease,holder-state-recode,chain3,3,0,0,0,1,0,0,0,1,1
pair-19-case-449,Kubernetes Lease,holder-state-recode,chain3,4,0,0,0,1,0,0,0,1,1
pair-19-case-450,Kubernetes Lease,holder-state-recode,chain3,4,0,0,0,1,0,0,0,1,1
pair-19-case-451,Kubernetes Lease,holder-state-recode,chain3,4,0,0,0,1,0,0,0,1,1
pair-19-case-452,Kubernetes Lease,holder-state-recode,chain3,4,0,3,0,1,0,0,0,1,1
pair-19-case-453,Kubernetes Lease,holder-state-recode,chain3,4,0,0,0,1,1,0,0,1,1
pair-19-case-454,Kubernetes Lease,holder-state-recode,chain3,4,0,1,0,1,0,0,0,1,1
pair-19-case-455,Kubernetes Lease,holder-state-recode,chain3,4,0,1,0,1,0,0,0,1,1
pair-19-case-456,Kubernetes Lease,holder-state-recode,chain3,3,0,0,0,1,1,0,0,1,1
pair-19-case-457,Kubernetes Lease,holder-state-recode,chain3,4,0,0,0,1,0,0,0,1,1
pair-19-case-458,Kubernetes Lease,holder-state-recode,chain3,4,0,0,0,1,0,0,0,1,1
pair-19-case-459,Kubernetes Lease,holder-state-recode,chain3,3,0,7,0,1,0,0,1,1,1
pair-19-case-460,Kubernetes Lease,holder-state-recode,chain3,4,0,1,0,1,0,0,1,1,1
pair-19-case-461,Kubernetes Lease,holder-state-recode,chain3,3,0,1,0,1,1,0,1,1,1
pair-19-case-462,Kubernetes Lease,holder-state-recode,chain3,4,0,3,0,1,1,0,0,1,1
pair-19-case-463,Kubernetes Lease,holder-state-recode,chain3,4,0,0,0,1,0,0,0,1,1
pair-19-case-464,Kubernetes Lease,holder-state-recode,chain3,4,0,1,0,1,0,0,1,1,1
pair-19-case-465,Kubernetes Lease,holder-state-recode,chain3,4,0,0,0,1,1,0,0,1,1
pair-19-case-466,Kubernetes Lease,holder-state-recode,chain3,4,0,0,0,1,0,0,0,1,1
pair-19-case-467,Kubernetes Lease,holder-state-recode,chain3,3,0,0,0,1,1,0,0,1,1
pair-19-case-468,Kubernetes Lease,holder-state-recode,chain3,4,0,0,0,1,1,0,0,1,1
pair-19-case-469,Kubernetes Lease,holder-state-recode,chain3,4,0,0,0,1,0,0,0,1,1
pair-19-case-470,Kubernetes Lease,holder-state-recode,chain3,4,0,1,0,1,0,0,0,1,1
pair-19-case-471,Kubernetes Lease,holder-state-recode,chain3,4,0,0,0,1,0,0,0,1,1
pair-19-case-472,Kubernetes Lease,holder-state-recode,chain3,4,0,0,0,1,0,0,0,1,1
pair-19-case-473,Kubernetes Lease,holder-state-recode,chain3,4,0,0,0,1,1,1,0,1,1
pair-19-case-474,Kubernetes Lease,holder-state-recode,chain3,3,0,3,0,1,0,0,1,1,1
pair-19-case-475,Kubernetes Lease,holder-state-recode,chain3,4,0,0,0,1,1,0,0,1,1
pair-19-case-476,Kubernetes Lease,holder-state-recode,chain3,4,0,1,0,1,0,0,0,1,1
pair-19-case-477,Kubernetes Lease,holder-state-recode,chain3,4,0,0,0,1,0,0,0,1,1
pair-19-case-478,Kubernetes Lease,holder-state-recode,chain3,4,0,0,0,1,1,0,0,1,1
pair-19-case-479,Kubernetes Lease,holder-state-recode,chain3,4,0,3,0,1,0,0,0,1,1
pair-19-case-480,Kubernetes Lease,holder-state-recode,chain3,4,0,0,0,1,0,0,0,1,1
pair-19-case-481,Kubernetes Lease,holder-state-recode,chain3,4,0,0,0,1,1,0,0,1,1
pair-19-case-482,Kubernetes Lease,holder-state-recode,chain3,4,0,1,0,1,0,0,1,1,1
pair-19-case-483,Kubernetes Lease,holder-state-recode,chain3,4,0,0,0,1,0,0,0,1,1
pair-19-case-484,Kubernetes Lease,holder-state-recode,chain3,3,0,0,0,1,0,0,0,1,1
pair-19-case-485,Kubernetes Lease,holder-state-recode,chain3,4,0,2,0,1,0,0,0,1,1
pair-19-case-486,Kubernetes Lease,holder-state-recode,chain3,4,0,0,0,1,1,1,0,1,1
pair-19-case-487,Kubernetes Lease,holder-state-recode,chain3,4,0,0,0,1,0,0,0,1,1
pair-19-case-488,Kubernetes Lease,holder-state-recode,chain3,4,0,0,0,1,1,0,0,1,1
pair-19-case-489,Kubernetes Lease,holder-state-recode,chain3,4,0,0,0,1,0,0,0,1,1
pair-19-case-490,Kubernetes Lease,holder-state-recode,chain3,4,0,0,0,1,0,0,0,1,1
pair-19-case-491,Kubernetes Lease,holder-state-recode,chain3,4,0,0,0,1,0,0,0,1,1
pair-19-case-492,Kubernetes Lease,holder-state-recode,chain3,4,0,0,0,1,0,0,0,1,1
pair-19-case-493,Kubernetes Lease,holder-state-recode,chain3,4,0,0,0,1,0,0,0,1,1
pair-19-case-494,Kubernetes Lease,holder-state-recode,chain3,4,0,0,0,1,0,0,0,1,1
pair-19-case-495,Kubernetes Lease,holder-state-recode,chain3,4,0,2,0,1,0,0,0,1,1
pair-19-case-496,Kubernetes Lease,holder-state-recode,chain3,4,0,3,0,1,0,0,0,1,1
pair-19-case-497,Kubernetes Lease,holder-state-recode,chain3,4,0,0,0,1,0,0,0,1,1
pair-19-case-498,Kubernetes Lease,holder-state-recode,chain3,4,0,0,0,1,1,0,0,1,1
pair-19-case-499,Kubernetes Lease,holder-state-recode,chain3,4,0,0,0,1,0,0,0,1,1
pair-20-case-000,Kubernetes Lease,partial-holder-migration,fanout4,1,0,27,0,1,1,1,0,1,1
pair-20-case-001,Kubernetes Lease,partial-holder-migration,fanout4,0,1,81,8,0,1,1,1,1,1
pair-20-case-002,Kubernetes Lease,partial-holder-migration,fanout4,1,0,0,0,1,0,0,0,1,1
pair-20-case-003,Kubernetes Lease,partial-holder-migration,fanout4,1,0,27,0,1,0,0,1,1,1
pair-20-case-004,Kubernetes Lease,partial-holder-migration,fanout4,1,0,0,0,1,1,1,0,1,1
pair-20-case-005,Kubernetes Lease,partial-holder-migration,fanout4,1,0,0,0,1,1,1,0,1,1
pair-20-case-006,Kubernetes Lease,partial-holder-migration,fanout4,1,0,27,0,1,1,0,1,1,1
pair-20-case-007,Kubernetes Lease,partial-holder-migration,fanout4,1,0,0,0,1,0,0,0,1,1
pair-20-case-008,Kubernetes Lease,partial-holder-migration,fanout4,1,0,27,0,1,0,0,1,1,1
pair-20-case-009,Kubernetes Lease,partial-holder-migration,fanout4,1,0,0,0,1,1,1,0,1,1
pair-20-case-010,Kubernetes Lease,partial-holder-migration,fanout4,1,0,0,0,1,1,1,0,1,1
pair-20-case-011,Kubernetes Lease,partial-holder-migration,fanout4,1,0,27,0,1,1,0,1,1,1
pair-20-case-012,Kubernetes Lease,partial-holder-migration,fanout4,1,0,0,0,1,0,0,0,1,1
pair-20-case-013,Kubernetes Lease,partial-holder-migration,fanout4,1,0,27,0,1,0,0,1,1,1
pair-20-case-014,Kubernetes Lease,partial-holder-migration,fanout4,1,0,27,0,1,1,1,0,1,1
pair-20-case-015,Kubernetes Lease,partial-holder-migration,fanout4,1,0,0,0,1,1,1,0,1,1
pair-20-case-016,Kubernetes Lease,partial-holder-migration,fanout4,1,0,0,0,1,1,1,0,1,1
pair-20-case-017,Kubernetes Lease,partial-holder-migration,fanout4,1,0,27,0,1,1,0,1,1,1
pair-20-case-018,Kubernetes Lease,partial-holder-migration,fanout4,1,0,0,0,1,0,0,0,1,1
pair-20-case-019,Kubernetes Lease,partial-holder-migration,fanout4,1,0,27,0,1,0,0,1,1,1
pair-20-case-020,Kubernetes Lease,partial-holder-migration,fanout4,1,0,27,0,1,1,1,0,1,1
pair-20-case-021,Kubernetes Lease,partial-holder-migration,fanout4,1,0,0,0,1,1,1,0,1,1
pair-20-case-022,Kubernetes Lease,partial-holder-migration,fanout4,1,0,0,0,1,1,1,0,1,1
pair-20-case-023,Kubernetes Lease,partial-holder-migration,fanout4,1,0,27,0,1,1,0,1,1,1
pair-20-case-024,Kubernetes Lease,partial-holder-migration,fanout4,1,1,63,8,0,1,0,1,1,1
pair-20-case-025,Kubernetes Lease,partial-holder-migration,fanout4,1,1,63,8,0,1,0,1,1,1
pair-20-case-026,Kubernetes Lease,partial-holder-migration,fanout4,1,1,63,8,0,1,0,1,1,1
pair-20-case-027,Kubernetes Lease,partial-holder-migration,fanout4,1,1,63,8,0,1,0,1,1,1
pair-20-case-028,Kubernetes Lease,partial-holder-migration,fanout4,1,1,63,8,0,1,0,1,1,1
pair-20-case-029,Kubernetes Lease,partial-holder-migration,fanout4,1,1,63,8,0,1,0,1,1,1
pair-20-case-030,Kubernetes Lease,partial-holder-migration,fanout4,1,1,63,8,0,1,0,1,1,1
pair-20-case-031,Kubernetes Lease,partial-holder-migration,fanout4,1,1,63,8,0,1,0,1,1,1
pair-20-case-032,Kubernetes Lease,partial-holder-migration,fanout4,2,1,51,8,0,1,0,1,1,1
pair-20-case-033,Kubernetes Lease,partial-holder-migration,fanout4,3,1,34,8,0,1,0,1,1,1
pair-20-case-034,Kubernetes Lease,partial-holder-migration,fanout4,4,1,29,8,0,1,0,1,1,1
pair-20-case-035,Kubernetes Lease,partial-holder-migration,fanout4,4,1,25,8,0,1,0,1,1,1
pair-20-case-036,Kubernetes Lease,partial-holder-migration,fanout4,2,1,49,8,0,1,0,1,1,1
pair-20-case-037,Kubernetes Lease,partial-holder-migration,fanout4,4,1,27,8,0,1,0,1,1,1
pair-20-case-038,Kubernetes Lease,partial-holder-migration,fanout4,2,1,49,8,0,1,0,1,1,1
pair-20-case-039,Kubernetes Lease,partial-holder-migration,fanout4,3,1,37,8,0,1,0,1,1,1
pair-20-case-040,Kubernetes Lease,partial-holder-migration,fanout4,2,1,45,8,0,1,0,1,1,1
pair-20-case-041,Kubernetes Lease,partial-holder-migration,fanout4,4,1,25,8,0,1,0,1,1,1
pair-20-case-042,Kubernetes Lease,partial-holder-migration,fanout4,3,1,45,8,0,1,0,1,1,1
pair-20-case-043,Kubernetes Lease,partial-holder-migration,fanout4,2,1,51,8,0,1,0,1,1,1
pair-20-case-044,Kubernetes Lease,partial-holder-migration,fanout4,4,1,37,8,0,1,0,1,1,1
pair-20-case-045,Kubernetes Lease,partial-holder-migration,fanout4,3,1,37,8,0,1,0,1,1,1
pair-20-case-046,Kubernetes Lease,partial-holder-migration,fanout4,2,1,45,8,0,1,0,1,1,1
pair-20-case-047,Kubernetes Lease,partial-holder-migration,fanout4,4,1,30,8,0,1,0,1,1,1
pair-20-case-048,Kubernetes Lease,partial-holder-migration,fanout4,4,1,31,8,0,1,0,1,1,1
pair-20-case-049,Kubernetes Lease,partial-holder-migration,fanout4,2,1,49,8,0,1,0,1,1,1
pair-20-case-050,Kubernetes Lease,partial-holder-migration,fanout4,3,1,39,8,0,1,0,1,1,1
pair-20-case-051,Kubernetes Lease,partial-holder-migration,fanout4,4,1,31,8,0,1,0,1,1,1
pair-20-case-052,Kubernetes Lease,partial-holder-migration,fanout4,4,1,26,8,0,1,0,1,1,1
pair-20-case-053,Kubernetes Lease,partial-holder-migration,fanout4,4,1,27,8,0,1,0,1,1,1
pair-20-case-054,Kubernetes Lease,partial-holder-migration,fanout4,3,1,31,8,0,1,0,1,1,1
pair-20-case-055,Kubernetes Lease,partial-holder-migration,fanout4,4,1,27,8,0,1,0,1,1,1
pair-20-case-056,Kubernetes Lease,partial-holder-migration,fanout4,3,1,39,8,0,1,0,1,1,1
pair-20-case-057,Kubernetes Lease,partial-holder-migration,fanout4,2,1,51,8,0,1,0,1,1,1
pair-20-case-058,Kubernetes Lease,partial-holder-migration,fanout4,2,1,45,8,0,1,0,1,1,1
pair-20-case-059,Kubernetes Lease,partial-holder-migration,fanout4,4,1,27,8,0,1,0,1,1,1
pair-20-case-060,Kubernetes Lease,partial-holder-migration,fanout4,4,1,26,8,0,1,0,1,1,1
pair-20-case-061,Kubernetes Lease,partial-holder-migration,fanout4,4,1,31,8,0,1,0,1,1,1
pair-20-case-062,Kubernetes Lease,partial-holder-migration,fanout4,4,1,26,8,0,1,0,1,1,1
pair-20-case-063,Kubernetes Lease,partial-holder-migration,fanout4,3,1,45,8,0,1,0,1,1,1
pair-20-case-064,Kubernetes Lease,partial-holder-migration,fanout4,2,1,45,8,0,1,0,1,1,1
pair-20-case-065,Kubernetes Lease,partial-holder-migration,fanout4,3,1,31,8,0,1,0,1,1,1
pair-20-case-066,Kubernetes Lease,partial-holder-migration,fanout4,2,1,49,8,0,1,0,1,1,1
pair-20-case-067,Kubernetes Lease,partial-holder-migration,fanout4,4,1,20,8,0,1,0,1,1,1
pair-20-case-068,Kubernetes Lease,partial-holder-migration,fanout4,4,1,20,8,0,1,0,1,1,1
pair-20-case-069,Kubernetes Lease,partial-holder-migration,fanout4,4,1,37,8,0,1,0,1,1,1
pair-20-case-070,Kubernetes Lease,partial-holder-migration,fanout4,2,1,49,8,0,1,0,1,1,1
pair-20-case-071,Kubernetes Lease,partial-holder-migration,fanout4,4,1,33,8,0,1,0,1,1,1
pair-20-case-072,Kubernetes Lease,partial-holder-migration,fanout4,2,1,57,8,0,1,0,1,1,1
pair-20-case-073,Kubernetes Lease,partial-holder-migration,fanout4,3,1,45,8,0,1,0,1,1,1
pair-20-case-074,Kubernetes Lease,partial-holder-migration,fanout4,4,1,25,8,0,1,0,1,1,1
pair-20-case-075,Kubernetes Lease,partial-holder-migration,fanout4,2,1,51,8,0,1,0,1,1,1
pair-20-case-076,Kubernetes Lease,partial-holder-migration,fanout4,4,1,29,8,0,1,0,1,1,1
pair-20-case-077,Kubernetes Lease,partial-holder-migration,fanout4,4,1,29,8,0,1,0,1,1,1
pair-20-case-078,Kubernetes Lease,partial-holder-migration,fanout4,4,1,29,8,0,1,0,1,1,1
pair-20-case-079,Kubernetes Lease,partial-holder-migration,fanout4,4,1,31,8,0,1,0,1,1,1
pair-20-case-080,Kubernetes Lease,partial-holder-migration,fanout4,4,1,26,8,0,1,0,1,1,1
pair-20-case-081,Kubernetes Lease,partial-holder-migration,fanout4,4,1,25,8,0,1,0,1,1,1
pair-20-case-082,Kubernetes Lease,partial-holder-migration,fanout4,4,1,23,8,0,1,0,1,1,1
pair-20-case-083,Kubernetes Lease,partial-holder-migration,fanout4,3,1,35,8,0,1,0,1,1,1
pair-20-case-084,Kubernetes Lease,partial-holder-migration,fanout4,4,1,27,8,0,1,0,1,1,1
pair-20-case-085,Kubernetes Lease,partial-holder-migration,fanout4,4,1,23,8,0,1,0,1,1,1
pair-20-case-086,Kubernetes Lease,partial-holder-migration,fanout4,3,1,39,8,0,1,0,1,1,1
pair-20-case-087,Kubernetes Lease,partial-holder-migration,fanout4,2,1,45,8,0,1,0,1,1,1
pair-20-case-088,Kubernetes Lease,partial-holder-migration,fanout4,3,1,41,8,0,1,0,1,1,1
pair-20-case-089,Kubernetes Lease,partial-holder-migration,fanout4,2,1,45,8,0,1,0,1,1,1
pair-20-case-090,Kubernetes Lease,partial-holder-migration,fanout4,2,1,45,8,0,1,0,1,1,1
pair-20-case-091,Kubernetes Lease,partial-holder-migration,fanout4,4,1,25,8,0,1,0,1,1,1
pair-20-case-092,Kubernetes Lease,partial-holder-migration,fanout4,3,1,45,8,0,1,0,1,1,1
pair-20-case-093,Kubernetes Lease,partial-holder-migration,fanout4,2,1,49,8,0,1,0,1,1,1
pair-20-case-094,Kubernetes Lease,partial-holder-migration,fanout4,3,1,31,8,0,1,0,1,1,1
pair-20-case-095,Kubernetes Lease,partial-holder-migration,fanout4,4,1,27,8,0,1,0,1,1,1
pair-20-case-096,Kubernetes Lease,partial-holder-migration,fanout4,2,1,51,8,0,1,0,1,1,1
pair-20-case-097,Kubernetes Lease,partial-holder-migration,fanout4,4,1,27,8,0,1,0,1,1,1
pair-20-case-098,Kubernetes Lease,partial-holder-migration,fanout4,4,1,26,8,0,1,0,1,1,1
pair-20-case-099,Kubernetes Lease,partial-holder-migration,fanout4,3,1,39,8,0,1,0,1,1,1
pair-20-case-100,Kubernetes Lease,partial-holder-migration,fanout4,4,1,31,8,0,1,0,1,1,1
pair-20-case-101,Kubernetes Lease,partial-holder-migration,fanout4,3,1,39,8,0,1,0,1,1,1
pair-20-case-102,Kubernetes Lease,partial-holder-migration,fanout4,4,1,35,8,0,1,0,1,1,1
pair-20-case-103,Kubernetes Lease,partial-holder-migration,fanout4,4,1,31,8,0,1,0,1,1,1
pair-20-case-104,Kubernetes Lease,partial-holder-migration,fanout4,3,1,36,8,0,1,0,1,1,1
pair-20-case-105,Kubernetes Lease,partial-holder-migration,fanout4,3,1,34,8,0,1,0,1,1,1
pair-20-case-106,Kubernetes Lease,partial-holder-migration,fanout4,4,1,29,8,0,1,0,1,1,1
pair-20-case-107,Kubernetes Lease,partial-holder-migration,fanout4,4,1,30,8,0,1,0,1,1,1
pair-20-case-108,Kubernetes Lease,partial-holder-migration,fanout4,4,1,23,8,0,1,0,1,1,1
pair-20-case-109,Kubernetes Lease,partial-holder-migration,fanout4,4,1,21,8,0,1,0,1,1,1
pair-20-case-110,Kubernetes Lease,partial-holder-migration,fanout4,2,1,45,8,0,1,0,1,1,1
pair-20-case-111,Kubernetes Lease,partial-holder-migration,fanout4,2,1,45,8,0,1,0,1,1,1
pair-20-case-112,Kubernetes Lease,partial-holder-migration,fanout4,2,1,49,8,0,1,0,1,1,1
pair-20-case-113,Kubernetes Lease,partial-holder-migration,fanout4,3,1,41,8,0,1,0,1,1,1
pair-20-case-114,Kubernetes Lease,partial-holder-migration,fanout4,3,1,33,8,0,1,0,1,1,1
pair-20-case-115,Kubernetes Lease,partial-holder-migration,fanout4,2,1,51,8,0,1,0,1,1,1
pair-20-case-116,Kubernetes Lease,partial-holder-migration,fanout4,4,1,27,8,0,1,0,1,1,1
pair-20-case-117,Kubernetes Lease,partial-holder-migration,fanout4,3,1,37,8,0,1,0,1,1,1
pair-20-case-118,Kubernetes Lease,partial-holder-migration,fanout4,4,1,29,8,0,1,0,1,1,1
pair-20-case-119,Kubernetes Lease,partial-holder-migration,fanout4,3,1,31,8,0,1,0,1,1,1
pair-20-case-120,Kubernetes Lease,partial-holder-migration,fanout4,4,1,35,8,0,1,0,1,1,1
pair-20-case-121,Kubernetes Lease,partial-holder-migration,fanout4,4,1,27,8,0,1,0,1,1,1
pair-20-case-122,Kubernetes Lease,partial-holder-migration,fanout4,3,1,35,8,0,1,0,1,1,1
pair-20-case-123,Kubernetes Lease,partial-holder-migration,fanout4,4,1,31,8,0,1,0,1,1,1
pair-20-case-124,Kubernetes Lease,partial-holder-migration,fanout4,3,1,34,8,0,1,0,1,1,1
pair-20-case-125,Kubernetes Lease,partial-holder-migration,fanout4,4,1,27,8,0,1,0,1,1,1
pair-20-case-126,Kubernetes Lease,partial-holder-migration,fanout4,4,1,27,8,0,1,0,1,1,1
pair-20-case-127,Kubernetes Lease,partial-holder-migration,fanout4,4,1,31,8,0,1,0,1,1,1
pair-20-case-128,Kubernetes Lease,partial-holder-migration,fanout4,3,0,0,0,1,0,0,0,1,1
pair-20-case-129,Kubernetes Lease,partial-holder-migration,fanout4,4,0,0,0,1,1,0,0,1,1
pair-20-case-130,Kubernetes Lease,partial-holder-migration,fanout4,4,0,0,0,1,0,0,0,1,1
pair-20-case-131,Kubernetes Lease,partial-holder-migration,fanout4,4,0,0,0,1,0,0,0,1,1
pair-20-case-132,Kubernetes Lease,partial-holder-migration,fanout4,4,0,15,0,1,1,0,1,1,1
pair-20-case-133,Kubernetes Lease,partial-holder-migration,fanout4,4,0,0,0,1,1,0,0,1,1
pair-20-case-134,Kubernetes Lease,partial-holder-migration,fanout4,3,0,0,0,1,0,0,0,1,1
pair-20-case-135,Kubernetes Lease,partial-holder-migration,fanout4,4,0,0,0,1,0,0,0,1,1
pair-20-case-136,Kubernetes Lease,partial-holder-migration,fanout4,4,0,3,0,1,0,0,1,1,1
pair-20-case-137,Kubernetes Lease,partial-holder-migration,fanout4,4,0,0,0,1,1,0,0,1,1
pair-20-case-138,Kubernetes Lease,partial-holder-migration,fanout4,4,0,9,0,1,1,0,0,1,1
pair-20-case-139,Kubernetes Lease,partial-holder-migration,fanout4,4,0,0,0,1,1,0,0,1,1
pair-20-case-140,Kubernetes Lease,partial-holder-migration,fanout4,3,0,0,0,1,1,0,0,1,1
pair-20-case-141,Kubernetes Lease,partial-holder-migration,fanout4,4,0,0,0,1,1,0,0,1,1
pair-20-case-142,Kubernetes Lease,partial-holder-migration,fanout4,4,0,0,0,1,0,0,0,1,1
pair-20-case-143,Kubernetes Lease,partial-holder-migration,fanout4,3,0,0,0,1,0,0,0,1,1
pair-20-case-144,Kubernetes Lease,partial-holder-migration,fanout4,4,0,0,0,1,0,0,0,1,1
pair-20-case-145,Kubernetes Lease,partial-holder-migration,fanout4,4,0,0,0,1,1,0,0,1,1
pair-20-case-146,Kubernetes Lease,partial-holder-migration,fanout4,4,0,0,0,1,0,0,0,1,1
pair-20-case-147,Kubernetes Lease,partial-holder-migration,fanout4,4,0,0,0,1,0,0,0,1,1
pair-20-case-148,Kubernetes Lease,partial-holder-migration,fanout4,4,0,0,0,1,0,0,0,1,1
pair-20-case-149,Kubernetes Lease,partial-holder-migration,fanout4,4,0,0,0,1,1,0,0,1,1
pair-20-case-150,Kubernetes Lease,partial-holder-migration,fanout4,4,0,0,0,1,1,0,0,1,1
pair-20-case-151,Kubernetes Lease,partial-holder-migration,fanout4,4,0,0,0,1,0,0,0,1,1
pair-20-case-152,Kubernetes Lease,partial-holder-migration,fanout4,3,0,0,0,1,0,0,0,1,1
pair-20-case-153,Kubernetes Lease,partial-holder-migration,fanout4,4,0,9,0,1,0,0,1,1,1
pair-20-case-154,Kubernetes Lease,partial-holder-migration,fanout4,4,0,0,0,1,0,0,0,1,1
pair-20-case-155,Kubernetes Lease,partial-holder-migration,fanout4,3,0,9,0,1,1,0,0,1,1
pair-20-case-156,Kubernetes Lease,partial-holder-migration,fanout4,4,0,3,0,1,0,0,0,1,1
pair-20-case-157,Kubernetes Lease,partial-holder-migration,fanout4,4,0,0,0,1,1,0,0,1,1
pair-20-case-158,Kubernetes Lease,partial-holder-migration,fanout4,4,0,6,0,1,0,0,0,1,1
pair-20-case-159,Kubernetes Lease,partial-holder-migration,fanout4,4,0,0,0,1,1,0,0,1,1
pair-20-case-160,Kubernetes Lease,partial-holder-migration,fanout4,3,0,0,0,1,0,0,0,1,1
pair-20-case-161,Kubernetes Lease,partial-holder-migration,fanout4,4,0,0,0,1,0,0,0,1,1
pair-20-case-162,Kubernetes Lease,partial-holder-migration,fanout4,4,0,0,0,1,0,0,0,1,1
pair-20-case-163,Kubernetes Lease,partial-holder-migration,fanout4,4,0,0,0,1,0,0,0,1,1
pair-20-case-164,Kubernetes Lease,partial-holder-migration,fanout4,4,0,6,0,1,1,0,0,1,1
pair-20-case-165,Kubernetes Lease,partial-holder-migration,fanout4,4,0,0,0,1,0,0,0,1,1
pair-20-case-166,Kubernetes Lease,partial-holder-migration,fanout4,4,0,0,0,1,0,0,0,1,1
pair-20-case-167,Kubernetes Lease,partial-holder-migration,fanout4,4,0,0,0,1,0,0,0,1,1
pair-20-case-168,Kubernetes Lease,partial-holder-migration,fanout4,4,0,0,0,1,0,0,0,1,1
pair-20-case-169,Kubernetes Lease,partial-holder-migration,fanout4,3,0,0,0,1,0,0,0,1,1
pair-20-case-170,Kubernetes Lease,partial-holder-migration,fanout4,4,0,0,0,1,0,0,0,1,1
pair-20-case-171,Kubernetes Lease,partial-holder-migration,fanout4,4,0,0,0,1,0,0,0,1,1
pair-20-case-172,Kubernetes Lease,partial-holder-migration,fanout4,4,0,0,0,1,1,0,0,1,1
pair-20-case-173,Kubernetes Lease,partial-holder-migration,fanout4,4,0,0,0,1,0,0,0,1,1
pair-20-case-174,Kubernetes Lease,partial-holder-migration,fanout4,4,0,0,0,1,1,0,0,1,1
pair-20-case-175,Kubernetes Lease,partial-holder-migration,fanout4,4,0,0,0,1,1,0,0,1,1
pair-20-case-176,Kubernetes Lease,partial-holder-migration,fanout4,4,0,0,0,1,0,0,0,1,1
pair-20-case-177,Kubernetes Lease,partial-holder-migration,fanout4,3,0,0,0,1,0,0,0,1,1
pair-20-case-178,Kubernetes Lease,partial-holder-migration,fanout4,4,0,0,0,1,0,0,0,1,1
pair-20-case-179,Kubernetes Lease,partial-holder-migration,fanout4,3,0,3,0,1,0,0,0,1,1
pair-20-case-180,Kubernetes Lease,partial-holder-migration,fanout4,4,0,0,0,1,0,0,0,1,1
pair-20-case-181,Kubernetes Lease,partial-holder-migration,fanout4,4,0,0,0,1,0,0,0,1,1
pair-20-case-182,Kubernetes Lease,partial-holder-migration,fanout4,4,0,0,0,1,0,0,0,1,1
pair-20-case-183,Kubernetes Lease,partial-holder-migration,fanout4,4,0,0,0,1,0,0,0,1,1
pair-20-case-184,Kubernetes Lease,partial-holder-migration,fanout4,4,0,0,0,1,1,0,0,1,1
pair-20-case-185,Kubernetes Lease,partial-holder-migration,fanout4,4,0,3,0,1,1,0,0,1,1
pair-20-case-186,Kubernetes Lease,partial-holder-migration,fanout4,4,0,0,0,1,1,0,0,1,1
pair-20-case-187,Kubernetes Lease,partial-holder-migration,fanout4,3,0,0,0,1,0,0,0,1,1
pair-20-case-188,Kubernetes Lease,partial-holder-migration,fanout4,4,0,0,0,1,0,0,0,1,1
pair-20-case-189,Kubernetes Lease,partial-holder-migration,fanout4,3,0,0,0,1,1,0,0,1,1
pair-20-case-190,Kubernetes Lease,partial-holder-migration,fanout4,4,0,0,0,1,0,0,0,1,1
pair-20-case-191,Kubernetes Lease,partial-holder-migration,fanout4,4,0,0,0,1,0,0,0,1,1
pair-20-case-192,Kubernetes Lease,partial-holder-migration,fanout4,3,0,0,0,1,0,0,0,1,1
pair-20-case-193,Kubernetes Lease,partial-holder-migration,fanout4,4,0,0,0,1,0,0,0,1,1
pair-20-case-194,Kubernetes Lease,partial-holder-migration,fanout4,4,0,0,0,1,1,0,0,1,1
pair-20-case-195,Kubernetes Lease,partial-holder-migration,fanout4,4,0,0,0,1,0,0,0,1,1
pair-20-case-196,Kubernetes Lease,partial-holder-migration,fanout4,4,0,0,0,1,0,0,0,1,1
pair-20-case-197,Kubernetes Lease,partial-holder-migration,fanout4,3,0,12,0,1,1,0,1,1,1
pair-20-case-198,Kubernetes Lease,partial-holder-migration,fanout4,4,0,0,0,1,1,0,0,1,1
pair-20-case-199,Kubernetes Lease,partial-holder-migration,fanout4,4,0,8,0,1,1,0,1,1,1
pair-20-case-200,Kubernetes Lease,partial-holder-migration,fanout4,4,0,0,0,1,0,0,0,1,1
pair-20-case-201,Kubernetes Lease,partial-holder-migration,fanout4,4,0,0,0,1,1,0,0,1,1
pair-20-case-202,Kubernetes Lease,partial-holder-migration,fanout4,4,0,0,0,1,0,0,0,1,1
pair-20-case-203,Kubernetes Lease,partial-holder-migration,fanout4,4,0,0,0,1,0,0,0,1,1
pair-20-case-204,Kubernetes Lease,partial-holder-migration,fanout4,4,0,0,0,1,0,0,0,1,1
pair-20-case-205,Kubernetes Lease,partial-holder-migration,fanout4,4,0,0,0,1,0,0,0,1,1
pair-20-case-206,Kubernetes Lease,partial-holder-migration,fanout4,4,0,9,0,1,0,0,0,1,1
pair-20-case-207,Kubernetes Lease,partial-holder-migration,fanout4,4,0,0,0,1,0,0,0,1,1
pair-20-case-208,Kubernetes Lease,partial-holder-migration,fanout4,4,0,0,0,1,1,0,0,1,1
pair-20-case-209,Kubernetes Lease,partial-holder-migration,fanout4,4,0,0,0,1,0,0,0,1,1
pair-20-case-210,Kubernetes Lease,partial-holder-migration,fanout4,4,0,0,0,1,1,0,0,1,1
pair-20-case-211,Kubernetes Lease,partial-holder-migration,fanout4,3,0,0,0,1,0,0,0,1,1
pair-20-case-212,Kubernetes Lease,partial-holder-migration,fanout4,4,0,0,0,1,1,0,0,1,1
pair-20-case-213,Kubernetes Lease,partial-holder-migration,fanout4,4,0,0,0,1,0,0,0,1,1
pair-20-case-214,Kubernetes Lease,partial-holder-migration,fanout4,3,0,0,0,1,0,0,0,1,1
pair-20-case-215,Kubernetes Lease,partial-holder-migration,fanout4,4,0,0,0,1,0,0,0,1,1
pair-20-case-216,Kubernetes Lease,partial-holder-migration,fanout4,4,0,0,0,1,1,0,0,1,1
pair-20-case-217,Kubernetes Lease,partial-holder-migration,fanout4,4,0,0,0,1,0,0,0,1,1
pair-20-case-218,Kubernetes Lease,partial-holder-migration,fanout4,4,0,0,0,1,0,0,0,1,1
pair-20-case-219,Kubernetes Lease,partial-holder-migration,fanout4,3,1,36,8,0,1,0,1,1,1
pair-20-case-220,Kubernetes Lease,partial-holder-migration,fanout4,4,0,6,0,1,0,0,1,1,1
pair-20-case-221,Kubernetes Lease,partial-holder-migration,fanout4,4,0,0,0,1,0,0,0,1,1
pair-20-case-222,Kubernetes Lease,partial-holder-migration,fanout4,4,0,0,0,1,1,0,0,1,1
pair-20-case-223,Kubernetes Lease,partial-holder-migration,fanout4,4,0,0,0,1,0,0,0,1,1
pair-20-case-224,Kubernetes Lease,partial-holder-migration,fanout4,3,0,0,0,1,0,0,0,1,1
pair-20-case-225,Kubernetes Lease,partial-holder-migration,fanout4,4,0,0,0,1,0,0,0,1,1
pair-20-case-226,Kubernetes Lease,partial-holder-migration,fanout4,4,0,0,0,1,1,0,0,1,1
pair-20-case-227,Kubernetes Lease,partial-holder-migration,fanout4,4,0,0,0,1,0,0,0,1,1
pair-20-case-228,Kubernetes Lease,partial-holder-migration,fanout4,4,0,0,0,1,0,0,0,1,1
pair-20-case-229,Kubernetes Lease,partial-holder-migration,fanout4,4,0,0,0,1,1,0,0,1,1
pair-20-case-230,Kubernetes Lease,partial-holder-migration,fanout4,4,0,0,0,1,0,0,0,1,1
pair-20-case-231,Kubernetes Lease,partial-holder-migration,fanout4,4,0,0,0,1,0,0,0,1,1
pair-20-case-232,Kubernetes Lease,partial-holder-migration,fanout4,4,0,0,0,1,0,0,0,1,1
pair-20-case-233,Kubernetes Lease,partial-holder-migration,fanout4,3,0,0,0,1,0,0,0,1,1
pair-20-case-234,Kubernetes Lease,partial-holder-migration,fanout4,4,0,0,0,1,0,0,0,1,1
pair-20-case-235,Kubernetes Lease,partial-holder-migration,fanout4,3,0,0,0,1,0,0,0,1,1
pair-20-case-236,Kubernetes Lease,partial-holder-migration,fanout4,4,0,0,0,1,0,0,0,1,1
pair-20-case-237,Kubernetes Lease,partial-holder-migration,fanout4,4,0,0,0,1,0,0,0,1,1
pair-20-case-238,Kubernetes Lease,partial-holder-migration,fanout4,4,0,0,0,1,0,0,0,1,1
pair-20-case-239,Kubernetes Lease,partial-holder-migration,fanout4,4,0,0,0,1,0,0,0,1,1
pair-20-case-240,Kubernetes Lease,partial-holder-migration,fanout4,3,0,0,0,1,0,0,0,1,1
pair-20-case-241,Kubernetes Lease,partial-holder-migration,fanout4,4,0,0,0,1,0,0,0,1,1
pair-20-case-242,Kubernetes Lease,partial-holder-migration,fanout4,4,0,0,0,1,1,0,0,1,1
pair-20-case-243,Kubernetes Lease,partial-holder-migration,fanout4,4,0,0,0,1,0,0,0,1,1
pair-20-case-244,Kubernetes Lease,partial-holder-migration,fanout4,4,0,0,0,1,0,0,0,1,1
pair-20-case-245,Kubernetes Lease,partial-holder-migration,fanout4,4,0,4,0,1,0,0,1,1,1
pair-20-case-246,Kubernetes Lease,partial-holder-migration,fanout4,4,0,0,0,1,0,0,0,1,1
pair-20-case-247,Kubernetes Lease,partial-holder-migration,fanout4,4,0,0,0,1,0,0,0,1,1
pair-20-case-248,Kubernetes Lease,partial-holder-migration,fanout4,4,0,0,0,1,0,0,0,1,1
pair-20-case-249,Kubernetes Lease,partial-holder-migration,fanout4,4,0,0,0,1,0,0,0,1,1
pair-20-case-250,Kubernetes Lease,partial-holder-migration,fanout4,3,0,0,0,1,0,0,0,1,1
pair-20-case-251,Kubernetes Lease,partial-holder-migration,fanout4,4,0,0,0,1,1,0,0,1,1
pair-20-case-252,Kubernetes Lease,partial-holder-migration,fanout4,4,0,9,0,1,1,0,0,1,1
pair-20-case-253,Kubernetes Lease,partial-holder-migration,fanout4,4,0,0,0,1,0,0,0,1,1
pair-20-case-254,Kubernetes Lease,partial-holder-migration,fanout4,4,0,0,0,1,1,0,0,1,1
pair-20-case-255,Kubernetes Lease,partial-holder-migration,fanout4,4,0,0,0,1,1,0,0,1,1
pair-20-case-256,Kubernetes Lease,partial-holder-migration,fanout4,4,0,0,0,1,0,0,0,1,1
pair-20-case-257,Kubernetes Lease,partial-holder-migration,fanout4,4,0,0,0,1,0,0,0,1,1
pair-20-case-258,Kubernetes Lease,partial-holder-migration,fanout4,4,0,0,0,1,0,0,0,1,1
pair-20-case-259,Kubernetes Lease,partial-holder-migration,fanout4,4,0,0,0,1,0,0,0,1,1
pair-20-case-260,Kubernetes Lease,partial-holder-migration,fanout4,4,0,0,0,1,0,0,0,1,1
pair-20-case-261,Kubernetes Lease,partial-holder-migration,fanout4,3,0,0,0,1,0,0,0,1,1
pair-20-case-262,Kubernetes Lease,partial-holder-migration,fanout4,4,0,0,0,1,0,0,0,1,1
pair-20-case-263,Kubernetes Lease,partial-holder-migration,fanout4,3,0,0,0,1,0,0,0,1,1
pair-20-case-264,Kubernetes Lease,partial-holder-migration,fanout4,4,0,0,0,1,0,0,0,1,1
pair-20-case-265,Kubernetes Lease,partial-holder-migration,fanout4,4,0,0,0,1,1,0,0,1,1
pair-20-case-266,Kubernetes Lease,partial-holder-migration,fanout4,4,0,3,0,1,0,0,0,1,1
pair-20-case-267,Kubernetes Lease,partial-holder-migration,fanout4,4,0,0,0,1,1,0,0,1,1
pair-20-case-268,Kubernetes Lease,partial-holder-migration,fanout4,3,0,0,0,1,1,1,0,1,1
pair-20-case-269,Kubernetes Lease,partial-holder-migration,fanout4,4,0,0,0,1,0,0,0,1,1
pair-20-case-270,Kubernetes Lease,partial-holder-migration,fanout4,3,0,0,0,1,1,0,0,1,1
pair-20-case-271,Kubernetes Lease,partial-holder-migration,fanout4,4,0,0,0,1,1,0,0,1,1
pair-20-case-272,Kubernetes Lease,partial-holder-migration,fanout4,4,0,7,0,1,0,0,1,1,1
pair-20-case-273,Kubernetes Lease,partial-holder-migration,fanout4,4,0,0,0,1,0,0,0,1,1
pair-20-case-274,Kubernetes Lease,partial-holder-migration,fanout4,4,0,0,0,1,0,0,0,1,1
pair-20-case-275,Kubernetes Lease,partial-holder-migration,fanout4,4,0,0,0,1,0,0,0,1,1
pair-20-case-276,Kubernetes Lease,partial-holder-migration,fanout4,4,0,0,0,1,1,0,0,1,1
pair-20-case-277,Kubernetes Lease,partial-holder-migration,fanout4,4,0,0,0,1,1,0,0,1,1
pair-20-case-278,Kubernetes Lease,partial-holder-migration,fanout4,4,0,0,0,1,1,1,0,1,1
pair-20-case-279,Kubernetes Lease,partial-holder-migration,fanout4,4,0,0,0,1,0,0,0,1,1
pair-20-case-280,Kubernetes Lease,partial-holder-migration,fanout4,4,0,0,0,1,0,0,0,1,1
pair-20-case-281,Kubernetes Lease,partial-holder-migration,fanout4,4,0,0,0,1,0,0,0,1,1
pair-20-case-282,Kubernetes Lease,partial-holder-migration,fanout4,4,0,0,0,1,0,0,0,1,1
pair-20-case-283,Kubernetes Lease,partial-holder-migration,fanout4,4,0,0,0,1,0,0,0,1,1
pair-20-case-284,Kubernetes Lease,partial-holder-migration,fanout4,4,0,0,0,1,0,0,0,1,1
pair-20-case-285,Kubernetes Lease,partial-holder-migration,fanout4,4,0,18,0,1,0,0,1,1,1
pair-20-case-286,Kubernetes Lease,partial-holder-migration,fanout4,4,0,3,0,1,0,0,1,1,1
pair-20-case-287,Kubernetes Lease,partial-holder-migration,fanout4,4,0,0,0,1,0,0,0,1,1
pair-20-case-288,Kubernetes Lease,partial-holder-migration,fanout4,4,0,0,0,1,0,0,0,1,1
pair-20-case-289,Kubernetes Lease,partial-holder-migration,fanout4,4,0,0,0,1,1,0,0,1,1
pair-20-case-290,Kubernetes Lease,partial-holder-migration,fanout4,4,0,3,0,1,0,0,1,1,1
pair-20-case-291,Kubernetes Lease,partial-holder-migration,fanout4,4,0,0,0,1,0,0,0,1,1
pair-20-case-292,Kubernetes Lease,partial-holder-migration,fanout4,4,0,0,0,1,0,0,0,1,1
pair-20-case-293,Kubernetes Lease,partial-holder-migration,fanout4,4,0,0,0,1,0,0,0,1,1
pair-20-case-294,Kubernetes Lease,partial-holder-migration,fanout4,4,0,0,0,1,0,0,0,1,1
pair-20-case-295,Kubernetes Lease,partial-holder-migration,fanout4,4,0,0,0,1,1,0,0,1,1
pair-20-case-296,Kubernetes Lease,partial-holder-migration,fanout4,4,0,0,0,1,0,0,0,1,1
pair-20-case-297,Kubernetes Lease,partial-holder-migration,fanout4,4,0,0,0,1,0,0,0,1,1
pair-20-case-298,Kubernetes Lease,partial-holder-migration,fanout4,4,0,0,0,1,0,0,0,1,1
pair-20-case-299,Kubernetes Lease,partial-holder-migration,fanout4,4,0,3,0,1,0,0,1,1,1
pair-20-case-300,Kubernetes Lease,partial-holder-migration,fanout4,4,0,0,0,1,1,0,0,1,1
pair-20-case-301,Kubernetes Lease,partial-holder-migration,fanout4,4,0,9,0,1,0,0,1,1,1
pair-20-case-302,Kubernetes Lease,partial-holder-migration,fanout4,4,0,3,0,1,0,0,0,1,1
pair-20-case-303,Kubernetes Lease,partial-holder-migration,fanout4,3,0,3,0,1,0,0,1,1,1
pair-20-case-304,Kubernetes Lease,partial-holder-migration,fanout4,4,0,3,0,1,0,0,0,1,1
pair-20-case-305,Kubernetes Lease,partial-holder-migration,fanout4,4,0,0,0,1,1,0,0,1,1
pair-20-case-306,Kubernetes Lease,partial-holder-migration,fanout4,4,0,0,0,1,0,0,0,1,1
pair-20-case-307,Kubernetes Lease,partial-holder-migration,fanout4,4,0,0,0,1,1,0,0,1,1
pair-20-case-308,Kubernetes Lease,partial-holder-migration,fanout4,4,0,0,0,1,0,0,0,1,1
pair-20-case-309,Kubernetes Lease,partial-holder-migration,fanout4,3,0,0,0,1,1,0,0,1,1
pair-20-case-310,Kubernetes Lease,partial-holder-migration,fanout4,4,0,0,0,1,0,0,0,1,1
pair-20-case-311,Kubernetes Lease,partial-holder-migration,fanout4,4,0,0,0,1,1,1,0,1,1
pair-20-case-312,Kubernetes Lease,partial-holder-migration,fanout4,4,0,0,0,1,0,0,0,1,1
pair-20-case-313,Kubernetes Lease,partial-holder-migration,fanout4,4,0,0,0,1,0,0,0,1,1
pair-20-case-314,Kubernetes Lease,partial-holder-migration,fanout4,4,0,0,0,1,0,0,0,1,1
pair-20-case-315,Kubernetes Lease,partial-holder-migration,fanout4,4,0,0,0,1,0,0,0,1,1
pair-20-case-316,Kubernetes Lease,partial-holder-migration,fanout4,4,0,0,0,1,0,0,0,1,1
pair-20-case-317,Kubernetes Lease,partial-holder-migration,fanout4,4,0,9,0,1,1,0,0,1,1
pair-20-case-318,Kubernetes Lease,partial-holder-migration,fanout4,4,0,0,0,1,1,0,0,1,1
pair-20-case-319,Kubernetes Lease,partial-holder-migration,fanout4,4,0,0,0,1,1,0,0,1,1
pair-20-case-320,Kubernetes Lease,partial-holder-migration,fanout4,4,0,3,0,1,1,0,1,1,1
pair-20-case-321,Kubernetes Lease,partial-holder-migration,fanout4,4,0,0,0,1,0,0,0,1,1
pair-20-case-322,Kubernetes Lease,partial-holder-migration,fanout4,4,0,9,0,1,1,0,0,1,1
pair-20-case-323,Kubernetes Lease,partial-holder-migration,fanout4,4,0,0,0,1,0,0,0,1,1
pair-20-case-324,Kubernetes Lease,partial-holder-migration,fanout4,4,0,3,0,1,0,0,1,1,1
pair-20-case-325,Kubernetes Lease,partial-holder-migration,fanout4,4,0,0,0,1,1,0,0,1,1
pair-20-case-326,Kubernetes Lease,partial-holder-migration,fanout4,4,0,0,0,1,0,0,0,1,1
pair-20-case-327,Kubernetes Lease,partial-holder-migration,fanout4,4,0,3,0,1,0,0,0,1,1
pair-20-case-328,Kubernetes Lease,partial-holder-migration,fanout4,4,0,0,0,1,1,0,0,1,1
pair-20-case-329,Kubernetes Lease,partial-holder-migration,fanout4,4,0,0,0,1,1,0,0,1,1
pair-20-case-330,Kubernetes Lease,partial-holder-migration,fanout4,4,0,0,0,1,0,0,0,1,1
pair-20-case-331,Kubernetes Lease,partial-holder-migration,fanout4,4,0,0,0,1,1,0,0,1,1
pair-20-case-332,Kubernetes Lease,partial-holder-migration,fanout4,4,0,0,0,1,1,0,0,1,1
pair-20-case-333,Kubernetes Lease,partial-holder-migration,fanout4,4,0,1,0,1,1,0,0,1,1
pair-20-case-334,Kubernetes Lease,partial-holder-migration,fanout4,4,0,0,0,1,0,0,0,1,1
pair-20-case-335,Kubernetes Lease,partial-holder-migration,fanout4,4,0,0,0,1,1,0,0,1,1
pair-20-case-336,Kubernetes Lease,partial-holder-migration,fanout4,4,0,0,0,1,1,0,0,1,1
pair-20-case-337,Kubernetes Lease,partial-holder-migration,fanout4,4,0,0,0,1,0,0,0,1,1
pair-20-case-338,Kubernetes Lease,partial-holder-migration,fanout4,4,0,0,0,1,1,0,0,1,1
pair-20-case-339,Kubernetes Lease,partial-holder-migration,fanout4,4,0,17,0,1,0,0,0,1,1
pair-20-case-340,Kubernetes Lease,partial-holder-migration,fanout4,4,0,0,0,1,1,0,0,1,1
pair-20-case-341,Kubernetes Lease,partial-holder-migration,fanout4,4,0,0,0,1,1,0,0,1,1
pair-20-case-342,Kubernetes Lease,partial-holder-migration,fanout4,3,0,9,0,1,1,0,0,1,1
pair-20-case-343,Kubernetes Lease,partial-holder-migration,fanout4,4,0,0,0,1,1,0,0,1,1
pair-20-case-344,Kubernetes Lease,partial-holder-migration,fanout4,4,0,0,0,1,1,0,0,1,1
pair-20-case-345,Kubernetes Lease,partial-holder-migration,fanout4,4,0,0,0,1,0,0,0,1,1
pair-20-case-346,Kubernetes Lease,partial-holder-migration,fanout4,4,0,0,0,1,1,0,0,1,1
pair-20-case-347,Kubernetes Lease,partial-holder-migration,fanout4,4,0,15,0,1,1,0,1,1,1
pair-20-case-348,Kubernetes Lease,partial-holder-migration,fanout4,4,0,0,0,1,1,0,0,1,1
pair-20-case-349,Kubernetes Lease,partial-holder-migration,fanout4,3,0,0,0,1,1,0,0,1,1
pair-20-case-350,Kubernetes Lease,partial-holder-migration,fanout4,4,0,0,0,1,0,0,0,1,1
pair-20-case-351,Kubernetes Lease,partial-holder-migration,fanout4,4,0,3,0,1,0,0,1,1,1
pair-20-case-352,Kubernetes Lease,partial-holder-migration,fanout4,4,0,0,0,1,0,0,0,1,1
pair-20-case-353,Kubernetes Lease,partial-holder-migration,fanout4,4,0,0,0,1,1,1,0,1,1
pair-20-case-354,Kubernetes Lease,partial-holder-migration,fanout4,4,0,0,0,1,0,0,0,1,1
pair-20-case-355,Kubernetes Lease,partial-holder-migration,fanout4,4,0,0,0,1,0,0,0,1,1
pair-20-case-356,Kubernetes Lease,partial-holder-migration,fanout4,4,0,0,0,1,0,0,0,1,1
pair-20-case-357,Kubernetes Lease,partial-holder-migration,fanout4,3,0,0,0,1,1,1,0,1,1
pair-20-case-358,Kubernetes Lease,partial-holder-migration,fanout4,4,0,2,0,1,0,0,1,1,1
pair-20-case-359,Kubernetes Lease,partial-holder-migration,fanout4,4,0,0,0,1,0,0,0,1,1
pair-20-case-360,Kubernetes Lease,partial-holder-migration,fanout4,4,0,0,0,1,0,0,0,1,1
pair-20-case-361,Kubernetes Lease,partial-holder-migration,fanout4,4,0,0,0,1,0,0,0,1,1
pair-20-case-362,Kubernetes Lease,partial-holder-migration,fanout4,4,0,0,0,1,0,0,0,1,1
pair-20-case-363,Kubernetes Lease,partial-holder-migration,fanout4,3,0,0,0,1,0,0,0,1,1
pair-20-case-364,Kubernetes Lease,partial-holder-migration,fanout4,4,0,2,0,1,0,0,1,1,1
pair-20-case-365,Kubernetes Lease,partial-holder-migration,fanout4,4,0,0,0,1,1,0,0,1,1
pair-20-case-366,Kubernetes Lease,partial-holder-migration,fanout4,4,0,7,0,1,0,0,1,1,1
pair-20-case-367,Kubernetes Lease,partial-holder-migration,fanout4,4,0,0,0,1,1,0,0,1,1
pair-20-case-368,Kubernetes Lease,partial-holder-migration,fanout4,4,0,0,0,1,1,0,0,1,1
pair-20-case-369,Kubernetes Lease,partial-holder-migration,fanout4,4,0,0,0,1,0,0,0,1,1
pair-20-case-370,Kubernetes Lease,partial-holder-migration,fanout4,4,0,0,0,1,0,0,0,1,1
pair-20-case-371,Kubernetes Lease,partial-holder-migration,fanout4,4,0,0,0,1,1,0,0,1,1
pair-20-case-372,Kubernetes Lease,partial-holder-migration,fanout4,4,0,0,0,1,1,0,0,1,1
pair-20-case-373,Kubernetes Lease,partial-holder-migration,fanout4,4,0,0,0,1,1,0,0,1,1
pair-20-case-374,Kubernetes Lease,partial-holder-migration,fanout4,4,0,0,0,1,0,0,0,1,1
pair-20-case-375,Kubernetes Lease,partial-holder-migration,fanout4,4,0,0,0,1,1,0,0,1,1
pair-20-case-376,Kubernetes Lease,partial-holder-migration,fanout4,4,0,9,0,1,0,0,1,1,1
pair-20-case-377,Kubernetes Lease,partial-holder-migration,fanout4,4,0,0,0,1,0,0,0,1,1
pair-20-case-378,Kubernetes Lease,partial-holder-migration,fanout4,4,0,0,0,1,0,0,0,1,1
pair-20-case-379,Kubernetes Lease,partial-holder-migration,fanout4,3,0,0,0,1,0,0,0,1,1
pair-20-case-380,Kubernetes Lease,partial-holder-migration,fanout4,4,0,0,0,1,0,0,0,1,1
pair-20-case-381,Kubernetes Lease,partial-holder-migration,fanout4,3,0,0,0,1,0,0,0,1,1
pair-20-case-382,Kubernetes Lease,partial-holder-migration,fanout4,4,0,0,0,1,0,0,0,1,1
pair-20-case-383,Kubernetes Lease,partial-holder-migration,fanout4,4,0,0,0,1,0,0,0,1,1
pair-20-case-384,Kubernetes Lease,partial-holder-migration,fanout4,4,0,0,0,1,0,0,0,1,1
pair-20-case-385,Kubernetes Lease,partial-holder-migration,fanout4,3,0,0,0,1,0,0,0,1,1
pair-20-case-386,Kubernetes Lease,partial-holder-migration,fanout4,4,0,0,0,1,0,0,0,1,1
pair-20-case-387,Kubernetes Lease,partial-holder-migration,fanout4,4,0,0,0,1,1,0,0,1,1
pair-20-case-388,Kubernetes Lease,partial-holder-migration,fanout4,4,0,6,0,1,0,0,1,1,1
pair-20-case-389,Kubernetes Lease,partial-holder-migration,fanout4,4,0,0,0,1,1,0,0,1,1
pair-20-case-390,Kubernetes Lease,partial-holder-migration,fanout4,4,0,0,0,1,0,0,0,1,1
pair-20-case-391,Kubernetes Lease,partial-holder-migration,fanout4,4,0,0,0,1,0,0,0,1,1
pair-20-case-392,Kubernetes Lease,partial-holder-migration,fanout4,4,0,0,0,1,1,0,0,1,1
pair-20-case-393,Kubernetes Lease,partial-holder-migration,fanout4,4,0,0,0,1,0,0,0,1,1
pair-20-case-394,Kubernetes Lease,partial-holder-migration,fanout4,4,0,0,0,1,1,0,0,1,1
pair-20-case-395,Kubernetes Lease,partial-holder-migration,fanout4,4,0,0,0,1,0,0,0,1,1
pair-20-case-396,Kubernetes Lease,partial-holder-migration,fanout4,4,0,0,0,1,0,0,0,1,1
pair-20-case-397,Kubernetes Lease,partial-holder-migration,fanout4,4,0,7,0,1,0,0,1,1,1
pair-20-case-398,Kubernetes Lease,partial-holder-migration,fanout4,4,0,0,0,1,0,0,0,1,1
pair-20-case-399,Kubernetes Lease,partial-holder-migration,fanout4,4,0,0,0,1,0,0,0,1,1
pair-20-case-400,Kubernetes Lease,partial-holder-migration,fanout4,4,0,0,0,1,0,0,0,1,1
pair-20-case-401,Kubernetes Lease,partial-holder-migration,fanout4,3,0,0,0,1,0,0,0,1,1
pair-20-case-402,Kubernetes Lease,partial-holder-migration,fanout4,4,0,0,0,1,1,0,0,1,1
pair-20-case-403,Kubernetes Lease,partial-holder-migration,fanout4,4,0,0,0,1,0,0,0,1,1
pair-20-case-404,Kubernetes Lease,partial-holder-migration,fanout4,4,0,0,0,1,1,0,0,1,1
pair-20-case-405,Kubernetes Lease,partial-holder-migration,fanout4,3,0,9,0,1,0,0,0,1,1
pair-20-case-406,Kubernetes Lease,partial-holder-migration,fanout4,3,0,21,0,1,1,0,0,1,1
pair-20-case-407,Kubernetes Lease,partial-holder-migration,fanout4,4,0,15,0,1,1,0,0,1,1
pair-20-case-408,Kubernetes Lease,partial-holder-migration,fanout4,4,0,2,0,1,1,0,0,1,1
pair-20-case-409,Kubernetes Lease,partial-holder-migration,fanout4,4,0,0,0,1,0,0,0,1,1
pair-20-case-410,Kubernetes Lease,partial-holder-migration,fanout4,4,0,0,0,1,0,0,0,1,1
pair-20-case-411,Kubernetes Lease,partial-holder-migration,fanout4,3,0,0,0,1,0,0,0,1,1
pair-20-case-412,Kubernetes Lease,partial-holder-migration,fanout4,4,0,0,0,1,0,0,0,1,1
pair-20-case-413,Kubernetes Lease,partial-holder-migration,fanout4,3,0,0,0,1,0,0,0,1,1
pair-20-case-414,Kubernetes Lease,partial-holder-migration,fanout4,4,0,0,0,1,1,0,0,1,1
pair-20-case-415,Kubernetes Lease,partial-holder-migration,fanout4,4,0,3,0,1,0,0,0,1,1
pair-20-case-416,Kubernetes Lease,partial-holder-migration,fanout4,4,0,0,0,1,0,0,0,1,1
pair-20-case-417,Kubernetes Lease,partial-holder-migration,fanout4,4,0,0,0,1,1,0,0,1,1
pair-20-case-418,Kubernetes Lease,partial-holder-migration,fanout4,3,0,0,0,1,0,0,0,1,1
pair-20-case-419,Kubernetes Lease,partial-holder-migration,fanout4,4,0,0,0,1,1,0,0,1,1
pair-20-case-420,Kubernetes Lease,partial-holder-migration,fanout4,4,0,0,0,1,0,0,0,1,1
pair-20-case-421,Kubernetes Lease,partial-holder-migration,fanout4,4,0,0,0,1,1,0,0,1,1
pair-20-case-422,Kubernetes Lease,partial-holder-migration,fanout4,4,0,0,0,1,0,0,0,1,1
pair-20-case-423,Kubernetes Lease,partial-holder-migration,fanout4,4,0,0,0,1,1,0,0,1,1
pair-20-case-424,Kubernetes Lease,partial-holder-migration,fanout4,3,0,0,0,1,0,0,0,1,1
pair-20-case-425,Kubernetes Lease,partial-holder-migration,fanout4,4,0,0,0,1,0,0,0,1,1
pair-20-case-426,Kubernetes Lease,partial-holder-migration,fanout4,4,0,0,0,1,1,0,0,1,1
pair-20-case-427,Kubernetes Lease,partial-holder-migration,fanout4,3,0,0,0,1,0,0,0,1,1
pair-20-case-428,Kubernetes Lease,partial-holder-migration,fanout4,3,0,0,0,1,0,0,0,1,1
pair-20-case-429,Kubernetes Lease,partial-holder-migration,fanout4,4,0,0,0,1,0,0,0,1,1
pair-20-case-430,Kubernetes Lease,partial-holder-migration,fanout4,4,0,0,0,1,0,0,0,1,1
pair-20-case-431,Kubernetes Lease,partial-holder-migration,fanout4,4,0,0,0,1,0,0,0,1,1
pair-20-case-432,Kubernetes Lease,partial-holder-migration,fanout4,2,0,18,0,1,0,0,1,1,1
pair-20-case-433,Kubernetes Lease,partial-holder-migration,fanout4,4,0,0,0,1,0,0,0,1,1
pair-20-case-434,Kubernetes Lease,partial-holder-migration,fanout4,4,0,0,0,1,0,0,0,1,1
pair-20-case-435,Kubernetes Lease,partial-holder-migration,fanout4,4,0,0,0,1,0,0,0,1,1
pair-20-case-436,Kubernetes Lease,partial-holder-migration,fanout4,4,0,0,0,1,0,0,0,1,1
pair-20-case-437,Kubernetes Lease,partial-holder-migration,fanout4,3,0,0,0,1,1,0,0,1,1
pair-20-case-438,Kubernetes Lease,partial-holder-migration,fanout4,4,0,0,0,1,0,0,0,1,1
pair-20-case-439,Kubernetes Lease,partial-holder-migration,fanout4,4,0,3,0,1,0,0,0,1,1
pair-20-case-440,Kubernetes Lease,partial-holder-migration,fanout4,4,0,0,0,1,0,0,0,1,1
pair-20-case-441,Kubernetes Lease,partial-holder-migration,fanout4,4,0,0,0,1,0,0,0,1,1
pair-20-case-442,Kubernetes Lease,partial-holder-migration,fanout4,4,0,1,0,1,0,0,0,1,1
pair-20-case-443,Kubernetes Lease,partial-holder-migration,fanout4,4,0,0,0,1,0,0,0,1,1
pair-20-case-444,Kubernetes Lease,partial-holder-migration,fanout4,4,0,0,0,1,1,0,0,1,1
pair-20-case-445,Kubernetes Lease,partial-holder-migration,fanout4,4,0,0,0,1,0,0,0,1,1
pair-20-case-446,Kubernetes Lease,partial-holder-migration,fanout4,4,0,6,0,1,0,0,1,1,1
pair-20-case-447,Kubernetes Lease,partial-holder-migration,fanout4,4,0,0,0,1,0,0,0,1,1
pair-20-case-448,Kubernetes Lease,partial-holder-migration,fanout4,4,0,0,0,1,0,0,0,1,1
pair-20-case-449,Kubernetes Lease,partial-holder-migration,fanout4,4,0,0,0,1,0,0,0,1,1
pair-20-case-450,Kubernetes Lease,partial-holder-migration,fanout4,4,0,0,0,1,1,0,0,1,1
pair-20-case-451,Kubernetes Lease,partial-holder-migration,fanout4,4,0,0,0,1,0,0,0,1,1
pair-20-case-452,Kubernetes Lease,partial-holder-migration,fanout4,4,0,0,0,1,0,0,0,1,1
pair-20-case-453,Kubernetes Lease,partial-holder-migration,fanout4,4,0,0,0,1,0,0,0,1,1
pair-20-case-454,Kubernetes Lease,partial-holder-migration,fanout4,4,0,0,0,1,1,0,0,1,1
pair-20-case-455,Kubernetes Lease,partial-holder-migration,fanout4,3,0,0,0,1,1,0,0,1,1
pair-20-case-456,Kubernetes Lease,partial-holder-migration,fanout4,4,0,0,0,1,0,0,0,1,1
pair-20-case-457,Kubernetes Lease,partial-holder-migration,fanout4,4,0,0,0,1,0,0,0,1,1
pair-20-case-458,Kubernetes Lease,partial-holder-migration,fanout4,4,0,0,0,1,0,0,0,1,1
pair-20-case-459,Kubernetes Lease,partial-holder-migration,fanout4,4,0,0,0,1,0,0,0,1,1
pair-20-case-460,Kubernetes Lease,partial-holder-migration,fanout4,4,0,9,0,1,1,0,0,1,1
pair-20-case-461,Kubernetes Lease,partial-holder-migration,fanout4,4,0,0,0,1,0,0,0,1,1
pair-20-case-462,Kubernetes Lease,partial-holder-migration,fanout4,4,0,12,0,1,1,0,0,1,1
pair-20-case-463,Kubernetes Lease,partial-holder-migration,fanout4,4,0,0,0,1,0,0,0,1,1
pair-20-case-464,Kubernetes Lease,partial-holder-migration,fanout4,4,0,0,0,1,0,0,0,1,1
pair-20-case-465,Kubernetes Lease,partial-holder-migration,fanout4,3,0,0,0,1,1,0,0,1,1
pair-20-case-466,Kubernetes Lease,partial-holder-migration,fanout4,2,0,0,0,1,1,0,0,1,1
pair-20-case-467,Kubernetes Lease,partial-holder-migration,fanout4,4,0,0,0,1,0,0,0,1,1
pair-20-case-468,Kubernetes Lease,partial-holder-migration,fanout4,4,0,0,0,1,0,0,0,1,1
pair-20-case-469,Kubernetes Lease,partial-holder-migration,fanout4,4,0,0,0,1,0,0,0,1,1
pair-20-case-470,Kubernetes Lease,partial-holder-migration,fanout4,4,0,0,0,1,1,0,0,1,1
pair-20-case-471,Kubernetes Lease,partial-holder-migration,fanout4,4,0,0,0,1,0,0,0,1,1
pair-20-case-472,Kubernetes Lease,partial-holder-migration,fanout4,4,0,0,0,1,0,0,0,1,1
pair-20-case-473,Kubernetes Lease,partial-holder-migration,fanout4,4,0,0,0,1,0,0,0,1,1
pair-20-case-474,Kubernetes Lease,partial-holder-migration,fanout4,3,0,0,0,1,1,1,0,1,1
pair-20-case-475,Kubernetes Lease,partial-holder-migration,fanout4,4,0,7,0,1,1,0,1,1,1
pair-20-case-476,Kubernetes Lease,partial-holder-migration,fanout4,4,0,0,0,1,0,0,0,1,1
pair-20-case-477,Kubernetes Lease,partial-holder-migration,fanout4,4,0,0,0,1,1,0,0,1,1
pair-20-case-478,Kubernetes Lease,partial-holder-migration,fanout4,4,0,0,0,1,1,0,0,1,1
pair-20-case-479,Kubernetes Lease,partial-holder-migration,fanout4,4,0,0,0,1,1,0,0,1,1
pair-20-case-480,Kubernetes Lease,partial-holder-migration,fanout4,4,0,0,0,1,0,0,0,1,1
pair-20-case-481,Kubernetes Lease,partial-holder-migration,fanout4,4,0,9,0,1,0,0,0,1,1
pair-20-case-482,Kubernetes Lease,partial-holder-migration,fanout4,4,0,0,0,1,0,0,0,1,1
pair-20-case-483,Kubernetes Lease,partial-holder-migration,fanout4,4,0,0,0,1,0,0,0,1,1
pair-20-case-484,Kubernetes Lease,partial-holder-migration,fanout4,4,0,0,0,1,0,0,0,1,1
pair-20-case-485,Kubernetes Lease,partial-holder-migration,fanout4,4,0,0,0,1,0,0,0,1,1
pair-20-case-486,Kubernetes Lease,partial-holder-migration,fanout4,4,0,0,0,1,0,0,0,1,1
pair-20-case-487,Kubernetes Lease,partial-holder-migration,fanout4,4,0,0,0,1,0,0,0,1,1
pair-20-case-488,Kubernetes Lease,partial-holder-migration,fanout4,3,0,15,0,1,0,0,1,1,1
pair-20-case-489,Kubernetes Lease,partial-holder-migration,fanout4,4,0,0,0,1,0,0,0,1,1
pair-20-case-490,Kubernetes Lease,partial-holder-migration,fanout4,4,0,0,0,1,0,0,0,1,1
pair-20-case-491,Kubernetes Lease,partial-holder-migration,fanout4,4,0,0,0,1,0,0,0,1,1
pair-20-case-492,Kubernetes Lease,partial-holder-migration,fanout4,3,0,0,0,1,0,0,0,1,1
pair-20-case-493,Kubernetes Lease,partial-holder-migration,fanout4,4,0,0,0,1,0,0,0,1,1
pair-20-case-494,Kubernetes Lease,partial-holder-migration,fanout4,3,0,0,0,1,1,0,0,1,1
pair-20-case-495,Kubernetes Lease,partial-holder-migration,fanout4,4,0,0,0,1,1,0,0,1,1
pair-20-case-496,Kubernetes Lease,partial-holder-migration,fanout4,4,0,0,0,1,0,0,0,1,1
pair-20-case-497,Kubernetes Lease,partial-holder-migration,fanout4,4,0,0,0,1,1,0,0,1,1
pair-20-case-498,Kubernetes Lease,partial-holder-migration,fanout4,4,0,0,0,1,1,0,0,1,1
pair-20-case-499,Kubernetes Lease,partial-holder-migration,fanout4,4,0,0,0,1,0,0,0,1,1
pair-21-case-000,OpenTelemetry Logs,attributes-additive,cycle5,0,1,243,10,0,1,1,1,1,1
pair-21-case-001,OpenTelemetry Logs,attributes-additive,cycle5,1,0,0,0,1,0,0,0,1,1
pair-21-case-002,OpenTelemetry Logs,attributes-additive,cycle5,1,0,81,0,1,0,0,1,1,1
pair-21-case-003,OpenTelemetry Logs,attributes-additive,cycle5,1,0,0,0,1,1,1,0,1,1
pair-21-case-004,OpenTelemetry Logs,attributes-additive,cycle5,1,0,0,0,1,1,1,0,1,1
pair-21-case-005,OpenTelemetry Logs,attributes-additive,cycle5,1,0,81,0,1,1,0,1,1,1
pair-21-case-006,OpenTelemetry Logs,attributes-additive,cycle5,1,0,0,0,1,0,0,0,1,1
pair-21-case-007,OpenTelemetry Logs,attributes-additive,cycle5,1,0,81,0,1,0,0,1,1,1
pair-21-case-008,OpenTelemetry Logs,attributes-additive,cycle5,1,0,81,0,1,1,1,0,1,1
pair-21-case-009,OpenTelemetry Logs,attributes-additive,cycle5,1,0,0,0,1,1,1,0,1,1
pair-21-case-010,OpenTelemetry Logs,attributes-additive,cycle5,1,0,0,0,1,1,1,0,1,1
pair-21-case-011,OpenTelemetry Logs,attributes-additive,cycle5,1,0,81,0,1,1,0,1,1,1
pair-21-case-012,OpenTelemetry Logs,attributes-additive,cycle5,1,0,0,0,1,0,0,0,1,1
pair-21-case-013,OpenTelemetry Logs,attributes-additive,cycle5,1,0,81,0,1,0,0,1,1,1
pair-21-case-014,OpenTelemetry Logs,attributes-additive,cycle5,1,0,81,0,1,1,1,0,1,1
pair-21-case-015,OpenTelemetry Logs,attributes-additive,cycle5,1,0,0,0,1,1,1,0,1,1
pair-21-case-016,OpenTelemetry Logs,attributes-additive,cycle5,1,0,0,0,1,1,1,0,1,1
pair-21-case-017,OpenTelemetry Logs,attributes-additive,cycle5,1,0,81,0,1,1,0,1,1,1
pair-21-case-018,OpenTelemetry Logs,attributes-additive,cycle5,1,0,0,0,1,0,0,0,1,1
pair-21-case-019,OpenTelemetry Logs,attributes-additive,cycle5,1,0,81,0,1,0,0,1,1,1
pair-21-case-020,OpenTelemetry Logs,attributes-additive,cycle5,1,0,81,0,1,1,1,0,1,1
pair-21-case-021,OpenTelemetry Logs,attributes-additive,cycle5,1,0,0,0,1,1,1,0,1,1
pair-21-case-022,OpenTelemetry Logs,attributes-additive,cycle5,1,0,0,0,1,1,1,0,1,1
pair-21-case-023,OpenTelemetry Logs,attributes-additive,cycle5,1,0,81,0,1,1,0,1,1,1
pair-21-case-024,OpenTelemetry Logs,attributes-additive,cycle5,1,0,0,0,1,0,0,0,1,1
pair-21-case-025,OpenTelemetry Logs,attributes-additive,cycle5,1,0,81,0,1,0,0,1,1,1
pair-21-case-026,OpenTelemetry Logs,attributes-additive,cycle5,1,0,81,0,1,1,1,0,1,1
pair-21-case-027,OpenTelemetry Logs,attributes-additive,cycle5,1,0,0,0,1,1,1,0,1,1
pair-21-case-028,OpenTelemetry Logs,attributes-additive,cycle5,1,0,0,0,1,1,1,0,1,1
pair-21-case-029,OpenTelemetry Logs,attributes-additive,cycle5,1,0,81,0,1,1,0,1,1,1
pair-21-case-030,OpenTelemetry Logs,attributes-additive,cycle5,1,1,189,10,0,1,0,1,1,1
pair-21-case-031,OpenTelemetry Logs,attributes-additive,cycle5,1,1,189,10,0,1,0,1,1,1
pair-21-case-032,OpenTelemetry Logs,attributes-additive,cycle5,1,1,189,10,0,1,0,1,1,1
pair-21-case-033,OpenTelemetry Logs,attributes-additive,cycle5,1,1,189,10,0,1,0,1,1,1
pair-21-case-034,OpenTelemetry Logs,attributes-additive,cycle5,1,1,189,10,0,1,0,1,1,1
pair-21-case-035,OpenTelemetry Logs,attributes-additive,cycle5,1,1,189,10,0,1,0,1,1,1
pair-21-case-036,OpenTelemetry Logs,attributes-additive,cycle5,1,1,189,10,0,1,0,1,1,1
pair-21-case-037,OpenTelemetry Logs,attributes-additive,cycle5,1,1,189,10,0,1,0,1,1,1
pair-21-case-038,OpenTelemetry Logs,attributes-additive,cycle5,1,1,189,10,0,1,0,1,1,1
pair-21-case-039,OpenTelemetry Logs,attributes-additive,cycle5,1,1,189,10,0,1,0,1,1,1
pair-21-case-040,OpenTelemetry Logs,attributes-additive,cycle5,1,1,189,10,0,1,0,1,1,1
pair-21-case-041,OpenTelemetry Logs,attributes-additive,cycle5,1,1,189,10,0,1,0,1,1,1
pair-21-case-042,OpenTelemetry Logs,attributes-additive,cycle5,4,1,113,10,0,1,0,1,1,1
pair-21-case-043,OpenTelemetry Logs,attributes-additive,cycle5,4,1,93,10,0,1,0,1,1,1
pair-21-case-044,OpenTelemetry Logs,attributes-additive,cycle5,4,1,91,10,0,1,0,1,1,1
pair-21-case-045,OpenTelemetry Logs,attributes-additive,cycle5,4,1,81,10,0,1,0,1,1,1
pair-21-case-046,OpenTelemetry Logs,attributes-additive,cycle5,4,1,69,10,0,1,0,1,1,1
pair-21-case-047,OpenTelemetry Logs,attributes-additive,cycle5,3,1,99,10,0,1,0,1,1,1
pair-21-case-048,OpenTelemetry Logs,attributes-additive,cycle5,4,1,85,10,0,1,0,1,1,1
pair-21-case-049,OpenTelemetry Logs,attributes-additive,cycle5,4,1,107,10,0,1,0,1,1,1
pair-21-case-050,OpenTelemetry Logs,attributes-additive,cycle5,2,1,135,10,0,1,0,1,1,1
pair-21-case-051,OpenTelemetry Logs,attributes-additive,cycle5,2,1,135,10,0,1,0,1,1,1
pair-21-case-052,OpenTelemetry Logs,attributes-additive,cycle5,4,1,99,10,0,1,0,1,1,1
pair-21-case-053,OpenTelemetry Logs,attributes-additive,cycle5,2,1,135,10,0,1,0,1,1,1
pair-21-case-054,OpenTelemetry Logs,attributes-additive,cycle5,2,1,171,10,0,1,0,1,1,1
pair-21-case-055,OpenTelemetry Logs,attributes-additive,cycle5,4,1,81,10,0,1,0,1,1,1
pair-21-case-056,OpenTelemetry Logs,attributes-additive,cycle5,4,1,103,10,0,1,0,1,1,1
pair-21-case-057,OpenTelemetry Logs,attributes-additive,cycle5,4,1,63,10,0,1,0,1,1,1
pair-21-case-058,OpenTelemetry Logs,attributes-additive,cycle5,4,1,91,10,0,1,0,1,1,1
pair-21-case-059,OpenTelemetry Logs,attributes-additive,cycle5,4,1,81,10,0,1,0,1,1,1
pair-21-case-060,OpenTelemetry Logs,attributes-additive,cycle5,4,1,98,10,0,1,0,1,1,1
pair-21-case-061,OpenTelemetry Logs,attributes-additive,cycle5,4,1,74,10,0,1,0,1,1,1
pair-21-case-062,OpenTelemetry Logs,attributes-additive,cycle5,3,1,119,10,0,1,0,1,1,1
pair-21-case-063,OpenTelemetry Logs,attributes-additive,cycle5,3,1,99,10,0,1,0,1,1,1
pair-21-case-064,OpenTelemetry Logs,attributes-additive,cycle5,4,1,91,10,0,1,0,1,1,1
pair-21-case-065,OpenTelemetry Logs,attributes-additive,cycle5,4,1,81,10,0,1,0,1,1,1
pair-21-case-066,OpenTelemetry Logs,attributes-additive,cycle5,4,1,75,10,0,1,0,1,1,1
pair-21-case-067,OpenTelemetry Logs,attributes-additive,cycle5,4,1,89,10,0,1,0,1,1,1
pair-21-case-068,OpenTelemetry Logs,attributes-additive,cycle5,4,1,94,10,0,1,0,1,1,1
pair-21-case-069,OpenTelemetry Logs,attributes-additive,cycle5,2,1,135,10,0,1,0,1,1,1
pair-21-case-070,OpenTelemetry Logs,attributes-additive,cycle5,4,1,85,10,0,1,0,1,1,1
pair-21-case-071,OpenTelemetry Logs,attributes-additive,cycle5,3,1,99,10,0,1,0,1,1,1
pair-21-case-072,OpenTelemetry Logs,attributes-additive,cycle5,4,1,93,10,0,1,0,1,1,1
pair-21-case-073,OpenTelemetry Logs,attributes-additive,cycle5,4,1,69,10,0,1,0,1,1,1
pair-21-case-074,OpenTelemetry Logs,attributes-additive,cycle5,4,1,107,10,0,1,0,1,1,1
pair-21-case-075,OpenTelemetry Logs,attributes-additive,cycle5,2,1,147,10,0,1,0,1,1,1
pair-21-case-076,OpenTelemetry Logs,attributes-additive,cycle5,3,1,123,10,0,1,0,1,1,1
pair-21-case-077,OpenTelemetry Logs,attributes-additive,cycle5,3,1,111,10,0,1,0,1,1,1
pair-21-case-078,OpenTelemetry Logs,attributes-additive,cycle5,3,1,99,10,0,1,0,1,1,1
pair-21-case-079,OpenTelemetry Logs,attributes-additive,cycle5,4,1,77,10,0,1,0,1,1,1
pair-21-case-080,OpenTelemetry Logs,attributes-additive,cycle5,3,1,99,10,0,1,0,1,1,1
pair-21-case-081,OpenTelemetry Logs,attributes-additive,cycle5,4,1,76,10,0,1,0,1,1,1
pair-21-case-082,OpenTelemetry Logs,attributes-additive,cycle5,4,1,93,10,0,1,0,1,1,1
pair-21-case-083,OpenTelemetry Logs,attributes-additive,cycle5,3,1,105,10,0,1,0,1,1,1
pair-21-case-084,OpenTelemetry Logs,attributes-additive,cycle5,4,1,77,10,0,1,0,1,1,1
pair-21-case-085,OpenTelemetry Logs,attributes-additive,cycle5,4,1,102,10,0,1,0,1,1,1
pair-21-case-086,OpenTelemetry Logs,attributes-additive,cycle5,4,1,69,10,0,1,0,1,1,1
pair-21-case-087,OpenTelemetry Logs,attributes-additive,cycle5,4,1,81,10,0,1,0,1,1,1
pair-21-case-088,OpenTelemetry Logs,attributes-additive,cycle5,3,1,123,10,0,1,0,1,1,1
pair-21-case-089,OpenTelemetry Logs,attributes-additive,cycle5,4,1,79,10,0,1,0,1,1,1
pair-21-case-090,OpenTelemetry Logs,attributes-additive,cycle5,4,1,89,10,0,1,0,1,1,1
pair-21-case-091,OpenTelemetry Logs,attributes-additive,cycle5,4,1,97,10,0,1,0,1,1,1
pair-21-case-092,OpenTelemetry Logs,attributes-additive,cycle5,4,0,9,0,3,1,0,1,1,1
pair-21-case-093,OpenTelemetry Logs,attributes-additive,cycle5,4,1,89,10,0,1,0,1,1,1
pair-21-case-094,OpenTelemetry Logs,attributes-additive,cycle5,3,1,105,10,0,1,0,1,1,1
pair-21-case-095,OpenTelemetry Logs,attributes-additive,cycle5,4,1,81,10,0,1,0,1,1,1
pair-21-case-096,OpenTelemetry Logs,attributes-additive,cycle5,4,0,60,0,3,1,0,1,1,1
pair-21-case-097,OpenTelemetry Logs,attributes-additive,cycle5,2,1,147,10,0,1,0,1,1,1
pair-21-case-098,OpenTelemetry Logs,attributes-additive,cycle5,3,1,117,10,0,1,0,1,1,1
pair-21-case-099,OpenTelemetry Logs,attributes-additive,cycle5,2,1,147,10,0,1,0,1,1,1
pair-21-case-100,OpenTelemetry Logs,attributes-additive,cycle5,3,1,105,10,0,1,0,1,1,1
pair-21-case-101,OpenTelemetry Logs,attributes-additive,cycle5,3,1,129,10,0,1,0,1,1,1
pair-21-case-102,OpenTelemetry Logs,attributes-additive,cycle5,4,1,77,10,0,1,0,1,1,1
pair-21-case-103,OpenTelemetry Logs,attributes-additive,cycle5,4,1,109,10,0,1,0,1,1,1
pair-21-case-104,OpenTelemetry Logs,attributes-additive,cycle5,4,1,91,10,0,1,0,1,1,1
pair-21-case-105,OpenTelemetry Logs,attributes-additive,cycle5,3,1,93,10,0,1,0,1,1,1
pair-21-case-106,OpenTelemetry Logs,attributes-additive,cycle5,4,1,81,10,0,1,0,1,1,1
pair-21-case-107,OpenTelemetry Logs,attributes-additive,cycle5,4,1,89,10,0,1,0,1,1,1
pair-21-case-108,OpenTelemetry Logs,attributes-additive,cycle5,3,1,105,10,0,1,0,1,1,1
pair-21-case-109,OpenTelemetry Logs,attributes-additive,cycle5,2,1,147,10,0,1,0,1,1,1
pair-21-case-110,OpenTelemetry Logs,attributes-additive,cycle5,4,1,103,10,0,1,0,1,1,1
pair-21-case-111,OpenTelemetry Logs,attributes-additive,cycle5,4,1,80,10,0,1,0,1,1,1
pair-21-case-112,OpenTelemetry Logs,attributes-additive,cycle5,4,1,69,10,0,1,0,1,1,1
pair-21-case-113,OpenTelemetry Logs,attributes-additive,cycle5,2,1,147,10,0,1,0,1,1,1
pair-21-case-114,OpenTelemetry Logs,attributes-additive,cycle5,4,1,81,10,0,1,0,1,1,1
pair-21-case-115,OpenTelemetry Logs,attributes-additive,cycle5,4,1,81,10,0,1,0,1,1,1
pair-21-case-116,OpenTelemetry Logs,attributes-additive,cycle5,4,1,77,10,0,1,0,1,1,1
pair-21-case-117,OpenTelemetry Logs,attributes-additive,cycle5,3,1,105,10,0,1,0,1,1,1
pair-21-case-118,OpenTelemetry Logs,attributes-additive,cycle5,4,1,99,10,0,1,0,1,1,1
pair-21-case-119,OpenTelemetry Logs,attributes-additive,cycle5,4,1,87,10,0,1,0,1,1,1
pair-21-case-120,OpenTelemetry Logs,attributes-additive,cycle5,4,1,63,10,0,1,0,1,1,1
pair-21-case-121,OpenTelemetry Logs,attributes-additive,cycle5,4,1,77,10,0,1,0,1,1,1
pair-21-case-122,OpenTelemetry Logs,attributes-additive,cycle5,4,1,89,10,0,1,0,1,1,1
pair-21-case-123,OpenTelemetry Logs,attributes-additive,cycle5,4,1,93,10,0,1,0,1,1,1
pair-21-case-124,OpenTelemetry Logs,attributes-additive,cycle5,4,1,69,10,0,1,0,1,1,1
pair-21-case-125,OpenTelemetry Logs,attributes-additive,cycle5,3,1,99,10,0,1,0,1,1,1
pair-21-case-126,OpenTelemetry Logs,attributes-additive,cycle5,4,1,83,10,0,1,0,1,1,1
pair-21-case-127,OpenTelemetry Logs,attributes-additive,cycle5,2,1,135,10,0,1,0,1,1,1
pair-21-case-128,OpenTelemetry Logs,attributes-additive,cycle5,3,1,119,10,0,1,0,1,1,1
pair-21-case-129,OpenTelemetry Logs,attributes-additive,cycle5,4,1,99,10,0,1,0,1,1,1
pair-21-case-130,OpenTelemetry Logs,attributes-additive,cycle5,4,1,91,10,0,1,0,1,1,1
pair-21-case-131,OpenTelemetry Logs,attributes-additive,cycle5,4,1,83,10,0,1,0,1,1,1
pair-21-case-132,OpenTelemetry Logs,attributes-additive,cycle5,4,1,75,10,0,1,0,1,1,1
pair-21-case-133,OpenTelemetry Logs,attributes-additive,cycle5,4,1,69,10,0,1,0,1,1,1
pair-21-case-134,OpenTelemetry Logs,attributes-additive,cycle5,4,1,77,10,0,1,0,1,1,1
pair-21-case-135,OpenTelemetry Logs,attributes-additive,cycle5,4,1,69,10,0,1,0,1,1,1
pair-21-case-136,OpenTelemetry Logs,attributes-additive,cycle5,2,1,153,10,0,1,0,1,1,1
pair-21-case-137,OpenTelemetry Logs,attributes-additive,cycle5,4,1,91,10,0,1,0,1,1,1
pair-21-case-138,OpenTelemetry Logs,attributes-additive,cycle5,4,0,0,0,1,0,0,0,1,1
pair-21-case-139,OpenTelemetry Logs,attributes-additive,cycle5,4,0,0,0,1,1,0,0,1,1
pair-21-case-140,OpenTelemetry Logs,attributes-additive,cycle5,4,0,14,0,1,1,0,0,1,1
pair-21-case-141,OpenTelemetry Logs,attributes-additive,cycle5,4,0,0,0,1,0,0,0,1,1
pair-21-case-142,OpenTelemetry Logs,attributes-additive,cycle5,4,0,0,0,1,0,0,0,1,1
pair-21-case-143,OpenTelemetry Logs,attributes-additive,cycle5,4,0,0,0,1,0,0,0,1,1
pair-21-case-144,OpenTelemetry Logs,attributes-additive,cycle5,4,0,0,0,1,0,0,0,1,1
pair-21-case-145,OpenTelemetry Logs,attributes-additive,cycle5,4,0,0,0,1,0,0,0,1,1
pair-21-case-146,OpenTelemetry Logs,attributes-additive,cycle5,4,0,0,0,1,0,0,0,1,1
pair-21-case-147,OpenTelemetry Logs,attributes-additive,cycle5,4,0,0,0,1,0,0,0,1,1
pair-21-case-148,OpenTelemetry Logs,attributes-additive,cycle5,4,0,0,0,1,0,0,0,1,1
pair-21-case-149,OpenTelemetry Logs,attributes-additive,cycle5,4,0,0,0,1,0,0,0,1,1
pair-21-case-150,OpenTelemetry Logs,attributes-additive,cycle5,4,0,0,0,1,0,0,0,1,1
pair-21-case-151,OpenTelemetry Logs,attributes-additive,cycle5,4,0,0,0,1,0,0,0,1,1
pair-21-case-152,OpenTelemetry Logs,attributes-additive,cycle5,3,0,27,0,1,0,0,0,1,1
pair-21-case-153,OpenTelemetry Logs,attributes-additive,cycle5,4,0,0,0,1,1,0,0,1,1
pair-21-case-154,OpenTelemetry Logs,attributes-additive,cycle5,4,0,0,0,1,0,0,0,1,1
pair-21-case-155,OpenTelemetry Logs,attributes-additive,cycle5,4,0,0,0,1,1,0,0,1,1
pair-21-case-156,OpenTelemetry Logs,attributes-additive,cycle5,4,0,0,0,1,1,0,0,1,1
pair-21-case-157,OpenTelemetry Logs,attributes-additive,cycle5,4,0,0,0,1,1,0,0,1,1
pair-21-case-158,OpenTelemetry Logs,attributes-additive,cycle5,4,0,0,0,1,0,0,0,1,1
pair-21-case-159,OpenTelemetry Logs,attributes-additive,cycle5,4,0,27,0,1,1,0,0,1,1
pair-21-case-160,OpenTelemetry Logs,attributes-additive,cycle5,4,0,0,0,1,0,0,0,1,1
pair-21-case-161,OpenTelemetry Logs,attributes-additive,cycle5,4,0,0,0,1,1,0,0,1,1
pair-21-case-162,OpenTelemetry Logs,attributes-additive,cycle5,4,0,0,0,1,0,0,0,1,1
pair-21-case-163,OpenTelemetry Logs,attributes-additive,cycle5,3,0,0,0,1,1,1,0,1,1
pair-21-case-164,OpenTelemetry Logs,attributes-additive,cycle5,4,0,3,0,1,1,0,1,1,1
pair-21-case-165,OpenTelemetry Logs,attributes-additive,cycle5,4,0,0,0,1,1,0,0,1,1
pair-21-case-166,OpenTelemetry Logs,attributes-additive,cycle5,4,0,0,0,1,1,0,0,1,1
pair-21-case-167,OpenTelemetry Logs,attributes-additive,cycle5,4,0,0,0,1,0,0,0,1,1
pair-21-case-168,OpenTelemetry Logs,attributes-additive,cycle5,4,0,0,0,1,0,0,0,1,1
pair-21-case-169,OpenTelemetry Logs,attributes-additive,cycle5,4,0,0,0,1,0,0,0,1,1
pair-21-case-170,OpenTelemetry Logs,attributes-additive,cycle5,4,0,0,0,1,0,0,0,1,1
pair-21-case-171,OpenTelemetry Logs,attributes-additive,cycle5,3,0,0,0,1,0,0,0,1,1
pair-21-case-172,OpenTelemetry Logs,attributes-additive,cycle5,4,0,0,0,1,1,0,0,1,1
pair-21-case-173,OpenTelemetry Logs,attributes-additive,cycle5,4,0,0,0,1,0,0,0,1,1
pair-21-case-174,OpenTelemetry Logs,attributes-additive,cycle5,4,0,0,0,1,1,0,0,1,1
pair-21-case-175,OpenTelemetry Logs,attributes-additive,cycle5,4,0,0,0,1,1,0,0,1,1
pair-21-case-176,OpenTelemetry Logs,attributes-additive,cycle5,4,0,0,0,1,0,0,0,1,1
pair-21-case-177,OpenTelemetry Logs,attributes-additive,cycle5,4,0,0,0,1,0,0,0,1,1
pair-21-case-178,OpenTelemetry Logs,attributes-additive,cycle5,4,0,0,0,1,0,0,0,1,1
pair-21-case-179,OpenTelemetry Logs,attributes-additive,cycle5,4,0,0,0,1,0,0,0,1,1
pair-21-case-180,OpenTelemetry Logs,attributes-additive,cycle5,4,0,0,0,1,0,0,0,1,1
pair-21-case-181,OpenTelemetry Logs,attributes-additive,cycle5,4,0,0,0,1,0,0,0,1,1
pair-21-case-182,OpenTelemetry Logs,attributes-additive,cycle5,4,1,78,10,0,1,0,1,1,1
pair-21-case-183,OpenTelemetry Logs,attributes-additive,cycle5,4,0,0,0,1,1,0,0,1,1
pair-21-case-184,OpenTelemetry Logs,attributes-additive,cycle5,4,0,0,0,1,0,0,0,1,1
pair-21-case-185,OpenTelemetry Logs,attributes-additive,cycle5,3,0,0,0,1,0,0,0,1,1
pair-21-case-186,OpenTelemetry Logs,attributes-additive,cycle5,4,0,0,0,1,0,0,0,1,1
pair-21-case-187,OpenTelemetry Logs,attributes-additive,cycle5,4,0,0,0,1,0,0,0,1,1
pair-21-case-188,OpenTelemetry Logs,attributes-additive,cycle5,4,0,0,0,1,0,0,0,1,1
pair-21-case-189,OpenTelemetry Logs,attributes-additive,cycle5,4,0,0,0,1,1,0,0,1,1
pair-21-case-190,OpenTelemetry Logs,attributes-additive,cycle5,4,0,0,0,1,1,0,0,1,1
pair-21-case-191,OpenTelemetry Logs,attributes-additive,cycle5,4,0,0,0,1,1,0,0,1,1
pair-21-case-192,OpenTelemetry Logs,attributes-additive,cycle5,4,0,0,0,1,0,0,0,1,1
pair-21-case-193,OpenTelemetry Logs,attributes-additive,cycle5,4,0,0,0,1,0,0,0,1,1
pair-21-case-194,OpenTelemetry Logs,attributes-additive,cycle5,4,0,0,0,1,0,0,0,1,1
pair-21-case-195,OpenTelemetry Logs,attributes-additive,cycle5,4,0,27,0,1,1,0,1,1,1
pair-21-case-196,OpenTelemetry Logs,attributes-additive,cycle5,4,0,0,0,1,0,0,0,1,1
pair-21-case-197,OpenTelemetry Logs,attributes-additive,cycle5,4,0,0,0,1,1,0,0,1,1
pair-21-case-198,OpenTelemetry Logs,attributes-additive,cycle5,4,0,19,0,1,0,0,1,1,1
pair-21-case-199,OpenTelemetry Logs,attributes-additive,cycle5,4,0,0,0,1,0,0,0,1,1
pair-21-case-200,OpenTelemetry Logs,attributes-additive,cycle5,4,0,0,0,1,0,0,0,1,1
pair-21-case-201,OpenTelemetry Logs,attributes-additive,cycle5,4,0,0,0,1,1,0,0,1,1
pair-21-case-202,OpenTelemetry Logs,attributes-additive,cycle5,4,0,0,0,1,1,0,0,1,1
pair-21-case-203,OpenTelemetry Logs,attributes-additive,cycle5,3,0,0,0,1,0,0,0,1,1
pair-21-case-204,OpenTelemetry Logs,attributes-additive,cycle5,4,0,0,0,1,1,0,0,1,1
pair-21-case-205,OpenTelemetry Logs,attributes-additive,cycle5,4,0,0,0,1,0,0,0,1,1
pair-21-case-206,OpenTelemetry Logs,attributes-additive,cycle5,4,0,0,0,1,0,0,0,1,1
pair-21-case-207,OpenTelemetry Logs,attributes-additive,cycle5,4,0,0,0,1,0,0,0,1,1
pair-21-case-208,OpenTelemetry Logs,attributes-additive,cycle5,4,0,0,0,1,0,0,0,1,1
pair-21-case-209,OpenTelemetry Logs,attributes-additive,cycle5,4,0,0,0,1,0,0,0,1,1
pair-21-case-210,OpenTelemetry Logs,attributes-additive,cycle5,4,0,0,0,1,1,0,0,1,1
pair-21-case-211,OpenTelemetry Logs,attributes-additive,cycle5,4,0,0,0,1,0,0,0,1,1
pair-21-case-212,OpenTelemetry Logs,attributes-additive,cycle5,4,0,27,0,1,0,0,0,1,1
pair-21-case-213,OpenTelemetry Logs,attributes-additive,cycle5,4,0,0,0,1,0,0,0,1,1
pair-21-case-214,OpenTelemetry Logs,attributes-additive,cycle5,4,0,21,0,1,1,0,0,1,1
pair-21-case-215,OpenTelemetry Logs,attributes-additive,cycle5,4,0,0,0,1,1,0,0,1,1
pair-21-case-216,OpenTelemetry Logs,attributes-additive,cycle5,4,0,0,0,1,0,0,0,1,1
pair-21-case-217,OpenTelemetry Logs,attributes-additive,cycle5,4,0,0,0,1,0,0,0,1,1
pair-21-case-218,OpenTelemetry Logs,attributes-additive,cycle5,4,0,0,0,1,0,0,0,1,1
pair-21-case-219,OpenTelemetry Logs,attributes-additive,cycle5,3,0,18,0,1,1,0,1,1,1
pair-21-case-220,OpenTelemetry Logs,attributes-additive,cycle5,4,0,0,0,1,0,0,0,1,1
pair-21-case-221,OpenTelemetry Logs,attributes-additive,cycle5,4,0,0,0,1,1,0,0,1,1
pair-21-case-222,OpenTelemetry Logs,attributes-additive,cycle5,4,0,18,0,1,0,0,1,1,1
pair-21-case-223,OpenTelemetry Logs,attributes-additive,cycle5,4,0,0,0,1,0,0,0,1,1
pair-21-case-224,OpenTelemetry Logs,attributes-additive,cycle5,4,0,0,0,1,1,1,0,1,1
pair-21-case-225,OpenTelemetry Logs,attributes-additive,cycle5,4,0,0,0,1,0,0,0,1,1
pair-21-case-226,OpenTelemetry Logs,attributes-additive,cycle5,4,0,0,0,1,0,0,0,1,1
pair-21-case-227,OpenTelemetry Logs,attributes-additive,cycle5,4,0,0,0,1,0,0,0,1,1
pair-21-case-228,OpenTelemetry Logs,attributes-additive,cycle5,4,0,0,0,1,0,0,0,1,1
pair-21-case-229,OpenTelemetry Logs,attributes-additive,cycle5,4,0,0,0,1,0,0,0,1,1
pair-21-case-230,OpenTelemetry Logs,attributes-additive,cycle5,3,0,0,0,1,0,0,0,1,1
pair-21-case-231,OpenTelemetry Logs,attributes-additive,cycle5,4,0,0,0,1,1,0,0,1,1
pair-21-case-232,OpenTelemetry Logs,attributes-additive,cycle5,4,0,0,0,1,0,0,0,1,1
pair-21-case-233,OpenTelemetry Logs,attributes-additive,cycle5,4,0,0,0,1,0,0,0,1,1
pair-21-case-234,OpenTelemetry Logs,attributes-additive,cycle5,4,0,0,0,1,0,0,0,1,1
pair-21-case-235,OpenTelemetry Logs,attributes-additive,cycle5,4,0,0,0,1,0,0,0,1,1
pair-21-case-236,OpenTelemetry Logs,attributes-additive,cycle5,4,0,0,0,1,0,0,0,1,1
pair-21-case-237,OpenTelemetry Logs,attributes-additive,cycle5,4,0,0,0,1,0,0,0,1,1
pair-21-case-238,OpenTelemetry Logs,attributes-additive,cycle5,4,0,0,0,1,0,0,0,1,1
pair-21-case-239,OpenTelemetry Logs,attributes-additive,cycle5,4,0,9,0,1,1,0,0,1,1
pair-21-case-240,OpenTelemetry Logs,attributes-additive,cycle5,4,0,0,0,1,1,0,0,1,1
pair-21-case-241,OpenTelemetry Logs,attributes-additive,cycle5,4,0,0,0,1,0,0,0,1,1
pair-21-case-242,OpenTelemetry Logs,attributes-additive,cycle5,4,0,0,0,1,0,0,0,1,1
pair-21-case-243,OpenTelemetry Logs,attributes-additive,cycle5,4,0,0,0,1,0,0,0,1,1
pair-21-case-244,OpenTelemetry Logs,attributes-additive,cycle5,4,0,0,0,1,1,0,0,1,1
pair-21-case-245,OpenTelemetry Logs,attributes-additive,cycle5,4,0,0,0,1,0,0,0,1,1
pair-21-case-246,OpenTelemetry Logs,attributes-additive,cycle5,4,0,63,0,1,1,0,0,1,1
pair-21-case-247,OpenTelemetry Logs,attributes-additive,cycle5,4,0,21,0,1,0,0,1,1,1
pair-21-case-248,OpenTelemetry Logs,attributes-additive,cycle5,3,0,57,0,1,1,0,1,1,1
pair-21-case-249,OpenTelemetry Logs,attributes-additive,cycle5,4,0,0,0,1,0,0,0,1,1
pair-21-case-250,OpenTelemetry Logs,attributes-additive,cycle5,4,0,0,0,1,0,0,0,1,1
pair-21-case-251,OpenTelemetry Logs,attributes-additive,cycle5,4,0,0,0,1,1,0,0,1,1
pair-21-case-252,OpenTelemetry Logs,attributes-additive,cycle5,4,0,0,0,1,0,0,0,1,1
pair-21-case-253,OpenTelemetry Logs,attributes-additive,cycle5,4,0,0,0,1,1,0,0,1,1
pair-21-case-254,OpenTelemetry Logs,attributes-additive,cycle5,3,0,0,0,1,0,0,0,1,1
pair-21-case-255,OpenTelemetry Logs,attributes-additive,cycle5,4,0,0,0,1,1,0,0,1,1
pair-21-case-256,OpenTelemetry Logs,attributes-additive,cycle5,4,0,0,0,1,1,0,0,1,1
pair-21-case-257,OpenTelemetry Logs,attributes-additive,cycle5,3,0,0,0,1,0,0,0,1,1
pair-21-case-258,OpenTelemetry Logs,attributes-additive,cycle5,3,0,0,0,1,1,1,0,1,1
pair-21-case-259,OpenTelemetry Logs,attributes-additive,cycle5,4,0,0,0,1,0,0,0,1,1
pair-21-case-260,OpenTelemetry Logs,attributes-additive,cycle5,4,0,0,0,1,0,0,0,1,1
pair-21-case-261,OpenTelemetry Logs,attributes-additive,cycle5,4,0,6,0,1,0,0,1,1,1
pair-21-case-262,OpenTelemetry Logs,attributes-additive,cycle5,4,0,0,0,1,0,0,0,1,1
pair-21-case-263,OpenTelemetry Logs,attributes-additive,cycle5,4,0,0,0,1,0,0,0,1,1
pair-21-case-264,OpenTelemetry Logs,attributes-additive,cycle5,4,0,0,0,1,1,0,0,1,1
pair-21-case-265,OpenTelemetry Logs,attributes-additive,cycle5,4,0,0,0,1,0,0,0,1,1
pair-21-case-266,OpenTelemetry Logs,attributes-additive,cycle5,4,0,0,0,1,0,0,0,1,1
pair-21-case-267,OpenTelemetry Logs,attributes-additive,cycle5,4,0,0,0,1,0,0,0,1,1
pair-21-case-268,OpenTelemetry Logs,attributes-additive,cycle5,4,0,0,0,1,0,0,0,1,1
pair-21-case-269,OpenTelemetry Logs,attributes-additive,cycle5,4,0,0,0,1,0,0,0,1,1
pair-21-case-270,OpenTelemetry Logs,attributes-additive,cycle5,3,0,0,0,1,0,0,0,1,1
pair-21-case-271,OpenTelemetry Logs,attributes-additive,cycle5,3,0,0,0,1,1,1,0,1,1
pair-21-case-272,OpenTelemetry Logs,attributes-additive,cycle5,3,0,0,0,1,0,0,0,1,1
pair-21-case-273,OpenTelemetry Logs,attributes-additive,cycle5,4,0,0,0,1,1,0,0,1,1
pair-21-case-274,OpenTelemetry Logs,attributes-additive,cycle5,4,0,0,0,1,1,0,0,1,1
pair-21-case-275,OpenTelemetry Logs,attributes-additive,cycle5,4,0,45,0,1,1,0,1,1,1
pair-21-case-276,OpenTelemetry Logs,attributes-additive,cycle5,4,0,0,0,1,0,0,0,1,1
pair-21-case-277,OpenTelemetry Logs,attributes-additive,cycle5,4,0,0,0,1,1,0,0,1,1
pair-21-case-278,OpenTelemetry Logs,attributes-additive,cycle5,4,0,0,0,1,1,0,0,1,1
pair-21-case-279,OpenTelemetry Logs,attributes-additive,cycle5,4,0,21,0,1,0,0,0,1,1
pair-21-case-280,OpenTelemetry Logs,attributes-additive,cycle5,3,0,0,0,1,0,0,0,1,1
pair-21-case-281,OpenTelemetry Logs,attributes-additive,cycle5,4,0,0,0,1,0,0,0,1,1
pair-21-case-282,OpenTelemetry Logs,attributes-additive,cycle5,4,0,0,0,1,0,0,0,1,1
pair-21-case-283,OpenTelemetry Logs,attributes-additive,cycle5,3,0,0,0,1,1,0,0,1,1
pair-21-case-284,OpenTelemetry Logs,attributes-additive,cycle5,4,0,0,0,1,0,0,0,1,1
pair-21-case-285,OpenTelemetry Logs,attributes-additive,cycle5,4,0,0,0,1,0,0,0,1,1
pair-21-case-286,OpenTelemetry Logs,attributes-additive,cycle5,4,0,0,0,1,1,1,0,1,1
pair-21-case-287,OpenTelemetry Logs,attributes-additive,cycle5,4,0,0,0,1,1,0,0,1,1
pair-21-case-288,OpenTelemetry Logs,attributes-additive,cycle5,4,0,9,0,1,0,0,0,1,1
pair-21-case-289,OpenTelemetry Logs,attributes-additive,cycle5,4,0,0,0,1,0,0,0,1,1
pair-21-case-290,OpenTelemetry Logs,attributes-additive,cycle5,4,0,9,0,1,0,0,1,1,1
pair-21-case-291,OpenTelemetry Logs,attributes-additive,cycle5,4,0,0,0,1,0,0,0,1,1
pair-21-case-292,OpenTelemetry Logs,attributes-additive,cycle5,3,0,0,0,1,0,0,0,1,1
pair-21-case-293,OpenTelemetry Logs,attributes-additive,cycle5,4,0,0,0,1,0,0,0,1,1
pair-21-case-294,OpenTelemetry Logs,attributes-additive,cycle5,4,0,0,0,1,1,0,0,1,1
pair-21-case-295,OpenTelemetry Logs,attributes-additive,cycle5,4,0,0,0,1,0,0,0,1,1
pair-21-case-296,OpenTelemetry Logs,attributes-additive,cycle5,4,0,0,0,1,0,0,0,1,1
pair-21-case-297,OpenTelemetry Logs,attributes-additive,cycle5,4,0,0,0,1,1,0,0,1,1
pair-21-case-298,OpenTelemetry Logs,attributes-additive,cycle5,4,0,0,0,1,1,0,0,1,1
pair-21-case-299,OpenTelemetry Logs,attributes-additive,cycle5,4,0,0,0,1,1,0,0,1,1
pair-21-case-300,OpenTelemetry Logs,attributes-additive,cycle5,4,0,0,0,1,1,0,0,1,1
pair-21-case-301,OpenTelemetry Logs,attributes-additive,cycle5,4,0,0,0,1,0,0,0,1,1
pair-21-case-302,OpenTelemetry Logs,attributes-additive,cycle5,4,0,21,0,1,0,0,1,1,1
pair-21-case-303,OpenTelemetry Logs,attributes-additive,cycle5,4,0,0,0,1,0,0,0,1,1
pair-21-case-304,OpenTelemetry Logs,attributes-additive,cycle5,4,0,0,0,1,1,0,0,1,1
pair-21-case-305,OpenTelemetry Logs,attributes-additive,cycle5,4,0,6,0,1,0,0,1,1,1
pair-21-case-306,OpenTelemetry Logs,attributes-additive,cycle5,4,0,0,0,1,1,0,0,1,1
pair-21-case-307,OpenTelemetry Logs,attributes-additive,cycle5,4,0,0,0,1,0,0,0,1,1
pair-21-case-308,OpenTelemetry Logs,attributes-additive,cycle5,4,0,0,0,1,0,0,0,1,1
pair-21-case-309,OpenTelemetry Logs,attributes-additive,cycle5,4,0,0,0,1,1,0,0,1,1
pair-21-case-310,OpenTelemetry Logs,attributes-additive,cycle5,4,0,0,0,1,0,0,0,1,1
pair-21-case-311,OpenTelemetry Logs,attributes-additive,cycle5,4,0,0,0,1,0,0,0,1,1
pair-21-case-312,OpenTelemetry Logs,attributes-additive,cycle5,4,0,0,0,1,1,0,0,1,1
pair-21-case-313,OpenTelemetry Logs,attributes-additive,cycle5,3,0,0,0,1,1,0,0,1,1
pair-21-case-314,OpenTelemetry Logs,attributes-additive,cycle5,4,0,0,0,1,0,0,0,1,1
pair-21-case-315,OpenTelemetry Logs,attributes-additive,cycle5,4,0,0,0,1,1,0,0,1,1
pair-21-case-316,OpenTelemetry Logs,attributes-additive,cycle5,4,0,0,0,1,0,0,0,1,1
pair-21-case-317,OpenTelemetry Logs,attributes-additive,cycle5,4,0,0,0,1,0,0,0,1,1
pair-21-case-318,OpenTelemetry Logs,attributes-additive,cycle5,4,0,0,0,1,0,0,0,1,1
pair-21-case-319,OpenTelemetry Logs,attributes-additive,cycle5,4,0,0,0,1,0,0,0,1,1
pair-21-case-320,OpenTelemetry Logs,attributes-additive,cycle5,4,0,9,0,1,0,0,0,1,1
pair-21-case-321,OpenTelemetry Logs,attributes-additive,cycle5,4,0,0,0,1,0,0,0,1,1
pair-21-case-322,OpenTelemetry Logs,attributes-additive,cycle5,4,0,0,0,1,0,0,0,1,1
pair-21-case-323,OpenTelemetry Logs,attributes-additive,cycle5,4,0,0,0,1,0,0,0,1,1
pair-21-case-324,OpenTelemetry Logs,attributes-additive,cycle5,4,0,0,0,1,0,0,0,1,1
pair-21-case-325,OpenTelemetry Logs,attributes-additive,cycle5,4,0,0,0,1,1,0,0,1,1
pair-21-case-326,OpenTelemetry Logs,attributes-additive,cycle5,4,0,0,0,1,0,0,0,1,1
pair-21-case-327,OpenTelemetry Logs,attributes-additive,cycle5,4,0,3,0,1,0,0,1,1,1
pair-21-case-328,OpenTelemetry Logs,attributes-additive,cycle5,4,0,0,0,1,0,0,0,1,1
pair-21-case-329,OpenTelemetry Logs,attributes-additive,cycle5,4,0,0,0,1,1,0,0,1,1
pair-21-case-330,OpenTelemetry Logs,attributes-additive,cycle5,4,0,0,0,1,0,0,0,1,1
pair-21-case-331,OpenTelemetry Logs,attributes-additive,cycle5,3,0,0,0,1,0,0,0,1,1
pair-21-case-332,OpenTelemetry Logs,attributes-additive,cycle5,4,0,0,0,1,1,0,0,1,1
pair-21-case-333,OpenTelemetry Logs,attributes-additive,cycle5,4,0,15,0,1,1,0,0,1,1
pair-21-case-334,OpenTelemetry Logs,attributes-additive,cycle5,4,0,9,0,1,0,0,0,1,1
pair-21-case-335,OpenTelemetry Logs,attributes-additive,cycle5,4,0,45,0,1,0,0,1,1,1
pair-21-case-336,OpenTelemetry Logs,attributes-additive,cycle5,4,0,42,0,1,0,0,1,1,1
pair-21-case-337,OpenTelemetry Logs,attributes-additive,cycle5,3,0,0,0,1,1,0,0,1,1
pair-21-case-338,OpenTelemetry Logs,attributes-additive,cycle5,4,0,0,0,1,0,0,0,1,1
pair-21-case-339,OpenTelemetry Logs,attributes-additive,cycle5,4,0,30,0,1,0,0,1,1,1
pair-21-case-340,OpenTelemetry Logs,attributes-additive,cycle5,4,0,0,0,1,0,0,0,1,1
pair-21-case-341,OpenTelemetry Logs,attributes-additive,cycle5,4,0,0,0,1,0,0,0,1,1
pair-21-case-342,OpenTelemetry Logs,attributes-additive,cycle5,3,0,0,0,1,0,0,0,1,1
pair-21-case-343,OpenTelemetry Logs,attributes-additive,cycle5,4,0,0,0,1,0,0,0,1,1
pair-21-case-344,OpenTelemetry Logs,attributes-additive,cycle5,4,0,0,0,1,1,0,0,1,1
pair-21-case-345,OpenTelemetry Logs,attributes-additive,cycle5,4,0,0,0,1,0,0,0,1,1
pair-21-case-346,OpenTelemetry Logs,attributes-additive,cycle5,4,0,0,0,1,1,0,0,1,1
pair-21-case-347,OpenTelemetry Logs,attributes-additive,cycle5,4,0,0,0,1,0,0,0,1,1
pair-21-case-348,OpenTelemetry Logs,attributes-additive,cycle5,4,0,0,0,1,0,0,0,1,1
pair-21-case-349,OpenTelemetry Logs,attributes-additive,cycle5,3,0,0,0,1,0,0,0,1,1
pair-21-case-350,OpenTelemetry Logs,attributes-additive,cycle5,4,0,0,0,1,0,0,0,1,1
pair-21-case-351,OpenTelemetry Logs,attributes-additive,cycle5,4,0,0,0,1,1,0,0,1,1
pair-21-case-352,OpenTelemetry Logs,attributes-additive,cycle5,4,0,0,0,1,1,0,0,1,1
pair-21-case-353,OpenTelemetry Logs,attributes-additive,cycle5,4,0,0,0,1,0,0,0,1,1
pair-21-case-354,OpenTelemetry Logs,attributes-additive,cycle5,4,0,0,0,1,0,0,0,1,1
pair-21-case-355,OpenTelemetry Logs,attributes-additive,cycle5,4,0,0,0,1,0,0,0,1,1
pair-21-case-356,OpenTelemetry Logs,attributes-additive,cycle5,4,0,0,0,1,0,0,0,1,1
pair-21-case-357,OpenTelemetry Logs,attributes-additive,cycle5,4,0,0,0,1,1,1,0,1,1
pair-21-case-358,OpenTelemetry Logs,attributes-additive,cycle5,4,0,0,0,1,0,0,0,1,1
pair-21-case-359,OpenTelemetry Logs,attributes-additive,cycle5,3,0,0,0,1,0,0,0,1,1
pair-21-case-360,OpenTelemetry Logs,attributes-additive,cycle5,4,0,0,0,1,0,0,0,1,1
pair-21-case-361,OpenTelemetry Logs,attributes-additive,cycle5,3,0,0,0,1,0,0,0,1,1
pair-21-case-362,OpenTelemetry Logs,attributes-additive,cycle5,4,0,0,0,1,1,0,0,1,1
pair-21-case-363,OpenTelemetry Logs,attributes-additive,cycle5,4,0,0,0,1,0,0,0,1,1
pair-21-case-364,OpenTelemetry Logs,attributes-additive,cycle5,4,0,0,0,1,0,0,0,1,1
pair-21-case-365,OpenTelemetry Logs,attributes-additive,cycle5,4,0,0,0,1,1,0,0,1,1
pair-21-case-366,OpenTelemetry Logs,attributes-additive,cycle5,4,0,0,0,1,1,0,0,1,1
pair-21-case-367,OpenTelemetry Logs,attributes-additive,cycle5,4,0,21,0,1,1,0,0,1,1
pair-21-case-368,OpenTelemetry Logs,attributes-additive,cycle5,4,0,0,0,1,0,0,0,1,1
pair-21-case-369,OpenTelemetry Logs,attributes-additive,cycle5,4,0,0,0,1,0,0,0,1,1
pair-21-case-370,OpenTelemetry Logs,attributes-additive,cycle5,4,0,0,0,1,0,0,0,1,1
pair-21-case-371,OpenTelemetry Logs,attributes-additive,cycle5,3,0,0,0,1,0,0,0,1,1
pair-21-case-372,OpenTelemetry Logs,attributes-additive,cycle5,4,0,0,0,1,1,0,0,1,1
pair-21-case-373,OpenTelemetry Logs,attributes-additive,cycle5,4,0,0,0,1,0,0,0,1,1
pair-21-case-374,OpenTelemetry Logs,attributes-additive,cycle5,4,0,0,0,1,0,0,0,1,1
pair-21-case-375,OpenTelemetry Logs,attributes-additive,cycle5,4,0,0,0,1,1,0,0,1,1
pair-21-case-376,OpenTelemetry Logs,attributes-additive,cycle5,3,0,0,0,1,0,0,0,1,1
pair-21-case-377,OpenTelemetry Logs,attributes-additive,cycle5,4,0,0,0,1,1,0,0,1,1
pair-21-case-378,OpenTelemetry Logs,attributes-additive,cycle5,3,0,0,0,1,1,0,0,1,1
pair-21-case-379,OpenTelemetry Logs,attributes-additive,cycle5,4,0,0,0,1,1,0,0,1,1
pair-21-case-380,OpenTelemetry Logs,attributes-additive,cycle5,4,0,0,0,1,0,0,0,1,1
pair-21-case-381,OpenTelemetry Logs,attributes-additive,cycle5,4,0,0,0,1,0,0,0,1,1
pair-21-case-382,OpenTelemetry Logs,attributes-additive,cycle5,4,0,0,0,1,0,0,0,1,1
pair-21-case-383,OpenTelemetry Logs,attributes-additive,cycle5,4,0,0,0,1,0,0,0,1,1
pair-21-case-384,OpenTelemetry Logs,attributes-additive,cycle5,4,0,0,0,1,0,0,0,1,1
pair-21-case-385,OpenTelemetry Logs,attributes-additive,cycle5,4,0,0,0,1,1,0,0,1,1
pair-21-case-386,OpenTelemetry Logs,attributes-additive,cycle5,4,0,0,0,1,1,0,0,1,1
pair-21-case-387,OpenTelemetry Logs,attributes-additive,cycle5,4,0,0,0,1,1,0,0,1,1
pair-21-case-388,OpenTelemetry Logs,attributes-additive,cycle5,4,0,0,0,1,0,0,0,1,1
pair-21-case-389,OpenTelemetry Logs,attributes-additive,cycle5,4,0,0,0,1,0,0,0,1,1
pair-21-case-390,OpenTelemetry Logs,attributes-additive,cycle5,4,0,0,0,1,1,0,0,1,1
pair-21-case-391,OpenTelemetry Logs,attributes-additive,cycle5,4,0,0,0,1,1,0,0,1,1
pair-21-case-392,OpenTelemetry Logs,attributes-additive,cycle5,4,0,0,0,1,1,0,0,1,1
pair-21-case-393,OpenTelemetry Logs,attributes-additive,cycle5,3,0,0,0,1,0,0,0,1,1
pair-21-case-394,OpenTelemetry Logs,attributes-additive,cycle5,4,0,0,0,1,1,0,0,1,1
pair-21-case-395,OpenTelemetry Logs,attributes-additive,cycle5,4,0,0,0,1,1,0,0,1,1
pair-21-case-396,OpenTelemetry Logs,attributes-additive,cycle5,4,0,0,0,1,0,0,0,1,1
pair-21-case-397,OpenTelemetry Logs,attributes-additive,cycle5,4,0,0,0,1,0,0,0,1,1
pair-21-case-398,OpenTelemetry Logs,attributes-additive,cycle5,4,0,0,0,1,0,0,0,1,1
pair-21-case-399,OpenTelemetry Logs,attributes-additive,cycle5,4,0,0,0,1,0,0,0,1,1
pair-21-case-400,OpenTelemetry Logs,attributes-additive,cycle5,4,0,0,0,1,0,0,0,1,1
pair-21-case-401,OpenTelemetry Logs,attributes-additive,cycle5,4,0,0,0,1,1,0,0,1,1
pair-21-case-402,OpenTelemetry Logs,attributes-additive,cycle5,4,0,0,0,1,0,0,0,1,1
pair-21-case-403,OpenTelemetry Logs,attributes-additive,cycle5,4,0,18,0,1,0,0,1,1,1
pair-21-case-404,OpenTelemetry Logs,attributes-additive,cycle5,3,0,0,0,1,0,0,0,1,1
pair-21-case-405,OpenTelemetry Logs,attributes-additive,cycle5,4,0,0,0,1,1,0,0,1,1
pair-21-case-406,OpenTelemetry Logs,attributes-additive,cycle5,2,0,0,0,1,1,0,0,1,1
pair-21-case-407,OpenTelemetry Logs,attributes-additive,cycle5,4,0,21,0,1,0,0,0,1,1
pair-21-case-408,OpenTelemetry Logs,attributes-additive,cycle5,4,0,0,0,1,0,0,0,1,1
pair-21-case-409,OpenTelemetry Logs,attributes-additive,cycle5,4,0,0,0,1,0,0,0,1,1
pair-21-case-410,OpenTelemetry Logs,attributes-additive,cycle5,4,0,0,0,1,0,0,0,1,1
pair-21-case-411,OpenTelemetry Logs,attributes-additive,cycle5,4,0,0,0,1,1,0,0,1,1
pair-21-case-412,OpenTelemetry Logs,attributes-additive,cycle5,4,0,0,0,1,0,0,0,1,1
pair-21-case-413,OpenTelemetry Logs,attributes-additive,cycle5,4,0,0,0,1,0,0,0,1,1
pair-21-case-414,OpenTelemetry Logs,attributes-additive,cycle5,4,0,0,0,1,1,0,0,1,1
pair-21-case-415,OpenTelemetry Logs,attributes-additive,cycle5,4,0,0,0,1,0,0,0,1,1
pair-21-case-416,OpenTelemetry Logs,attributes-additive,cycle5,3,0,0,0,1,1,0,0,1,1
pair-21-case-417,OpenTelemetry Logs,attributes-additive,cycle5,4,0,0,0,1,0,0,0,1,1
pair-21-case-418,OpenTelemetry Logs,attributes-additive,cycle5,4,0,0,0,1,0,0,0,1,1
pair-21-case-419,OpenTelemetry Logs,attributes-additive,cycle5,4,0,0,0,1,1,0,0,1,1
pair-21-case-420,OpenTelemetry Logs,attributes-additive,cycle5,3,0,18,0,1,0,0,0,1,1
pair-21-case-421,OpenTelemetry Logs,attributes-additive,cycle5,4,0,0,0,1,0,0,0,1,1
pair-21-case-422,OpenTelemetry Logs,attributes-additive,cycle5,4,0,0,0,1,0,0,0,1,1
pair-21-case-423,OpenTelemetry Logs,attributes-additive,cycle5,4,0,0,0,1,1,0,0,1,1
pair-21-case-424,OpenTelemetry Logs,attributes-additive,cycle5,4,0,49,0,1,1,0,0,1,1
pair-21-case-425,OpenTelemetry Logs,attributes-additive,cycle5,4,0,27,0,1,0,0,0,1,1
pair-21-case-426,OpenTelemetry Logs,attributes-additive,cycle5,4,0,0,0,1,0,0,0,1,1
pair-21-case-427,OpenTelemetry Logs,attributes-additive,cycle5,4,0,0,0,1,0,0,0,1,1
pair-21-case-428,OpenTelemetry Logs,attributes-additive,cycle5,4,0,0,0,1,0,0,0,1,1
pair-21-case-429,OpenTelemetry Logs,attributes-additive,cycle5,4,0,0,0,1,1,0,0,1,1
pair-21-case-430,OpenTelemetry Logs,attributes-additive,cycle5,4,0,0,0,1,1,0,0,1,1
pair-21-case-431,OpenTelemetry Logs,attributes-additive,cycle5,4,0,0,0,1,0,0,0,1,1
pair-21-case-432,OpenTelemetry Logs,attributes-additive,cycle5,3,0,0,0,1,1,0,0,1,1
pair-21-case-433,OpenTelemetry Logs,attributes-additive,cycle5,4,0,0,0,1,0,0,0,1,1
pair-21-case-434,OpenTelemetry Logs,attributes-additive,cycle5,4,0,0,0,1,0,0,0,1,1
pair-21-case-435,OpenTelemetry Logs,attributes-additive,cycle5,4,0,0,0,1,0,0,0,1,1
pair-21-case-436,OpenTelemetry Logs,attributes-additive,cycle5,3,0,45,0,1,1,0,1,1,1
pair-21-case-437,OpenTelemetry Logs,attributes-additive,cycle5,4,0,0,0,1,0,0,0,1,1
pair-21-case-438,OpenTelemetry Logs,attributes-additive,cycle5,4,0,0,0,1,0,0,0,1,1
pair-21-case-439,OpenTelemetry Logs,attributes-additive,cycle5,4,0,0,0,1,0,0,0,1,1
pair-21-case-440,OpenTelemetry Logs,attributes-additive,cycle5,2,0,0,0,1,0,0,0,1,1
pair-21-case-441,OpenTelemetry Logs,attributes-additive,cycle5,4,0,0,0,1,0,0,0,1,1
pair-21-case-442,OpenTelemetry Logs,attributes-additive,cycle5,4,0,0,0,1,0,0,0,1,1
pair-21-case-443,OpenTelemetry Logs,attributes-additive,cycle5,4,0,0,0,1,0,0,0,1,1
pair-21-case-444,OpenTelemetry Logs,attributes-additive,cycle5,4,0,0,0,1,0,0,0,1,1
pair-21-case-445,OpenTelemetry Logs,attributes-additive,cycle5,4,0,0,0,1,1,0,0,1,1
pair-21-case-446,OpenTelemetry Logs,attributes-additive,cycle5,4,0,0,0,1,0,0,0,1,1
pair-21-case-447,OpenTelemetry Logs,attributes-additive,cycle5,4,0,27,0,1,0,0,0,1,1
pair-21-case-448,OpenTelemetry Logs,attributes-additive,cycle5,4,0,0,0,1,1,0,0,1,1
pair-21-case-449,OpenTelemetry Logs,attributes-additive,cycle5,4,0,0,0,1,0,0,0,1,1
pair-21-case-450,OpenTelemetry Logs,attributes-additive,cycle5,4,0,0,0,1,0,0,0,1,1
pair-21-case-451,OpenTelemetry Logs,attributes-additive,cycle5,4,0,0,0,1,0,0,0,1,1
pair-21-case-452,OpenTelemetry Logs,attributes-additive,cycle5,4,0,6,0,1,1,0,0,1,1
pair-21-case-453,OpenTelemetry Logs,attributes-additive,cycle5,4,0,0,0,1,0,0,0,1,1
pair-21-case-454,OpenTelemetry Logs,attributes-additive,cycle5,4,0,0,0,1,0,0,0,1,1
pair-21-case-455,OpenTelemetry Logs,attributes-additive,cycle5,4,0,0,0,1,1,0,0,1,1
pair-21-case-456,OpenTelemetry Logs,attributes-additive,cycle5,3,0,9,0,1,1,0,1,1,1
pair-21-case-457,OpenTelemetry Logs,attributes-additive,cycle5,4,0,0,0,1,0,0,0,1,1
pair-21-case-458,OpenTelemetry Logs,attributes-additive,cycle5,3,0,18,0,1,1,0,0,1,1
pair-21-case-459,OpenTelemetry Logs,attributes-additive,cycle5,4,0,0,0,1,0,0,0,1,1
pair-21-case-460,OpenTelemetry Logs,attributes-additive,cycle5,3,0,0,0,1,0,0,0,1,1
pair-21-case-461,OpenTelemetry Logs,attributes-additive,cycle5,4,0,0,0,1,1,0,0,1,1
pair-21-case-462,OpenTelemetry Logs,attributes-additive,cycle5,4,0,21,0,1,0,0,1,1,1
pair-21-case-463,OpenTelemetry Logs,attributes-additive,cycle5,4,0,0,0,1,1,1,0,1,1
pair-21-case-464,OpenTelemetry Logs,attributes-additive,cycle5,4,0,0,0,1,0,0,0,1,1
pair-21-case-465,OpenTelemetry Logs,attributes-additive,cycle5,4,0,0,0,1,0,0,0,1,1
pair-21-case-466,OpenTelemetry Logs,attributes-additive,cycle5,4,0,0,0,1,0,0,0,1,1
pair-21-case-467,OpenTelemetry Logs,attributes-additive,cycle5,4,0,0,0,1,1,0,0,1,1
pair-21-case-468,OpenTelemetry Logs,attributes-additive,cycle5,4,0,0,0,1,0,0,0,1,1
pair-21-case-469,OpenTelemetry Logs,attributes-additive,cycle5,4,0,0,0,1,1,0,0,1,1
pair-21-case-470,OpenTelemetry Logs,attributes-additive,cycle5,4,0,0,0,1,0,0,0,1,1
pair-21-case-471,OpenTelemetry Logs,attributes-additive,cycle5,4,0,0,0,1,0,0,0,1,1
pair-21-case-472,OpenTelemetry Logs,attributes-additive,cycle5,4,0,0,0,1,0,0,0,1,1
pair-21-case-473,OpenTelemetry Logs,attributes-additive,cycle5,4,0,0,0,1,1,0,0,1,1
pair-21-case-474,OpenTelemetry Logs,attributes-additive,cycle5,4,0,27,0,1,0,0,0,1,1
pair-21-case-475,OpenTelemetry Logs,attributes-additive,cycle5,4,0,0,0,1,0,0,0,1,1
pair-21-case-476,OpenTelemetry Logs,attributes-additive,cycle5,4,0,0,0,1,0,0,0,1,1
pair-21-case-477,OpenTelemetry Logs,attributes-additive,cycle5,4,0,0,0,1,0,0,0,1,1
pair-21-case-478,OpenTelemetry Logs,attributes-additive,cycle5,4,0,0,0,1,1,0,0,1,1
pair-21-case-479,OpenTelemetry Logs,attributes-additive,cycle5,4,0,21,0,1,0,0,1,1,1
pair-21-case-480,OpenTelemetry Logs,attributes-additive,cycle5,4,0,0,0,1,1,0,0,1,1
pair-21-case-481,OpenTelemetry Logs,attributes-additive,cycle5,4,0,0,0,1,0,0,0,1,1
pair-21-case-482,OpenTelemetry Logs,attributes-additive,cycle5,4,0,0,0,1,0,0,0,1,1
pair-21-case-483,OpenTelemetry Logs,attributes-additive,cycle5,4,0,0,0,1,1,0,0,1,1
pair-21-case-484,OpenTelemetry Logs,attributes-additive,cycle5,4,0,0,0,1,0,0,0,1,1
pair-21-case-485,OpenTelemetry Logs,attributes-additive,cycle5,4,0,0,0,1,0,0,0,1,1
pair-21-case-486,OpenTelemetry Logs,attributes-additive,cycle5,4,0,0,0,1,0,0,0,1,1
pair-21-case-487,OpenTelemetry Logs,attributes-additive,cycle5,4,0,0,0,1,0,0,0,1,1
pair-21-case-488,OpenTelemetry Logs,attributes-additive,cycle5,4,0,0,0,1,0,0,0,1,1
pair-21-case-489,OpenTelemetry Logs,attributes-additive,cycle5,4,0,0,0,1,0,0,0,1,1
pair-21-case-490,OpenTelemetry Logs,attributes-additive,cycle5,4,0,0,0,1,0,0,0,1,1
pair-21-case-491,OpenTelemetry Logs,attributes-additive,cycle5,4,0,0,0,1,0,0,0,1,1
pair-21-case-492,OpenTelemetry Logs,attributes-additive,cycle5,3,0,21,0,1,1,0,0,1,1
pair-21-case-493,OpenTelemetry Logs,attributes-additive,cycle5,4,0,0,0,1,0,0,0,1,1
pair-21-case-494,OpenTelemetry Logs,attributes-additive,cycle5,4,0,0,0,1,0,0,0,1,1
pair-21-case-495,OpenTelemetry Logs,attributes-additive,cycle5,3,0,36,0,1,0,0,1,1,1
pair-21-case-496,OpenTelemetry Logs,attributes-additive,cycle5,3,0,0,0,1,1,0,0,1,1
pair-21-case-497,OpenTelemetry Logs,attributes-additive,cycle5,4,0,0,0,1,0,0,0,1,1
pair-21-case-498,OpenTelemetry Logs,attributes-additive,cycle5,4,0,49,0,1,1,0,0,1,1
pair-21-case-499,OpenTelemetry Logs,attributes-additive,cycle5,3,0,9,0,1,0,0,0,1,1
pair-22-case-000,OpenTelemetry Logs,collector-order-cycle,cycle5,3,0,72,0,3,1,0,1,1,1
pair-22-case-001,OpenTelemetry Logs,collector-order-cycle,cycle5,0,1,243,10,0,1,1,1,1,1
pair-22-case-002,OpenTelemetry Logs,collector-order-cycle,cycle5,1,0,0,0,1,0,0,0,1,1
pair-22-case-003,OpenTelemetry Logs,collector-order-cycle,cycle5,1,0,81,0,1,0,0,1,1,1
pair-22-case-004,OpenTelemetry Logs,collector-order-cycle,cycle5,1,0,0,0,1,1,1,0,1,1
pair-22-case-005,OpenTelemetry Logs,collector-order-cycle,cycle5,1,0,0,0,1,1,1,0,1,1
pair-22-case-006,OpenTelemetry Logs,collector-order-cycle,cycle5,1,0,81,0,1,1,0,1,1,1
pair-22-case-007,OpenTelemetry Logs,collector-order-cycle,cycle5,1,0,0,0,1,0,0,0,1,1
pair-22-case-008,OpenTelemetry Logs,collector-order-cycle,cycle5,1,0,81,0,1,0,0,1,1,1
pair-22-case-009,OpenTelemetry Logs,collector-order-cycle,cycle5,1,0,81,0,1,1,1,0,1,1
pair-22-case-010,OpenTelemetry Logs,collector-order-cycle,cycle5,1,0,0,0,1,1,1,0,1,1
pair-22-case-011,OpenTelemetry Logs,collector-order-cycle,cycle5,1,0,0,0,1,1,1,0,1,1
pair-22-case-012,OpenTelemetry Logs,collector-order-cycle,cycle5,1,0,81,0,1,1,0,1,1,1
pair-22-case-013,OpenTelemetry Logs,collector-order-cycle,cycle5,1,0,0,0,1,0,0,0,1,1
pair-22-case-014,OpenTelemetry Logs,collector-order-cycle,cycle5,1,0,81,0,1,0,0,1,1,1
pair-22-case-015,OpenTelemetry Logs,collector-order-cycle,cycle5,1,0,81,0,1,1,1,0,1,1
pair-22-case-016,OpenTelemetry Logs,collector-order-cycle,cycle5,1,0,0,0,1,1,1,0,1,1
pair-22-case-017,OpenTelemetry Logs,collector-order-cycle,cycle5,1,0,0,0,1,1,1,0,1,1
pair-22-case-018,OpenTelemetry Logs,collector-order-cycle,cycle5,1,0,81,0,1,1,0,1,1,1
pair-22-case-019,OpenTelemetry Logs,collector-order-cycle,cycle5,1,0,0,0,1,0,0,0,1,1
pair-22-case-020,OpenTelemetry Logs,collector-order-cycle,cycle5,1,0,81,0,1,0,0,1,1,1
pair-22-case-021,OpenTelemetry Logs,collector-order-cycle,cycle5,1,0,81,0,1,1,1,0,1,1
pair-22-case-022,OpenTelemetry Logs,collector-order-cycle,cycle5,1,0,0,0,1,1,1,0,1,1
pair-22-case-023,OpenTelemetry Logs,collector-order-cycle,cycle5,1,0,0,0,1,1,1,0,1,1
pair-22-case-024,OpenTelemetry Logs,collector-order-cycle,cycle5,1,0,81,0,1,1,0,1,1,1
pair-22-case-025,OpenTelemetry Logs,collector-order-cycle,cycle5,1,0,0,0,1,0,0,0,1,1
pair-22-case-026,OpenTelemetry Logs,collector-order-cycle,cycle5,1,0,81,0,1,0,0,1,1,1
pair-22-case-027,OpenTelemetry Logs,collector-order-cycle,cycle5,1,0,81,0,1,1,1,0,1,1
pair-22-case-028,OpenTelemetry Logs,collector-order-cycle,cycle5,1,0,0,0,1,1,1,0,1,1
pair-22-case-029,OpenTelemetry Logs,collector-order-cycle,cycle5,1,0,0,0,1,1,1,0,1,1
pair-22-case-030,OpenTelemetry Logs,collector-order-cycle,cycle5,1,0,81,0,1,1,0,1,1,1
pair-22-case-031,OpenTelemetry Logs,collector-order-cycle,cycle5,1,1,189,10,0,1,0,1,1,1
pair-22-case-032,OpenTelemetry Logs,collector-order-cycle,cycle5,1,1,189,10,0,1,0,1,1,1
pair-22-case-033,OpenTelemetry Logs,collector-order-cycle,cycle5,1,1,189,10,0,1,0,1,1,1
pair-22-case-034,OpenTelemetry Logs,collector-order-cycle,cycle5,1,1,189,10,0,1,0,1,1,1
pair-22-case-035,OpenTelemetry Logs,collector-order-cycle,cycle5,1,1,189,10,0,1,0,1,1,1
pair-22-case-036,OpenTelemetry Logs,collector-order-cycle,cycle5,1,1,189,10,0,1,0,1,1,1
pair-22-case-037,OpenTelemetry Logs,collector-order-cycle,cycle5,1,1,189,10,0,1,0,1,1,1
pair-22-case-038,OpenTelemetry Logs,collector-order-cycle,cycle5,1,1,189,10,0,1,0,1,1,1
pair-22-case-039,OpenTelemetry Logs,collector-order-cycle,cycle5,1,1,189,10,0,1,0,1,1,1
pair-22-case-040,OpenTelemetry Logs,collector-order-cycle,cycle5,1,1,189,10,0,1,0,1,1,1
pair-22-case-041,OpenTelemetry Logs,collector-order-cycle,cycle5,1,1,189,10,0,1,0,1,1,1
pair-22-case-042,OpenTelemetry Logs,collector-order-cycle,cycle5,1,1,189,10,0,1,0,1,1,1
pair-22-case-043,OpenTelemetry Logs,collector-order-cycle,cycle5,4,1,89,10,0,1,0,1,1,1
pair-22-case-044,OpenTelemetry Logs,collector-order-cycle,cycle5,4,1,77,10,0,1,0,1,1,1
pair-22-case-045,OpenTelemetry Logs,collector-order-cycle,cycle5,4,1,69,10,0,1,0,1,1,1
pair-22-case-046,OpenTelemetry Logs,collector-order-cycle,cycle5,3,1,111,10,0,1,0,1,1,1
pair-22-case-047,OpenTelemetry Logs,collector-order-cycle,cycle5,4,1,93,10,0,1,0,1,1,1
pair-22-case-048,OpenTelemetry Logs,collector-order-cycle,cycle5,4,1,69,10,0,1,0,1,1,1
pair-22-case-049,OpenTelemetry Logs,collector-order-cycle,cycle5,2,1,147,10,0,1,0,1,1,1
pair-22-case-050,OpenTelemetry Logs,collector-order-cycle,cycle5,3,1,105,10,0,1,0,1,1,1
pair-22-case-051,OpenTelemetry Logs,collector-order-cycle,cycle5,4,1,91,10,0,1,0,1,1,1
pair-22-case-052,OpenTelemetry Logs,collector-order-cycle,cycle5,4,1,109,10,0,1,0,1,1,1
pair-22-case-053,OpenTelemetry Logs,collector-order-cycle,cycle5,4,0,54,0,3,1,0,1,1,1
pair-22-case-054,OpenTelemetry Logs,collector-order-cycle,cycle5,4,1,84,10,0,1,0,1,1,1
pair-22-case-055,OpenTelemetry Logs,collector-order-cycle,cycle5,3,1,111,10,0,1,0,1,1,1
pair-22-case-056,OpenTelemetry Logs,collector-order-cycle,cycle5,3,1,99,10,0,1,0,1,1,1
pair-22-case-057,OpenTelemetry Logs,collector-order-cycle,cycle5,4,1,81,10,0,1,0,1,1,1
pair-22-case-058,OpenTelemetry Logs,collector-order-cycle,cycle5,4,0,48,0,3,1,0,1,1,1
pair-22-case-059,OpenTelemetry Logs,collector-order-cycle,cycle5,4,1,81,10,0,1,0,1,1,1
pair-22-case-060,OpenTelemetry Logs,collector-order-cycle,cycle5,4,1,69,10,0,1,0,1,1,1
pair-22-case-061,OpenTelemetry Logs,collector-order-cycle,cycle5,2,1,135,10,0,1,0,1,1,1
pair-22-case-062,OpenTelemetry Logs,collector-order-cycle,cycle5,3,1,111,10,0,1,0,1,1,1
pair-22-case-063,OpenTelemetry Logs,collector-order-cycle,cycle5,4,1,93,10,0,1,0,1,1,1
pair-22-case-064,OpenTelemetry Logs,collector-order-cycle,cycle5,4,1,75,10,0,1,0,1,1,1
pair-22-case-065,OpenTelemetry Logs,collector-order-cycle,cycle5,2,1,153,10,0,1,0,1,1,1
pair-22-case-066,OpenTelemetry Logs,collector-order-cycle,cycle5,4,1,103,10,0,1,0,1,1,1
pair-22-case-067,OpenTelemetry Logs,collector-order-cycle,cycle5,3,1,119,10,0,1,0,1,1,1
pair-22-case-068,OpenTelemetry Logs,collector-order-cycle,cycle5,2,1,147,10,0,1,0,1,1,1
pair-22-case-069,OpenTelemetry Logs,collector-order-cycle,cycle5,4,1,89,10,0,1,0,1,1,1
pair-22-case-070,OpenTelemetry Logs,collector-order-cycle,cycle5,4,1,75,10,0,1,0,1,1,1
pair-22-case-071,OpenTelemetry Logs,collector-order-cycle,cycle5,3,1,99,10,0,1,0,1,1,1
pair-22-case-072,OpenTelemetry Logs,collector-order-cycle,cycle5,4,1,87,10,0,1,0,1,1,1
pair-22-case-073,OpenTelemetry Logs,collector-order-cycle,cycle5,3,1,93,10,0,1,0,1,1,1
pair-22-case-074,OpenTelemetry Logs,collector-order-cycle,cycle5,4,1,107,10,0,1,0,1,1,1
pair-22-case-075,OpenTelemetry Logs,collector-order-cycle,cycle5,4,1,81,10,0,1,0,1,1,1
pair-22-case-076,OpenTelemetry Logs,collector-order-cycle,cycle5,4,1,81,10,0,1,0,1,1,1
pair-22-case-077,OpenTelemetry Logs,collector-order-cycle,cycle5,4,1,75,10,0,1,0,1,1,1
pair-22-case-078,OpenTelemetry Logs,collector-order-cycle,cycle5,4,1,65,10,0,1,0,1,1,1
pair-22-case-079,OpenTelemetry Logs,collector-order-cycle,cycle5,4,1,87,10,0,1,0,1,1,1
pair-22-case-080,OpenTelemetry Logs,collector-order-cycle,cycle5,4,1,94,10,0,1,0,1,1,1
pair-22-case-081,OpenTelemetry Logs,collector-order-cycle,cycle5,4,1,69,10,0,1,0,1,1,1
pair-22-case-082,OpenTelemetry Logs,collector-order-cycle,cycle5,4,1,77,10,0,1,0,1,1,1
pair-22-case-083,OpenTelemetry Logs,collector-order-cycle,cycle5,4,0,9,0,3,1,0,1,1,1
pair-22-case-084,OpenTelemetry Logs,collector-order-cycle,cycle5,4,1,81,10,0,1,0,1,1,1
pair-22-case-085,OpenTelemetry Logs,collector-order-cycle,cycle5,4,1,77,10,0,1,0,1,1,1
pair-22-case-086,OpenTelemetry Logs,collector-order-cycle,cycle5,4,1,99,10,0,1,0,1,1,1
pair-22-case-087,OpenTelemetry Logs,collector-order-cycle,cycle5,4,1,80,10,0,1,0,1,1,1
pair-22-case-088,OpenTelemetry Logs,collector-order-cycle,cycle5,4,1,77,10,0,1,0,1,1,1
pair-22-case-089,OpenTelemetry Logs,collector-order-cycle,cycle5,4,1,79,10,0,1,0,1,1,1
pair-22-case-090,OpenTelemetry Logs,collector-order-cycle,cycle5,3,1,119,10,0,1,0,1,1,1
pair-22-case-091,OpenTelemetry Logs,collector-order-cycle,cycle5,4,1,81,10,0,1,0,1,1,1
pair-22-case-092,OpenTelemetry Logs,collector-order-cycle,cycle5,4,1,91,10,0,1,0,1,1,1
pair-22-case-093,OpenTelemetry Logs,collector-order-cycle,cycle5,3,1,105,10,0,1,0,1,1,1
pair-22-case-094,OpenTelemetry Logs,collector-order-cycle,cycle5,4,1,109,10,0,1,0,1,1,1
pair-22-case-095,OpenTelemetry Logs,collector-order-cycle,cycle5,3,1,123,10,0,1,0,1,1,1
pair-22-case-096,OpenTelemetry Logs,collector-order-cycle,cycle5,4,1,75,10,0,1,0,1,1,1
pair-22-case-097,OpenTelemetry Logs,collector-order-cycle,cycle5,4,1,93,10,0,1,0,1,1,1
pair-22-case-098,OpenTelemetry Logs,collector-order-cycle,cycle5,3,1,123,10,0,1,0,1,1,1
pair-22-case-099,OpenTelemetry Logs,collector-order-cycle,cycle5,4,1,94,10,0,1,0,1,1,1
pair-22-case-100,OpenTelemetry Logs,collector-order-cycle,cycle5,3,1,119,10,0,1,0,1,1,1
pair-22-case-101,OpenTelemetry Logs,collector-order-cycle,cycle5,4,1,95,10,0,1,0,1,1,1
pair-22-case-102,OpenTelemetry Logs,collector-order-cycle,cycle5,4,1,91,10,0,1,0,1,1,1
pair-22-case-103,OpenTelemetry Logs,collector-order-cycle,cycle5,3,1,105,10,0,1,0,1,1,1
pair-22-case-104,OpenTelemetry Logs,collector-order-cycle,cycle5,2,1,135,10,0,1,0,1,1,1
pair-22-case-105,OpenTelemetry Logs,collector-order-cycle,cycle5,4,1,81,10,0,1,0,1,1,1
pair-22-case-106,OpenTelemetry Logs,collector-order-cycle,cycle5,3,1,111,10,0,1,0,1,1,1
pair-22-case-107,OpenTelemetry Logs,collector-order-cycle,cycle5,4,1,87,10,0,1,0,1,1,1
pair-22-case-108,OpenTelemetry Logs,collector-order-cycle,cycle5,3,1,123,10,0,1,0,1,1,1
pair-22-case-109,OpenTelemetry Logs,collector-order-cycle,cycle5,2,1,135,10,0,1,0,1,1,1
pair-22-case-110,OpenTelemetry Logs,collector-order-cycle,cycle5,4,1,87,10,0,1,0,1,1,1
pair-22-case-111,OpenTelemetry Logs,collector-order-cycle,cycle5,4,1,84,10,0,1,0,1,1,1
pair-22-case-112,OpenTelemetry Logs,collector-order-cycle,cycle5,4,1,85,10,0,1,0,1,1,1
pair-22-case-113,OpenTelemetry Logs,collector-order-cycle,cycle5,4,1,85,10,0,1,0,1,1,1
pair-22-case-114,OpenTelemetry Logs,collector-order-cycle,cycle5,4,1,81,10,0,1,0,1,1,1
pair-22-case-115,OpenTelemetry Logs,collector-order-cycle,cycle5,4,1,98,10,0,1,0,1,1,1
pair-22-case-116,OpenTelemetry Logs,collector-order-cycle,cycle5,4,0,48,0,4,1,0,1,1,1
pair-22-case-117,OpenTelemetry Logs,collector-order-cycle,cycle5,4,1,77,10,0,1,0,1,1,1
pair-22-case-118,OpenTelemetry Logs,collector-order-cycle,cycle5,4,1,69,10,0,1,0,1,1,1
pair-22-case-119,OpenTelemetry Logs,collector-order-cycle,cycle5,4,1,77,10,0,1,0,1,1,1
pair-22-case-120,OpenTelemetry Logs,collector-order-cycle,cycle5,4,1,69,10,0,1,0,1,1,1
pair-22-case-121,OpenTelemetry Logs,collector-order-cycle,cycle5,3,1,99,10,0,1,0,1,1,1
pair-22-case-122,OpenTelemetry Logs,collector-order-cycle,cycle5,3,1,117,10,0,1,0,1,1,1
pair-22-case-123,OpenTelemetry Logs,collector-order-cycle,cycle5,4,1,81,10,0,1,0,1,1,1
pair-22-case-124,OpenTelemetry Logs,collector-order-cycle,cycle5,4,1,69,10,0,1,0,1,1,1
pair-22-case-125,OpenTelemetry Logs,collector-order-cycle,cycle5,4,1,105,10,0,1,0,1,1,1
pair-22-case-126,OpenTelemetry Logs,collector-order-cycle,cycle5,4,1,85,10,0,1,0,1,1,1
pair-22-case-127,OpenTelemetry Logs,collector-order-cycle,cycle5,4,1,93,10,0,1,0,1,1,1
pair-22-case-128,OpenTelemetry Logs,collector-order-cycle,cycle5,4,1,75,10,0,1,0,1,1,1
pair-22-case-129,OpenTelemetry Logs,collector-order-cycle,cycle5,3,1,99,10,0,1,0,1,1,1
pair-22-case-130,OpenTelemetry Logs,collector-order-cycle,cycle5,4,1,81,10,0,1,0,1,1,1
pair-22-case-131,OpenTelemetry Logs,collector-order-cycle,cycle5,3,1,117,10,0,1,0,1,1,1
pair-22-case-132,OpenTelemetry Logs,collector-order-cycle,cycle5,2,1,135,10,0,1,0,1,1,1
pair-22-case-133,OpenTelemetry Logs,collector-order-cycle,cycle5,4,1,69,10,0,1,0,1,1,1
pair-22-case-134,OpenTelemetry Logs,collector-order-cycle,cycle5,4,1,75,10,0,1,0,1,1,1
pair-22-case-135,OpenTelemetry Logs,collector-order-cycle,cycle5,3,1,133,10,0,1,0,1,1,1
pair-22-case-136,OpenTelemetry Logs,collector-order-cycle,cycle5,4,0,56,0,3,1,0,1,1,1
pair-22-case-137,OpenTelemetry Logs,collector-order-cycle,cycle5,4,1,88,10,0,1,0,1,1,1
pair-22-case-138,OpenTelemetry Logs,collector-order-cycle,cycle5,4,1,87,10,0,1,0,1,1,1
pair-22-case-139,OpenTelemetry Logs,collector-order-cycle,cycle5,4,0,0,0,1,0,0,0,1,1
pair-22-case-140,OpenTelemetry Logs,collector-order-cycle,cycle5,4,0,63,0,1,0,0,0,1,1
pair-22-case-141,OpenTelemetry Logs,collector-order-cycle,cycle5,4,0,0,0,1,1,1,0,1,1
pair-22-case-142,OpenTelemetry Logs,collector-order-cycle,cycle5,4,0,0,0,1,0,0,0,1,1
pair-22-case-143,OpenTelemetry Logs,collector-order-cycle,cycle5,4,0,0,0,1,0,0,0,1,1
pair-22-case-144,OpenTelemetry Logs,collector-order-cycle,cycle5,4,0,0,0,1,0,0,0,1,1
pair-22-case-145,OpenTelemetry Logs,collector-order-cycle,cycle5,4,0,0,0,1,0,0,0,1,1
pair-22-case-146,OpenTelemetry Logs,collector-order-cycle,cycle5,4,0,0,0,1,0,0,0,1,1
pair-22-case-147,OpenTelemetry Logs,collector-order-cycle,cycle5,4,0,9,0,1,1,0,0,1,1
pair-22-case-148,OpenTelemetry Logs,collector-order-cycle,cycle5,4,0,0,0,1,0,0,0,1,1
pair-22-case-149,OpenTelemetry Logs,collector-order-cycle,cycle5,4,0,0,0,1,0,0,0,1,1
pair-22-case-150,OpenTelemetry Logs,collector-order-cycle,cycle5,4,0,0,0,1,0,0,0,1,1
pair-22-case-151,OpenTelemetry Logs,collector-order-cycle,cycle5,4,0,0,0,1,0,0,0,1,1
pair-22-case-152,OpenTelemetry Logs,collector-order-cycle,cycle5,2,0,0,0,1,1,0,0,1,1
pair-22-case-153,OpenTelemetry Logs,collector-order-cycle,cycle5,4,0,0,0,1,0,0,0,1,1
pair-22-case-154,OpenTelemetry Logs,collector-order-cycle,cycle5,4,0,0,0,1,0,0,0,1,1
pair-22-case-155,OpenTelemetry Logs,collector-order-cycle,cycle5,3,0,0,0,1,1,0,0,1,1
pair-22-case-156,OpenTelemetry Logs,collector-order-cycle,cycle5,4,0,0,0,1,1,0,0,1,1
pair-22-case-157,OpenTelemetry Logs,collector-order-cycle,cycle5,4,0,0,0,1,0,0,0,1,1
pair-22-case-158,OpenTelemetry Logs,collector-order-cycle,cycle5,4,0,0,0,1,0,0,0,1,1
pair-22-case-159,OpenTelemetry Logs,collector-order-cycle,cycle5,4,0,0,0,1,1,0,0,1,1
pair-22-case-160,OpenTelemetry Logs,collector-order-cycle,cycle5,4,0,0,0,1,0,0,0,1,1
pair-22-case-161,OpenTelemetry Logs,collector-order-cycle,cycle5,4,0,0,0,1,0,0,0,1,1
pair-22-case-162,OpenTelemetry Logs,collector-order-cycle,cycle5,4,0,0,0,1,0,0,0,1,1
pair-22-case-163,OpenTelemetry Logs,collector-order-cycle,cycle5,4,0,3,0,1,0,0,0,1,1
pair-22-case-164,OpenTelemetry Logs,collector-order-cycle,cycle5,3,0,0,0,1,0,0,0,1,1
pair-22-case-165,OpenTelemetry Logs,collector-order-cycle,cycle5,4,0,0,0,1,1,0,0,1,1
pair-22-case-166,OpenTelemetry Logs,collector-order-cycle,cycle5,4,0,0,0,1,0,0,0,1,1
pair-22-case-167,OpenTelemetry Logs,collector-order-cycle,cycle5,4,0,0,0,1,1,0,0,1,1
pair-22-case-168,OpenTelemetry Logs,collector-order-cycle,cycle5,4,0,27,0,1,0,0,1,1,1
pair-22-case-169,OpenTelemetry Logs,collector-order-cycle,cycle5,4,0,0,0,1,0,0,0,1,1
pair-22-case-170,OpenTelemetry Logs,collector-order-cycle,cycle5,4,0,0,0,1,0,0,0,1,1
pair-22-case-171,OpenTelemetry Logs,collector-order-cycle,cycle5,3,0,0,0,1,0,0,0,1,1
pair-22-case-172,OpenTelemetry Logs,collector-order-cycle,cycle5,3,0,0,0,1,1,0,0,1,1
pair-22-case-173,OpenTelemetry Logs,collector-order-cycle,cycle5,3,0,0,0,1,1,0,0,1,1
pair-22-case-174,OpenTelemetry Logs,collector-order-cycle,cycle5,4,0,0,0,1,1,0,0,1,1
pair-22-case-175,OpenTelemetry Logs,collector-order-cycle,cycle5,4,0,0,0,1,0,0,0,1,1
pair-22-case-176,OpenTelemetry Logs,collector-order-cycle,cycle5,4,0,0,0,1,0,0,0,1,1
pair-22-case-177,OpenTelemetry Logs,collector-order-cycle,cycle5,4,0,0,0,1,0,0,0,1,1
pair-22-case-178,OpenTelemetry Logs,collector-order-cycle,cycle5,4,0,0,0,1,1,0,0,1,1
pair-22-case-179,OpenTelemetry Logs,collector-order-cycle,cycle5,4,0,0,0,1,0,0,0,1,1
pair-22-case-180,OpenTelemetry Logs,collector-order-cycle,cycle5,3,0,0,0,1,0,0,0,1,1
pair-22-case-181,OpenTelemetry Logs,collector-order-cycle,cycle5,4,0,0,0,1,0,0,0,1,1
pair-22-case-182,OpenTelemetry Logs,collector-order-cycle,cycle5,4,0,0,0,1,0,0,0,1,1
pair-22-case-183,OpenTelemetry Logs,collector-order-cycle,cycle5,4,0,0,0,1,0,0,0,1,1
pair-22-case-184,OpenTelemetry Logs,collector-order-cycle,cycle5,4,0,0,0,1,0,0,0,1,1
pair-22-case-185,OpenTelemetry Logs,collector-order-cycle,cycle5,4,0,0,0,1,1,0,0,1,1
pair-22-case-186,OpenTelemetry Logs,collector-order-cycle,cycle5,4,0,0,0,1,0,0,0,1,1
pair-22-case-187,OpenTelemetry Logs,collector-order-cycle,cycle5,4,0,0,0,1,0,0,0,1,1
pair-22-case-188,OpenTelemetry Logs,collector-order-cycle,cycle5,4,0,0,0,1,0,0,0,1,1
pair-22-case-189,OpenTelemetry Logs,collector-order-cycle,cycle5,4,0,17,0,1,0,0,1,1,1
pair-22-case-190,OpenTelemetry Logs,collector-order-cycle,cycle5,4,0,9,0,1,0,0,1,1,1
pair-22-case-191,OpenTelemetry Logs,collector-order-cycle,cycle5,4,0,0,0,1,0,0,0,1,1
pair-22-case-192,OpenTelemetry Logs,collector-order-cycle,cycle5,4,0,0,0,1,0,0,0,1,1
pair-22-case-193,OpenTelemetry Logs,collector-order-cycle,cycle5,4,0,0,0,1,0,0,0,1,1
pair-22-case-194,OpenTelemetry Logs,collector-order-cycle,cycle5,4,0,0,0,1,0,0,0,1,1
pair-22-case-195,OpenTelemetry Logs,collector-order-cycle,cycle5,4,0,0,0,1,0,0,0,1,1
pair-22-case-196,OpenTelemetry Logs,collector-order-cycle,cycle5,4,0,0,0,1,0,0,0,1,1
pair-22-case-197,OpenTelemetry Logs,collector-order-cycle,cycle5,4,0,12,0,1,0,0,1,1,1
pair-22-case-198,OpenTelemetry Logs,collector-order-cycle,cycle5,4,0,0,0,1,1,0,0,1,1
pair-22-case-199,OpenTelemetry Logs,collector-order-cycle,cycle5,4,0,0,0,1,0,0,0,1,1
pair-22-case-200,OpenTelemetry Logs,collector-order-cycle,cycle5,4,0,0,0,1,0,0,0,1,1
pair-22-case-201,OpenTelemetry Logs,collector-order-cycle,cycle5,4,0,0,0,1,0,0,0,1,1
pair-22-case-202,OpenTelemetry Logs,collector-order-cycle,cycle5,4,0,0,0,1,0,0,0,1,1
pair-22-case-203,OpenTelemetry Logs,collector-order-cycle,cycle5,4,0,0,0,1,0,0,0,1,1
pair-22-case-204,OpenTelemetry Logs,collector-order-cycle,cycle5,4,0,0,0,1,1,0,0,1,1
pair-22-case-205,OpenTelemetry Logs,collector-order-cycle,cycle5,4,0,0,0,1,1,0,0,1,1
pair-22-case-206,OpenTelemetry Logs,collector-order-cycle,cycle5,4,0,0,0,1,1,0,0,1,1
pair-22-case-207,OpenTelemetry Logs,collector-order-cycle,cycle5,4,0,0,0,1,1,0,0,1,1
pair-22-case-208,OpenTelemetry Logs,collector-order-cycle,cycle5,4,0,0,0,1,1,0,0,1,1
pair-22-case-209,OpenTelemetry Logs,collector-order-cycle,cycle5,4,0,0,0,1,0,0,0,1,1
pair-22-case-210,OpenTelemetry Logs,collector-order-cycle,cycle5,4,0,36,0,1,0,0,1,1,1
pair-22-case-211,OpenTelemetry Logs,collector-order-cycle,cycle5,4,0,0,0,1,0,0,0,1,1
pair-22-case-212,OpenTelemetry Logs,collector-order-cycle,cycle5,4,0,0,0,1,0,0,0,1,1
pair-22-case-213,OpenTelemetry Logs,collector-order-cycle,cycle5,4,0,0,0,1,0,0,0,1,1
pair-22-case-214,OpenTelemetry Logs,collector-order-cycle,cycle5,4,0,0,0,1,0,0,0,1,1
pair-22-case-215,OpenTelemetry Logs,collector-order-cycle,cycle5,3,0,0,0,1,0,0,0,1,1
pair-22-case-216,OpenTelemetry Logs,collector-order-cycle,cycle5,4,0,0,0,1,1,0,0,1,1
pair-22-case-217,OpenTelemetry Logs,collector-order-cycle,cycle5,4,0,0,0,1,0,0,0,1,1
pair-22-case-218,OpenTelemetry Logs,collector-order-cycle,cycle5,4,0,0,0,1,0,0,0,1,1
pair-22-case-219,OpenTelemetry Logs,collector-order-cycle,cycle5,4,0,0,0,1,0,0,0,1,1
pair-22-case-220,OpenTelemetry Logs,collector-order-cycle,cycle5,4,0,0,0,1,0,0,0,1,1
pair-22-case-221,OpenTelemetry Logs,collector-order-cycle,cycle5,4,0,0,0,1,0,0,0,1,1
pair-22-case-222,OpenTelemetry Logs,collector-order-cycle,cycle5,4,0,56,0,3,1,0,1,1,1
pair-22-case-223,OpenTelemetry Logs,collector-order-cycle,cycle5,4,0,0,0,1,0,0,0,1,1
pair-22-case-224,OpenTelemetry Logs,collector-order-cycle,cycle5,4,0,0,0,1,0,0,0,1,1
pair-22-case-225,OpenTelemetry Logs,collector-order-cycle,cycle5,4,0,0,0,1,0,0,0,1,1
pair-22-case-226,OpenTelemetry Logs,collector-order-cycle,cycle5,4,0,0,0,1,0,0,0,1,1
pair-22-case-227,OpenTelemetry Logs,collector-order-cycle,cycle5,3,0,0,0,1,0,0,0,1,1
pair-22-case-228,OpenTelemetry Logs,collector-order-cycle,cycle5,4,0,0,0,1,1,0,0,1,1
pair-22-case-229,OpenTelemetry Logs,collector-order-cycle,cycle5,4,0,0,0,1,0,0,0,1,1
pair-22-case-230,OpenTelemetry Logs,collector-order-cycle,cycle5,4,0,0,0,1,1,0,0,1,1
pair-22-case-231,OpenTelemetry Logs,collector-order-cycle,cycle5,4,0,0,0,1,0,0,0,1,1
pair-22-case-232,OpenTelemetry Logs,collector-order-cycle,cycle5,4,0,0,0,1,0,0,0,1,1
pair-22-case-233,OpenTelemetry Logs,collector-order-cycle,cycle5,4,0,0,0,1,0,0,0,1,1
pair-22-case-234,OpenTelemetry Logs,collector-order-cycle,cycle5,4,0,0,0,1,0,0,0,1,1
pair-22-case-235,OpenTelemetry Logs,collector-order-cycle,cycle5,4,0,0,0,1,1,0,0,1,1
pair-22-case-236,OpenTelemetry Logs,collector-order-cycle,cycle5,4,0,0,0,1,0,0,0,1,1
pair-22-case-237,OpenTelemetry Logs,collector-order-cycle,cycle5,3,0,0,0,1,1,0,0,1,1
pair-22-case-238,OpenTelemetry Logs,collector-order-cycle,cycle5,4,0,9,0,1,1,0,0,1,1
pair-22-case-239,OpenTelemetry Logs,collector-order-cycle,cycle5,4,0,0,0,1,0,0,0,1,1
pair-22-case-240,OpenTelemetry Logs,collector-order-cycle,cycle5,4,0,0,0,1,0,0,0,1,1
pair-22-case-241,OpenTelemetry Logs,collector-order-cycle,cycle5,3,0,0,0,1,0,0,0,1,1
pair-22-case-242,OpenTelemetry Logs,collector-order-cycle,cycle5,4,0,18,0,1,0,0,1,1,1
pair-22-case-243,OpenTelemetry Logs,collector-order-cycle,cycle5,4,0,0,0,1,0,0,0,1,1
pair-22-case-244,OpenTelemetry Logs,collector-order-cycle,cycle5,4,0,0,0,1,0,0,0,1,1
pair-22-case-245,OpenTelemetry Logs,collector-order-cycle,cycle5,4,0,0,0,1,0,0,0,1,1
pair-22-case-246,OpenTelemetry Logs,collector-order-cycle,cycle5,4,0,0,0,1,0,0,0,1,1
pair-22-case-247,OpenTelemetry Logs,collector-order-cycle,cycle5,4,0,0,0,1,0,0,0,1,1
pair-22-case-248,OpenTelemetry Logs,collector-order-cycle,cycle5,4,0,33,0,1,1,0,0,1,1
pair-22-case-249,OpenTelemetry Logs,collector-order-cycle,cycle5,4,0,0,0,1,1,0,0,1,1
pair-22-case-250,OpenTelemetry Logs,collector-order-cycle,cycle5,4,0,0,0,1,0,0,0,1,1
pair-22-case-251,OpenTelemetry Logs,collector-order-cycle,cycle5,4,0,0,0,1,0,0,0,1,1
pair-22-case-252,OpenTelemetry Logs,collector-order-cycle,cycle5,4,0,0,0,1,0,0,0,1,1
pair-22-case-253,OpenTelemetry Logs,collector-order-cycle,cycle5,4,0,0,0,1,1,0,0,1,1
pair-22-case-254,OpenTelemetry Logs,collector-order-cycle,cycle5,4,0,17,0,1,1,0,0,1,1
pair-22-case-255,OpenTelemetry Logs,collector-order-cycle,cycle5,4,0,21,0,1,1,0,1,1,1
pair-22-case-256,OpenTelemetry Logs,collector-order-cycle,cycle5,4,0,21,0,1,0,0,0,1,1
pair-22-case-257,OpenTelemetry Logs,collector-order-cycle,cycle5,4,0,0,0,1,0,0,0,1,1
pair-22-case-258,OpenTelemetry Logs,collector-order-cycle,cycle5,4,0,0,0,1,1,0,0,1,1
pair-22-case-259,OpenTelemetry Logs,collector-order-cycle,cycle5,4,0,0,0,1,0,0,0,1,1
pair-22-case-260,OpenTelemetry Logs,collector-order-cycle,cycle5,4,0,0,0,1,1,0,0,1,1
pair-22-case-261,OpenTelemetry Logs,collector-order-cycle,cycle5,4,0,0,0,1,0,0,0,1,1
pair-22-case-262,OpenTelemetry Logs,collector-order-cycle,cycle5,4,0,0,0,1,0,0,0,1,1
pair-22-case-263,OpenTelemetry Logs,collector-order-cycle,cycle5,3,0,0,0,1,0,0,0,1,1
pair-22-case-264,OpenTelemetry Logs,collector-order-cycle,cycle5,4,0,0,0,1,0,0,0,1,1
pair-22-case-265,OpenTelemetry Logs,collector-order-cycle,cycle5,4,0,0,0,1,0,0,0,1,1
pair-22-case-266,OpenTelemetry Logs,collector-order-cycle,cycle5,2,0,54,0,1,1,0,0,1,1
pair-22-case-267,OpenTelemetry Logs,collector-order-cycle,cycle5,4,0,0,0,1,0,0,0,1,1
pair-22-case-268,OpenTelemetry Logs,collector-order-cycle,cycle5,4,0,0,0,1,0,0,0,1,1
pair-22-case-269,OpenTelemetry Logs,collector-order-cycle,cycle5,4,0,0,0,1,1,0,0,1,1
pair-22-case-270,OpenTelemetry Logs,collector-order-cycle,cycle5,3,0,0,0,1,0,0,0,1,1
pair-22-case-271,OpenTelemetry Logs,collector-order-cycle,cycle5,4,0,0,0,1,0,0,0,1,1
pair-22-case-272,OpenTelemetry Logs,collector-order-cycle,cycle5,4,0,0,0,1,1,0,0,1,1
pair-22-case-273,OpenTelemetry Logs,collector-order-cycle,cycle5,4,0,0,0,1,1,0,0,1,1
pair-22-case-274,OpenTelemetry Logs,collector-order-cycle,cycle5,4,0,27,0,1,0,0,0,1,1
pair-22-case-275,OpenTelemetry Logs,collector-order-cycle,cycle5,4,0,0,0,1,0,0,0,1,1
pair-22-case-276,OpenTelemetry Logs,collector-order-cycle,cycle5,4,0,0,0,1,0,0,0,1,1
pair-22-case-277,OpenTelemetry Logs,collector-order-cycle,cycle5,4,0,0,0,1,0,0,0,1,1
pair-22-case-278,OpenTelemetry Logs,collector-order-cycle,cycle5,4,0,0,0,1,0,0,0,1,1
pair-22-case-279,OpenTelemetry Logs,collector-order-cycle,cycle5,4,0,0,0,1,0,0,0,1,1
pair-22-case-280,OpenTelemetry Logs,collector-order-cycle,cycle5,4,0,0,0,1,1,1,0,1,1
pair-22-case-281,OpenTelemetry Logs,collector-order-cycle,cycle5,3,0,0,0,1,0,0,0,1,1
pair-22-case-282,OpenTelemetry Logs,collector-order-cycle,cycle5,4,0,0,0,1,1,0,0,1,1
pair-22-case-283,OpenTelemetry Logs,collector-order-cycle,cycle5,4,0,0,0,1,0,0,0,1,1
pair-22-case-284,OpenTelemetry Logs,collector-order-cycle,cycle5,4,0,21,0,1,1,0,0,1,1
pair-22-case-285,OpenTelemetry Logs,collector-order-cycle,cycle5,4,0,9,0,1,1,0,0,1,1
pair-22-case-286,OpenTelemetry Logs,collector-order-cycle,cycle5,4,0,0,0,1,0,0,0,1,1
pair-22-case-287,OpenTelemetry Logs,collector-order-cycle,cycle5,4,0,0,0,1,0,0,0,1,1
pair-22-case-288,OpenTelemetry Logs,collector-order-cycle,cycle5,4,0,0,0,1,1,0,0,1,1
pair-22-case-289,OpenTelemetry Logs,collector-order-cycle,cycle5,4,0,0,0,1,0,0,0,1,1
pair-22-case-290,OpenTelemetry Logs,collector-order-cycle,cycle5,4,0,0,0,1,0,0,0,1,1
pair-22-case-291,OpenTelemetry Logs,collector-order-cycle,cycle5,3,0,0,0,1,0,0,0,1,1
pair-22-case-292,OpenTelemetry Logs,collector-order-cycle,cycle5,4,0,0,0,1,0,0,0,1,1
pair-22-case-293,OpenTelemetry Logs,collector-order-cycle,cycle5,4,0,0,0,1,0,0,0,1,1
pair-22-case-294,OpenTelemetry Logs,collector-order-cycle,cycle5,4,0,0,0,1,0,0,0,1,1
pair-22-case-295,OpenTelemetry Logs,collector-order-cycle,cycle5,4,0,0,0,1,1,0,0,1,1
pair-22-case-296,OpenTelemetry Logs,collector-order-cycle,cycle5,4,0,0,0,1,1,0,0,1,1
pair-22-case-297,OpenTelemetry Logs,collector-order-cycle,cycle5,4,0,0,0,1,1,0,0,1,1
pair-22-case-298,OpenTelemetry Logs,collector-order-cycle,cycle5,4,0,0,0,1,1,0,0,1,1
pair-22-case-299,OpenTelemetry Logs,collector-order-cycle,cycle5,4,0,63,0,1,0,0,1,1,1
pair-22-case-300,OpenTelemetry Logs,collector-order-cycle,cycle5,4,0,0,0,1,0,0,0,1,1
pair-22-case-301,OpenTelemetry Logs,collector-order-cycle,cycle5,4,0,0,0,1,0,0,0,1,1
pair-22-case-302,OpenTelemetry Logs,collector-order-cycle,cycle5,4,0,0,0,1,0,0,0,1,1
pair-22-case-303,OpenTelemetry Logs,collector-order-cycle,cycle5,4,0,0,0,1,0,0,0,1,1
pair-22-case-304,OpenTelemetry Logs,collector-order-cycle,cycle5,4,0,0,0,1,1,0,0,1,1
pair-22-case-305,OpenTelemetry Logs,collector-order-cycle,cycle5,4,0,0,0,1,0,0,0,1,1
pair-22-case-306,OpenTelemetry Logs,collector-order-cycle,cycle5,4,0,0,0,1,1,0,0,1,1
pair-22-case-307,OpenTelemetry Logs,collector-order-cycle,cycle5,4,0,0,0,1,0,0,0,1,1
pair-22-case-308,OpenTelemetry Logs,collector-order-cycle,cycle5,4,0,0,0,1,0,0,0,1,1
pair-22-case-309,OpenTelemetry Logs,collector-order-cycle,cycle5,4,0,21,0,1,1,0,0,1,1
pair-22-case-310,OpenTelemetry Logs,collector-order-cycle,cycle5,4,0,0,0,1,0,0,0,1,1
pair-22-case-311,OpenTelemetry Logs,collector-order-cycle,cycle5,4,0,0,0,1,0,0,0,1,1
pair-22-case-312,OpenTelemetry Logs,collector-order-cycle,cycle5,3,0,0,0,1,0,0,0,1,1
pair-22-case-313,OpenTelemetry Logs,collector-order-cycle,cycle5,3,0,45,0,1,0,0,1,1,1
pair-22-case-314,OpenTelemetry Logs,collector-order-cycle,cycle5,4,0,0,0,1,1,0,0,1,1
pair-22-case-315,OpenTelemetry Logs,collector-order-cycle,cycle5,4,0,0,0,1,0,0,0,1,1
pair-22-case-316,OpenTelemetry Logs,collector-order-cycle,cycle5,4,0,54,0,1,0,0,1,1,1
pair-22-case-317,OpenTelemetry Logs,collector-order-cycle,cycle5,4,0,0,0,1,0,0,0,1,1
pair-22-case-318,OpenTelemetry Logs,collector-order-cycle,cycle5,4,0,0,0,1,1,1,0,1,1
pair-22-case-319,OpenTelemetry Logs,collector-order-cycle,cycle5,4,0,0,0,1,0,0,0,1,1
pair-22-case-320,OpenTelemetry Logs,collector-order-cycle,cycle5,4,0,0,0,1,1,0,0,1,1
pair-22-case-321,OpenTelemetry Logs,collector-order-cycle,cycle5,4,0,0,0,1,0,0,0,1,1
pair-22-case-322,OpenTelemetry Logs,collector-order-cycle,cycle5,4,0,0,0,1,1,0,0,1,1
pair-22-case-323,OpenTelemetry Logs,collector-order-cycle,cycle5,4,0,0,0,1,0,0,0,1,1
pair-22-case-324,OpenTelemetry Logs,collector-order-cycle,cycle5,3,0,0,0,1,0,0,0,1,1
pair-22-case-325,OpenTelemetry Logs,collector-order-cycle,cycle5,4,0,0,0,1,0,0,0,1,1
pair-22-case-326,OpenTelemetry Logs,collector-order-cycle,cycle5,3,0,0,0,1,0,0,0,1,1
pair-22-case-327,OpenTelemetry Logs,collector-order-cycle,cycle5,4,0,0,0,1,0,0,0,1,1
pair-22-case-328,OpenTelemetry Logs,collector-order-cycle,cycle5,4,0,0,0,1,0,0,0,1,1
pair-22-case-329,OpenTelemetry Logs,collector-order-cycle,cycle5,4,0,7,0,1,0,0,1,1,1
pair-22-case-330,OpenTelemetry Logs,collector-order-cycle,cycle5,4,0,0,0,1,0,0,0,1,1
pair-22-case-331,OpenTelemetry Logs,collector-order-cycle,cycle5,4,0,0,0,1,1,0,0,1,1
pair-22-case-332,OpenTelemetry Logs,collector-order-cycle,cycle5,4,0,0,0,1,0,0,0,1,1
pair-22-case-333,OpenTelemetry Logs,collector-order-cycle,cycle5,4,0,0,0,1,0,0,0,1,1
pair-22-case-334,OpenTelemetry Logs,collector-order-cycle,cycle5,4,0,0,0,1,0,0,0,1,1
pair-22-case-335,OpenTelemetry Logs,collector-order-cycle,cycle5,3,0,0,0,1,0,0,0,1,1
pair-22-case-336,OpenTelemetry Logs,collector-order-cycle,cycle5,4,0,0,0,1,0,0,0,1,1
pair-22-case-337,OpenTelemetry Logs,collector-order-cycle,cycle5,4,0,21,0,1,0,0,0,1,1
pair-22-case-338,OpenTelemetry Logs,collector-order-cycle,cycle5,4,0,0,0,1,0,0,0,1,1
pair-22-case-339,OpenTelemetry Logs,collector-order-cycle,cycle5,4,0,27,0,1,0,0,1,1,1
pair-22-case-340,OpenTelemetry Logs,collector-order-cycle,cycle5,4,0,0,0,1,0,0,0,1,1
pair-22-case-341,OpenTelemetry Logs,collector-order-cycle,cycle5,4,0,0,0,1,0,0,0,1,1
pair-22-case-342,OpenTelemetry Logs,collector-order-cycle,cycle5,3,0,0,0,1,0,0,0,1,1
pair-22-case-343,OpenTelemetry Logs,collector-order-cycle,cycle5,4,0,0,0,1,0,0,0,1,1
pair-22-case-344,OpenTelemetry Logs,collector-order-cycle,cycle5,4,0,0,0,1,0,0,0,1,1
pair-22-case-345,OpenTelemetry Logs,collector-order-cycle,cycle5,4,0,0,0,1,0,0,0,1,1
pair-22-case-346,OpenTelemetry Logs,collector-order-cycle,cycle5,4,0,0,0,1,0,0,0,1,1
pair-22-case-347,OpenTelemetry Logs,collector-order-cycle,cycle5,4,0,0,0,1,0,0,0,1,1
pair-22-case-348,OpenTelemetry Logs,collector-order-cycle,cycle5,4,0,0,0,1,0,0,0,1,1
pair-22-case-349,OpenTelemetry Logs,collector-order-cycle,cycle5,3,0,0,0,1,0,0,0,1,1
pair-22-case-350,OpenTelemetry Logs,collector-order-cycle,cycle5,4,0,0,0,1,0,0,0,1,1
pair-22-case-351,OpenTelemetry Logs,collector-order-cycle,cycle5,4,0,0,0,1,0,0,0,1,1
pair-22-case-352,OpenTelemetry Logs,collector-order-cycle,cycle5,4,0,0,0,1,0,0,0,1,1
pair-22-case-353,OpenTelemetry Logs,collector-order-cycle,cycle5,4,0,0,0,1,0,0,0,1,1
pair-22-case-354,OpenTelemetry Logs,collector-order-cycle,cycle5,3,0,0,0,1,0,0,0,1,1
pair-22-case-355,OpenTelemetry Logs,collector-order-cycle,cycle5,4,0,0,0,1,1,0,0,1,1
pair-22-case-356,OpenTelemetry Logs,collector-order-cycle,cycle5,4,0,0,0,1,1,0,0,1,1
pair-22-case-357,OpenTelemetry Logs,collector-order-cycle,cycle5,4,0,0,0,1,0,0,0,1,1
pair-22-case-358,OpenTelemetry Logs,collector-order-cycle,cycle5,4,0,0,0,1,0,0,0,1,1
pair-22-case-359,OpenTelemetry Logs,collector-order-cycle,cycle5,4,0,0,0,1,0,0,0,1,1
pair-22-case-360,OpenTelemetry Logs,collector-order-cycle,cycle5,4,0,0,0,1,0,0,0,1,1
pair-22-case-361,OpenTelemetry Logs,collector-order-cycle,cycle5,4,0,0,0,1,0,0,0,1,1
pair-22-case-362,OpenTelemetry Logs,collector-order-cycle,cycle5,4,0,0,0,1,0,0,0,1,1
pair-22-case-363,OpenTelemetry Logs,collector-order-cycle,cycle5,4,0,0,0,1,1,0,0,1,1
pair-22-case-364,OpenTelemetry Logs,collector-order-cycle,cycle5,4,0,27,0,1,0,0,1,1,1
pair-22-case-365,OpenTelemetry Logs,collector-order-cycle,cycle5,3,0,0,0,1,0,0,0,1,1
pair-22-case-366,OpenTelemetry Logs,collector-order-cycle,cycle5,4,0,0,0,1,0,0,0,1,1
pair-22-case-367,OpenTelemetry Logs,collector-order-cycle,cycle5,2,0,27,0,1,0,0,1,1,1
pair-22-case-368,OpenTelemetry Logs,collector-order-cycle,cycle5,4,0,0,0,1,1,0,0,1,1
pair-22-case-369,OpenTelemetry Logs,collector-order-cycle,cycle5,4,0,0,0,1,0,0,0,1,1
pair-22-case-370,OpenTelemetry Logs,collector-order-cycle,cycle5,4,0,0,0,1,0,0,0,1,1
pair-22-case-371,OpenTelemetry Logs,collector-order-cycle,cycle5,4,0,0,0,1,0,0,0,1,1
pair-22-case-372,OpenTelemetry Logs,collector-order-cycle,cycle5,4,0,0,0,1,0,0,0,1,1
pair-22-case-373,OpenTelemetry Logs,collector-order-cycle,cycle5,4,0,0,0,1,0,0,0,1,1
pair-22-case-374,OpenTelemetry Logs,collector-order-cycle,cycle5,4,0,0,0,1,0,0,0,1,1
pair-22-case-375,OpenTelemetry Logs,collector-order-cycle,cycle5,4,0,0,0,1,1,0,0,1,1
pair-22-case-376,OpenTelemetry Logs,collector-order-cycle,cycle5,4,0,0,0,1,0,0,0,1,1
pair-22-case-377,OpenTelemetry Logs,collector-order-cycle,cycle5,4,0,0,0,1,1,0,0,1,1
pair-22-case-378,OpenTelemetry Logs,collector-order-cycle,cycle5,2,0,81,0,1,1,0,1,1,1
pair-22-case-379,OpenTelemetry Logs,collector-order-cycle,cycle5,4,0,0,0,1,0,0,0,1,1
pair-22-case-380,OpenTelemetry Logs,collector-order-cycle,cycle5,4,0,0,0,1,0,0,0,1,1
pair-22-case-381,OpenTelemetry Logs,collector-order-cycle,cycle5,4,0,0,0,1,0,0,0,1,1
pair-22-case-382,OpenTelemetry Logs,collector-order-cycle,cycle5,4,0,0,0,1,0,0,0,1,1
pair-22-case-383,OpenTelemetry Logs,collector-order-cycle,cycle5,4,0,0,0,1,0,0,0,1,1
pair-22-case-384,OpenTelemetry Logs,collector-order-cycle,cycle5,3,0,0,0,1,1,1,0,1,1
pair-22-case-385,OpenTelemetry Logs,collector-order-cycle,cycle5,4,0,30,0,1,0,0,1,1,1
pair-22-case-386,OpenTelemetry Logs,collector-order-cycle,cycle5,4,0,0,0,1,0,0,0,1,1
pair-22-case-387,OpenTelemetry Logs,collector-order-cycle,cycle5,4,0,0,0,1,0,0,0,1,1
pair-22-case-388,OpenTelemetry Logs,collector-order-cycle,cycle5,4,0,9,0,1,0,0,1,1,1
pair-22-case-389,OpenTelemetry Logs,collector-order-cycle,cycle5,4,0,0,0,1,1,0,0,1,1
pair-22-case-390,OpenTelemetry Logs,collector-order-cycle,cycle5,4,0,0,0,1,0,0,0,1,1
pair-22-case-391,OpenTelemetry Logs,collector-order-cycle,cycle5,4,0,0,0,1,1,0,0,1,1
pair-22-case-392,OpenTelemetry Logs,collector-order-cycle,cycle5,4,0,0,0,1,1,0,0,1,1
pair-22-case-393,OpenTelemetry Logs,collector-order-cycle,cycle5,4,0,0,0,1,0,0,0,1,1
pair-22-case-394,OpenTelemetry Logs,collector-order-cycle,cycle5,4,0,0,0,1,0,0,0,1,1
pair-22-case-395,OpenTelemetry Logs,collector-order-cycle,cycle5,4,0,0,0,1,0,0,0,1,1
pair-22-case-396,OpenTelemetry Logs,collector-order-cycle,cycle5,4,0,0,0,1,0,0,0,1,1
pair-22-case-397,OpenTelemetry Logs,collector-order-cycle,cycle5,4,1,95,10,0,1,0,1,1,1
pair-22-case-398,OpenTelemetry Logs,collector-order-cycle,cycle5,4,0,0,0,1,0,0,0,1,1
pair-22-case-399,OpenTelemetry Logs,collector-order-cycle,cycle5,4,0,0,0,1,0,0,0,1,1
pair-22-case-400,OpenTelemetry Logs,collector-order-cycle,cycle5,4,0,21,0,1,1,0,0,1,1
pair-22-case-401,OpenTelemetry Logs,collector-order-cycle,cycle5,4,0,0,0,1,0,0,0,1,1
pair-22-case-402,OpenTelemetry Logs,collector-order-cycle,cycle5,4,0,0,0,1,0,0,0,1,1
pair-22-case-403,OpenTelemetry Logs,collector-order-cycle,cycle5,4,0,0,0,1,1,0,0,1,1
pair-22-case-404,OpenTelemetry Logs,collector-order-cycle,cycle5,4,0,7,0,1,1,0,0,1,1
pair-22-case-405,OpenTelemetry Logs,collector-order-cycle,cycle5,4,0,0,0,1,0,0,0,1,1
pair-22-case-406,OpenTelemetry Logs,collector-order-cycle,cycle5,4,0,7,0,1,1,0,0,1,1
pair-22-case-407,OpenTelemetry Logs,collector-order-cycle,cycle5,4,0,0,0,1,1,0,0,1,1
pair-22-case-408,OpenTelemetry Logs,collector-order-cycle,cycle5,4,0,0,0,1,1,0,0,1,1
pair-22-case-409,OpenTelemetry Logs,collector-order-cycle,cycle5,4,0,18,0,1,1,0,0,1,1
pair-22-case-410,OpenTelemetry Logs,collector-order-cycle,cycle5,4,0,0,0,1,1,1,0,1,1
pair-22-case-411,OpenTelemetry Logs,collector-order-cycle,cycle5,4,0,0,0,1,1,0,0,1,1
pair-22-case-412,OpenTelemetry Logs,collector-order-cycle,cycle5,4,0,0,0,1,0,0,0,1,1
pair-22-case-413,OpenTelemetry Logs,collector-order-cycle,cycle5,4,0,0,0,1,1,0,0,1,1
pair-22-case-414,OpenTelemetry Logs,collector-order-cycle,cycle5,4,0,0,0,1,0,0,0,1,1
pair-22-case-415,OpenTelemetry Logs,collector-order-cycle,cycle5,4,0,0,0,1,1,0,0,1,1
pair-22-case-416,OpenTelemetry Logs,collector-order-cycle,cycle5,4,0,0,0,1,0,0,0,1,1
pair-22-case-417,OpenTelemetry Logs,collector-order-cycle,cycle5,4,0,21,0,1,0,0,1,1,1
pair-22-case-418,OpenTelemetry Logs,collector-order-cycle,cycle5,3,0,54,0,1,0,0,1,1,1
pair-22-case-419,OpenTelemetry Logs,collector-order-cycle,cycle5,4,0,0,0,1,1,1,0,1,1
pair-22-case-420,OpenTelemetry Logs,collector-order-cycle,cycle5,4,0,0,0,1,0,0,0,1,1
pair-22-case-421,OpenTelemetry Logs,collector-order-cycle,cycle5,4,0,0,0,1,0,0,0,1,1
pair-22-case-422,OpenTelemetry Logs,collector-order-cycle,cycle5,4,0,0,0,1,0,0,0,1,1
pair-22-case-423,OpenTelemetry Logs,collector-order-cycle,cycle5,4,0,0,0,1,1,0,0,1,1
pair-22-case-424,OpenTelemetry Logs,collector-order-cycle,cycle5,4,0,0,0,1,0,0,0,1,1
pair-22-case-425,OpenTelemetry Logs,collector-order-cycle,cycle5,4,0,0,0,1,0,0,0,1,1
pair-22-case-426,OpenTelemetry Logs,collector-order-cycle,cycle5,4,0,0,0,1,0,0,0,1,1
pair-22-case-427,OpenTelemetry Logs,collector-order-cycle,cycle5,4,0,0,0,1,0,0,0,1,1
pair-22-case-428,OpenTelemetry Logs,collector-order-cycle,cycle5,4,0,0,0,1,1,0,0,1,1
pair-22-case-429,OpenTelemetry Logs,collector-order-cycle,cycle5,4,0,0,0,1,0,0,0,1,1
pair-22-case-430,OpenTelemetry Logs,collector-order-cycle,cycle5,4,0,0,0,1,1,1,0,1,1
pair-22-case-431,OpenTelemetry Logs,collector-order-cycle,cycle5,4,0,0,0,1,0,0,0,1,1
pair-22-case-432,OpenTelemetry Logs,collector-order-cycle,cycle5,4,0,15,0,1,0,0,0,1,1
pair-22-case-433,OpenTelemetry Logs,collector-order-cycle,cycle5,4,0,0,0,1,1,0,0,1,1
pair-22-case-434,OpenTelemetry Logs,collector-order-cycle,cycle5,4,0,0,0,1,0,0,0,1,1
pair-22-case-435,OpenTelemetry Logs,collector-order-cycle,cycle5,4,0,0,0,1,1,0,0,1,1
pair-22-case-436,OpenTelemetry Logs,collector-order-cycle,cycle5,4,0,0,0,1,0,0,0,1,1
pair-22-case-437,OpenTelemetry Logs,collector-order-cycle,cycle5,4,0,0,0,1,0,0,0,1,1
pair-22-case-438,OpenTelemetry Logs,collector-order-cycle,cycle5,4,0,9,0,1,1,0,1,1,1
pair-22-case-439,OpenTelemetry Logs,collector-order-cycle,cycle5,4,0,0,0,1,0,0,0,1,1
pair-22-case-440,OpenTelemetry Logs,collector-order-cycle,cycle5,4,0,9,0,1,1,0,0,1,1
pair-22-case-441,OpenTelemetry Logs,collector-order-cycle,cycle5,4,0,0,0,1,0,0,0,1,1
pair-22-case-442,OpenTelemetry Logs,collector-order-cycle,cycle5,4,0,0,0,1,0,0,0,1,1
pair-22-case-443,OpenTelemetry Logs,collector-order-cycle,cycle5,4,0,0,0,1,1,0,0,1,1
pair-22-case-444,OpenTelemetry Logs,collector-order-cycle,cycle5,4,0,21,0,1,0,0,1,1,1
pair-22-case-445,OpenTelemetry Logs,collector-order-cycle,cycle5,4,0,0,0,1,1,0,0,1,1
pair-22-case-446,OpenTelemetry Logs,collector-order-cycle,cycle5,4,0,0,0,1,0,0,0,1,1
pair-22-case-447,OpenTelemetry Logs,collector-order-cycle,cycle5,4,0,0,0,1,0,0,0,1,1
pair-22-case-448,OpenTelemetry Logs,collector-order-cycle,cycle5,4,0,0,0,1,0,0,0,1,1
pair-22-case-449,OpenTelemetry Logs,collector-order-cycle,cycle5,4,0,0,0,1,1,0,0,1,1
pair-22-case-450,OpenTelemetry Logs,collector-order-cycle,cycle5,4,0,0,0,1,1,0,0,1,1
pair-22-case-451,OpenTelemetry Logs,collector-order-cycle,cycle5,4,0,0,0,1,1,0,0,1,1
pair-22-case-452,OpenTelemetry Logs,collector-order-cycle,cycle5,4,0,0,0,1,1,0,0,1,1
pair-22-case-453,OpenTelemetry Logs,collector-order-cycle,cycle5,3,0,21,0,1,1,0,0,1,1
pair-22-case-454,OpenTelemetry Logs,collector-order-cycle,cycle5,4,0,0,0,1,0,0,0,1,1
pair-22-case-455,OpenTelemetry Logs,collector-order-cycle,cycle5,4,0,0,0,1,0,0,0,1,1
pair-22-case-456,OpenTelemetry Logs,collector-order-cycle,cycle5,3,0,21,0,1,1,0,0,1,1
pair-22-case-457,OpenTelemetry Logs,collector-order-cycle,cycle5,3,0,0,0,1,0,0,0,1,1
pair-22-case-458,OpenTelemetry Logs,collector-order-cycle,cycle5,4,0,30,0,1,0,0,1,1,1
pair-22-case-459,OpenTelemetry Logs,collector-order-cycle,cycle5,4,0,0,0,1,0,0,0,1,1
pair-22-case-460,OpenTelemetry Logs,collector-order-cycle,cycle5,4,0,21,0,1,0,0,0,1,1
pair-22-case-461,OpenTelemetry Logs,collector-order-cycle,cycle5,4,0,0,0,1,0,0,0,1,1
pair-22-case-462,OpenTelemetry Logs,collector-order-cycle,cycle5,4,0,0,0,1,0,0,0,1,1
pair-22-case-463,OpenTelemetry Logs,collector-order-cycle,cycle5,4,0,0,0,1,1,0,0,1,1
pair-22-case-464,OpenTelemetry Logs,collector-order-cycle,cycle5,4,0,0,0,1,0,0,0,1,1
pair-22-case-465,OpenTelemetry Logs,collector-order-cycle,cycle5,3,0,51,0,1,1,0,1,1,1
pair-22-case-466,OpenTelemetry Logs,collector-order-cycle,cycle5,4,0,0,0,1,0,0,0,1,1
pair-22-case-467,OpenTelemetry Logs,collector-order-cycle,cycle5,4,0,0,0,1,1,0,0,1,1
pair-22-case-468,OpenTelemetry Logs,collector-order-cycle,cycle5,4,0,0,0,1,0,0,0,1,1
pair-22-case-469,OpenTelemetry Logs,collector-order-cycle,cycle5,4,0,0,0,1,0,0,0,1,1
pair-22-case-470,OpenTelemetry Logs,collector-order-cycle,cycle5,4,0,12,0,1,1,0,0,1,1
pair-22-case-471,OpenTelemetry Logs,collector-order-cycle,cycle5,4,0,0,0,1,0,0,0,1,1
pair-22-case-472,OpenTelemetry Logs,collector-order-cycle,cycle5,3,0,0,0,1,0,0,0,1,1
pair-22-case-473,OpenTelemetry Logs,collector-order-cycle,cycle5,4,0,0,0,1,1,0,0,1,1
pair-22-case-474,OpenTelemetry Logs,collector-order-cycle,cycle5,4,0,0,0,1,0,0,0,1,1
pair-22-case-475,OpenTelemetry Logs,collector-order-cycle,cycle5,4,0,0,0,1,0,0,0,1,1
pair-22-case-476,OpenTelemetry Logs,collector-order-cycle,cycle5,4,0,0,0,1,0,0,0,1,1
pair-22-case-477,OpenTelemetry Logs,collector-order-cycle,cycle5,4,0,18,0,1,0,0,1,1,1
pair-22-case-478,OpenTelemetry Logs,collector-order-cycle,cycle5,4,0,0,0,1,1,0,0,1,1
pair-22-case-479,OpenTelemetry Logs,collector-order-cycle,cycle5,4,0,0,0,1,0,0,0,1,1
pair-22-case-480,OpenTelemetry Logs,collector-order-cycle,cycle5,4,0,0,0,1,0,0,0,1,1
pair-22-case-481,OpenTelemetry Logs,collector-order-cycle,cycle5,4,0,0,0,1,0,0,0,1,1
pair-22-case-482,OpenTelemetry Logs,collector-order-cycle,cycle5,4,0,0,0,1,1,0,0,1,1
pair-22-case-483,OpenTelemetry Logs,collector-order-cycle,cycle5,4,0,0,0,1,1,0,0,1,1
pair-22-case-484,OpenTelemetry Logs,collector-order-cycle,cycle5,4,0,0,0,1,0,0,0,1,1
pair-22-case-485,OpenTelemetry Logs,collector-order-cycle,cycle5,4,0,0,0,1,0,0,0,1,1
pair-22-case-486,OpenTelemetry Logs,collector-order-cycle,cycle5,4,0,0,0,1,1,0,0,1,1
pair-22-case-487,OpenTelemetry Logs,collector-order-cycle,cycle5,3,0,0,0,1,1,0,0,1,1
pair-22-case-488,OpenTelemetry Logs,collector-order-cycle,cycle5,4,0,0,0,1,1,1,0,1,1
pair-22-case-489,OpenTelemetry Logs,collector-order-cycle,cycle5,4,0,0,0,1,0,0,0,1,1
pair-22-case-490,OpenTelemetry Logs,collector-order-cycle,cycle5,4,0,0,0,1,0,0,0,1,1
pair-22-case-491,OpenTelemetry Logs,collector-order-cycle,cycle5,4,0,0,0,1,0,0,0,1,1
pair-22-case-492,OpenTelemetry Logs,collector-order-cycle,cycle5,4,0,0,0,1,1,0,0,1,1
pair-22-case-493,OpenTelemetry Logs,collector-order-cycle,cycle5,4,0,21,0,1,1,0,1,1,1
pair-22-case-494,OpenTelemetry Logs,collector-order-cycle,cycle5,4,0,9,0,1,1,0,0,1,1
pair-22-case-495,OpenTelemetry Logs,collector-order-cycle,cycle5,3,0,0,0,1,0,0,0,1,1
pair-22-case-496,OpenTelemetry Logs,collector-order-cycle,cycle5,4,0,0,0,1,0,0,0,1,1
pair-22-case-497,OpenTelemetry Logs,collector-order-cycle,cycle5,4,0,0,0,1,0,0,0,1,1
pair-22-case-498,OpenTelemetry Logs,collector-order-cycle,cycle5,4,0,0,0,1,0,0,0,1,1
pair-22-case-499,OpenTelemetry Logs,collector-order-cycle,cycle5,4,0,0,0,1,1,0,0,1,1
pair-23-case-000,OpenTelemetry Logs,record-layout-recode,diamond4,0,1,81,8,0,1,1,1,1,1
pair-23-case-001,OpenTelemetry Logs,record-layout-recode,diamond4,1,0,0,0,1,0,0,0,1,1
pair-23-case-002,OpenTelemetry Logs,record-layout-recode,diamond4,1,0,27,0,1,0,0,1,1,1
pair-23-case-003,OpenTelemetry Logs,record-layout-recode,diamond4,1,0,0,0,1,1,1,0,1,1
pair-23-case-004,OpenTelemetry Logs,record-layout-recode,diamond4,1,0,0,0,1,1,1,0,1,1
pair-23-case-005,OpenTelemetry Logs,record-layout-recode,diamond4,1,0,27,0,1,1,0,1,1,1
pair-23-case-006,OpenTelemetry Logs,record-layout-recode,diamond4,1,0,0,0,1,0,0,0,1,1
pair-23-case-007,OpenTelemetry Logs,record-layout-recode,diamond4,1,0,27,0,1,0,0,1,1,1
pair-23-case-008,OpenTelemetry Logs,record-layout-recode,diamond4,1,0,0,0,1,1,1,0,1,1
pair-23-case-009,OpenTelemetry Logs,record-layout-recode,diamond4,1,0,0,0,1,1,1,0,1,1
pair-23-case-010,OpenTelemetry Logs,record-layout-recode,diamond4,1,0,27,0,1,1,0,1,1,1
pair-23-case-011,OpenTelemetry Logs,record-layout-recode,diamond4,1,0,0,0,1,0,0,0,1,1
pair-23-case-012,OpenTelemetry Logs,record-layout-recode,diamond4,1,0,27,0,1,0,0,1,1,1
pair-23-case-013,OpenTelemetry Logs,record-layout-recode,diamond4,1,0,27,0,1,1,1,0,1,1
pair-23-case-014,OpenTelemetry Logs,record-layout-recode,diamond4,1,0,0,0,1,1,1,0,1,1
pair-23-case-015,OpenTelemetry Logs,record-layout-recode,diamond4,1,0,0,0,1,1,1,0,1,1
pair-23-case-016,OpenTelemetry Logs,record-layout-recode,diamond4,1,0,27,0,1,1,0,1,1,1
pair-23-case-017,OpenTelemetry Logs,record-layout-recode,diamond4,1,0,0,0,1,0,0,0,1,1
pair-23-case-018,OpenTelemetry Logs,record-layout-recode,diamond4,1,0,27,0,1,0,0,1,1,1
pair-23-case-019,OpenTelemetry Logs,record-layout-recode,diamond4,1,0,27,0,1,1,1,0,1,1
pair-23-case-020,OpenTelemetry Logs,record-layout-recode,diamond4,1,0,0,0,1,1,1,0,1,1
pair-23-case-021,OpenTelemetry Logs,record-layout-recode,diamond4,1,0,0,0,1,1,1,0,1,1
pair-23-case-022,OpenTelemetry Logs,record-layout-recode,diamond4,1,0,27,0,1,1,0,1,1,1
pair-23-case-023,OpenTelemetry Logs,record-layout-recode,diamond4,1,1,63,8,0,1,0,1,1,1
pair-23-case-024,OpenTelemetry Logs,record-layout-recode,diamond4,1,1,63,8,0,1,0,1,1,1
pair-23-case-025,OpenTelemetry Logs,record-layout-recode,diamond4,1,1,63,8,0,1,0,1,1,1
pair-23-case-026,OpenTelemetry Logs,record-layout-recode,diamond4,1,1,63,8,0,1,0,1,1,1
pair-23-case-027,OpenTelemetry Logs,record-layout-recode,diamond4,1,1,63,8,0,1,0,1,1,1
pair-23-case-028,OpenTelemetry Logs,record-layout-recode,diamond4,1,1,63,8,0,1,0,1,1,1
pair-23-case-029,OpenTelemetry Logs,record-layout-recode,diamond4,1,1,63,8,0,1,0,1,1,1
pair-23-case-030,OpenTelemetry Logs,record-layout-recode,diamond4,1,1,63,8,0,1,0,1,1,1
pair-23-case-031,OpenTelemetry Logs,record-layout-recode,diamond4,4,1,29,8,0,1,0,1,1,1
pair-23-case-032,OpenTelemetry Logs,record-layout-recode,diamond4,3,1,37,8,0,1,0,1,1,1
pair-23-case-033,OpenTelemetry Logs,record-layout-recode,diamond4,2,1,51,8,0,1,0,1,1,1
pair-23-case-034,OpenTelemetry Logs,record-layout-recode,diamond4,4,1,23,8,0,1,0,1,1,1
pair-23-case-035,OpenTelemetry Logs,record-layout-recode,diamond4,3,1,39,8,0,1,0,1,1,1
pair-23-case-036,OpenTelemetry Logs,record-layout-recode,diamond4,3,1,31,8,0,1,0,1,1,1
pair-23-case-037,OpenTelemetry Logs,record-layout-recode,diamond4,4,1,27,8,0,1,0,1,1,1
pair-23-case-038,OpenTelemetry Logs,record-layout-recode,diamond4,4,1,29,8,0,1,0,1,1,1
pair-23-case-039,OpenTelemetry Logs,record-layout-recode,diamond4,3,1,45,8,0,1,0,1,1,1
pair-23-case-040,OpenTelemetry Logs,record-layout-recode,diamond4,4,1,31,8,0,1,0,1,1,1
pair-23-case-041,OpenTelemetry Logs,record-layout-recode,diamond4,4,1,33,8,0,1,0,1,1,1
pair-23-case-042,OpenTelemetry Logs,record-layout-recode,diamond4,3,1,35,8,0,1,0,1,1,1
pair-23-case-043,OpenTelemetry Logs,record-layout-recode,diamond4,3,1,31,8,0,1,0,1,1,1
pair-23-case-044,OpenTelemetry Logs,record-layout-recode,diamond4,4,1,27,8,0,1,0,1,1,1
pair-23-case-045,OpenTelemetry Logs,record-layout-recode,diamond4,2,1,51,8,0,1,0,1,1,1
pair-23-case-046,OpenTelemetry Logs,record-layout-recode,diamond4,3,1,39,8,0,1,0,1,1,1
pair-23-case-047,OpenTelemetry Logs,record-layout-recode,diamond4,3,1,36,8,0,1,0,1,1,1
pair-23-case-048,OpenTelemetry Logs,record-layout-recode,diamond4,4,1,31,8,0,1,0,1,1,1
pair-23-case-049,OpenTelemetry Logs,record-layout-recode,diamond4,3,1,41,8,0,1,0,1,1,1
pair-23-case-050,OpenTelemetry Logs,record-layout-recode,diamond4,2,1,45,8,0,1,0,1,1,1
pair-23-case-051,OpenTelemetry Logs,record-layout-recode,diamond4,4,1,27,8,0,1,0,1,1,1
pair-23-case-052,OpenTelemetry Logs,record-layout-recode,diamond4,3,1,37,8,0,1,0,1,1,1
pair-23-case-053,OpenTelemetry Logs,record-layout-recode,diamond4,2,1,48,8,0,1,0,1,1,1
pair-23-case-054,OpenTelemetry Logs,record-layout-recode,diamond4,3,1,43,8,0,1,0,1,1,1
pair-23-case-055,OpenTelemetry Logs,record-layout-recode,diamond4,4,1,27,8,0,1,0,1,1,1
pair-23-case-056,OpenTelemetry Logs,record-layout-recode,diamond4,3,1,39,8,0,1,0,1,1,1
pair-23-case-057,OpenTelemetry Logs,record-layout-recode,diamond4,3,1,39,8,0,1,0,1,1,1
pair-23-case-058,OpenTelemetry Logs,record-layout-recode,diamond4,2,1,45,8,0,1,0,1,1,1
pair-23-case-059,OpenTelemetry Logs,record-layout-recode,diamond4,3,1,35,8,0,1,0,1,1,1
pair-23-case-060,OpenTelemetry Logs,record-layout-recode,diamond4,3,1,37,8,0,1,0,1,1,1
pair-23-case-061,OpenTelemetry Logs,record-layout-recode,diamond4,4,1,31,8,0,1,0,1,1,1
pair-23-case-062,OpenTelemetry Logs,record-layout-recode,diamond4,4,1,33,8,0,1,0,1,1,1
pair-23-case-063,OpenTelemetry Logs,record-layout-recode,diamond4,2,1,49,8,0,1,0,1,1,1
pair-23-case-064,OpenTelemetry Logs,record-layout-recode,diamond4,3,1,33,8,0,1,0,1,1,1
pair-23-case-065,OpenTelemetry Logs,record-layout-recode,diamond4,3,1,35,8,0,1,0,1,1,1
pair-23-case-066,OpenTelemetry Logs,record-layout-recode,diamond4,4,1,30,8,0,1,0,1,1,1
pair-23-case-067,OpenTelemetry Logs,record-layout-recode,diamond4,4,1,27,8,0,1,0,1,1,1
pair-23-case-068,OpenTelemetry Logs,record-layout-recode,diamond4,2,1,57,8,0,1,0,1,1,1
pair-23-case-069,OpenTelemetry Logs,record-layout-recode,diamond4,3,1,45,8,0,1,0,1,1,1
pair-23-case-070,OpenTelemetry Logs,record-layout-recode,diamond4,4,1,29,8,0,1,0,1,1,1
pair-23-case-071,OpenTelemetry Logs,record-layout-recode,diamond4,2,1,45,8,0,1,0,1,1,1
pair-23-case-072,OpenTelemetry Logs,record-layout-recode,diamond4,3,1,37,8,0,1,0,1,1,1
pair-23-case-073,OpenTelemetry Logs,record-layout-recode,diamond4,2,1,51,8,0,1,0,1,1,1
pair-23-case-074,OpenTelemetry Logs,record-layout-recode,diamond4,4,1,27,8,0,1,0,1,1,1
pair-23-case-075,OpenTelemetry Logs,record-layout-recode,diamond4,4,1,26,8,0,1,0,1,1,1
pair-23-case-076,OpenTelemetry Logs,record-layout-recode,diamond4,4,1,25,8,0,1,0,1,1,1
pair-23-case-077,OpenTelemetry Logs,record-layout-recode,diamond4,2,1,45,8,0,1,0,1,1,1
pair-23-case-078,OpenTelemetry Logs,record-layout-recode,diamond4,4,1,35,8,0,1,0,1,1,1
pair-23-case-079,OpenTelemetry Logs,record-layout-recode,diamond4,3,1,37,8,0,1,0,1,1,1
pair-23-case-080,OpenTelemetry Logs,record-layout-recode,diamond4,4,1,35,8,0,1,0,1,1,1
pair-23-case-081,OpenTelemetry Logs,record-layout-recode,diamond4,4,1,31,8,0,1,0,1,1,1
pair-23-case-082,OpenTelemetry Logs,record-layout-recode,diamond4,3,1,36,8,0,1,0,1,1,1
pair-23-case-083,OpenTelemetry Logs,record-layout-recode,diamond4,2,1,51,8,0,1,0,1,1,1
pair-23-case-084,OpenTelemetry Logs,record-layout-recode,diamond4,2,1,49,8,0,1,0,1,1,1
pair-23-case-085,OpenTelemetry Logs,record-layout-recode,diamond4,4,1,25,8,0,1,0,1,1,1
pair-23-case-086,OpenTelemetry Logs,record-layout-recode,diamond4,4,1,23,8,0,1,0,1,1,1
pair-23-case-087,OpenTelemetry Logs,record-layout-recode,diamond4,2,1,51,8,0,1,0,1,1,1
pair-23-case-088,OpenTelemetry Logs,record-layout-recode,diamond4,4,1,26,8,0,1,0,1,1,1
pair-23-case-089,OpenTelemetry Logs,record-layout-recode,diamond4,4,1,29,8,0,1,0,1,1,1
pair-23-case-090,OpenTelemetry Logs,record-layout-recode,diamond4,4,1,30,8,0,1,0,1,1,1
pair-23-case-091,OpenTelemetry Logs,record-layout-recode,diamond4,3,1,45,8,0,1,0,1,1,1
pair-23-case-092,OpenTelemetry Logs,record-layout-recode,diamond4,4,1,27,8,0,1,0,1,1,1
pair-23-case-093,OpenTelemetry Logs,record-layout-recode,diamond4,4,1,27,8,0,1,0,1,1,1
pair-23-case-094,OpenTelemetry Logs,record-layout-recode,diamond4,3,1,41,8,0,1,0,1,1,1
pair-23-case-095,OpenTelemetry Logs,record-layout-recode,diamond4,2,1,49,8,0,1,0,1,1,1
pair-23-case-096,OpenTelemetry Logs,record-layout-recode,diamond4,3,1,33,8,0,1,0,1,1,1
pair-23-case-097,OpenTelemetry Logs,record-layout-recode,diamond4,3,1,31,8,0,1,0,1,1,1
pair-23-case-098,OpenTelemetry Logs,record-layout-recode,diamond4,4,1,26,8,0,1,0,1,1,1
pair-23-case-099,OpenTelemetry Logs,record-layout-recode,diamond4,4,1,31,8,0,1,0,1,1,1
pair-23-case-100,OpenTelemetry Logs,record-layout-recode,diamond4,3,1,33,8,0,1,0,1,1,1
pair-23-case-101,OpenTelemetry Logs,record-layout-recode,diamond4,4,1,31,8,0,1,0,1,1,1
pair-23-case-102,OpenTelemetry Logs,record-layout-recode,diamond4,3,1,34,8,0,1,0,1,1,1
pair-23-case-103,OpenTelemetry Logs,record-layout-recode,diamond4,3,1,35,8,0,1,0,1,1,1
pair-23-case-104,OpenTelemetry Logs,record-layout-recode,diamond4,3,1,35,8,0,1,0,1,1,1
pair-23-case-105,OpenTelemetry Logs,record-layout-recode,diamond4,4,1,27,8,0,1,0,1,1,1
pair-23-case-106,OpenTelemetry Logs,record-layout-recode,diamond4,4,1,29,8,0,1,0,1,1,1
pair-23-case-107,OpenTelemetry Logs,record-layout-recode,diamond4,3,1,39,8,0,1,0,1,1,1
pair-23-case-108,OpenTelemetry Logs,record-layout-recode,diamond4,4,1,23,8,0,1,0,1,1,1
pair-23-case-109,OpenTelemetry Logs,record-layout-recode,diamond4,3,1,33,8,0,1,0,1,1,1
pair-23-case-110,OpenTelemetry Logs,record-layout-recode,diamond4,3,1,33,8,0,1,0,1,1,1
pair-23-case-111,OpenTelemetry Logs,record-layout-recode,diamond4,3,1,36,8,0,1,0,1,1,1
pair-23-case-112,OpenTelemetry Logs,record-layout-recode,diamond4,4,1,31,8,0,1,0,1,1,1
pair-23-case-113,OpenTelemetry Logs,record-layout-recode,diamond4,2,1,45,8,0,1,0,1,1,1
pair-23-case-114,OpenTelemetry Logs,record-layout-recode,diamond4,4,1,27,8,0,1,0,1,1,1
pair-23-case-115,OpenTelemetry Logs,record-layout-recode,diamond4,3,1,34,8,0,1,0,1,1,1
pair-23-case-116,OpenTelemetry Logs,record-layout-recode,diamond4,2,1,49,8,0,1,0,1,1,1
pair-23-case-117,OpenTelemetry Logs,record-layout-recode,diamond4,2,1,49,8,0,1,0,1,1,1
pair-23-case-118,OpenTelemetry Logs,record-layout-recode,diamond4,4,1,27,8,0,1,0,1,1,1
pair-23-case-119,OpenTelemetry Logs,record-layout-recode,diamond4,2,1,57,8,0,1,0,1,1,1
pair-23-case-120,OpenTelemetry Logs,record-layout-recode,diamond4,4,1,25,8,0,1,0,1,1,1
pair-23-case-121,OpenTelemetry Logs,record-layout-recode,diamond4,4,1,29,8,0,1,0,1,1,1
pair-23-case-122,OpenTelemetry Logs,record-layout-recode,diamond4,3,1,35,8,0,1,0,1,1,1
pair-23-case-123,OpenTelemetry Logs,record-layout-recode,diamond4,2,1,49,8,0,1,0,1,1,1
pair-23-case-124,OpenTelemetry Logs,record-layout-recode,diamond4,4,1,27,8,0,1,0,1,1,1
pair-23-case-125,OpenTelemetry Logs,record-layout-recode,diamond4,4,1,27,8,0,1,0,1,1,1
pair-23-case-126,OpenTelemetry Logs,record-layout-recode,diamond4,4,1,27,8,0,1,0,1,1,1
pair-23-case-127,OpenTelemetry Logs,record-layout-recode,diamond4,4,0,3,0,1,0,0,1,1,1
pair-23-case-128,OpenTelemetry Logs,record-layout-recode,diamond4,4,0,0,0,1,0,0,0,1,1
pair-23-case-129,OpenTelemetry Logs,record-layout-recode,diamond4,3,0,0,0,1,0,0,0,1,1
pair-23-case-130,OpenTelemetry Logs,record-layout-recode,diamond4,4,0,0,0,1,0,0,0,1,1
pair-23-case-131,OpenTelemetry Logs,record-layout-recode,diamond4,4,0,0,0,1,0,0,0,1,1
pair-23-case-132,OpenTelemetry Logs,record-layout-recode,diamond4,4,0,0,0,1,0,0,0,1,1
pair-23-case-133,OpenTelemetry Logs,record-layout-recode,diamond4,4,0,0,0,1,0,0,0,1,1
pair-23-case-134,OpenTelemetry Logs,record-layout-recode,diamond4,4,0,0,0,1,0,0,0,1,1
pair-23-case-135,OpenTelemetry Logs,record-layout-recode,diamond4,4,0,16,0,1,1,0,1,1,1
pair-23-case-136,OpenTelemetry Logs,record-layout-recode,diamond4,4,0,0,0,1,1,0,0,1,1
pair-23-case-137,OpenTelemetry Logs,record-layout-recode,diamond4,4,0,0,0,1,0,0,0,1,1
pair-23-case-138,OpenTelemetry Logs,record-layout-recode,diamond4,4,0,0,0,1,0,0,0,1,1
pair-23-case-139,OpenTelemetry Logs,record-layout-recode,diamond4,3,0,0,0,1,1,0,0,1,1
pair-23-case-140,OpenTelemetry Logs,record-layout-recode,diamond4,4,0,0,0,1,0,0,0,1,1
pair-23-case-141,OpenTelemetry Logs,record-layout-recode,diamond4,3,0,0,0,1,0,0,0,1,1
pair-23-case-142,OpenTelemetry Logs,record-layout-recode,diamond4,4,0,0,0,1,1,0,0,1,1
pair-23-case-143,OpenTelemetry Logs,record-layout-recode,diamond4,4,0,0,0,1,1,0,0,1,1
pair-23-case-144,OpenTelemetry Logs,record-layout-recode,diamond4,4,0,0,0,1,0,0,0,1,1
pair-23-case-145,OpenTelemetry Logs,record-layout-recode,diamond4,3,0,27,0,1,0,0,0,1,1
pair-23-case-146,OpenTelemetry Logs,record-layout-recode,diamond4,4,0,5,0,1,1,0,0,1,1
pair-23-case-147,OpenTelemetry Logs,record-layout-recode,diamond4,4,0,9,0,1,0,0,1,1,1
pair-23-case-148,OpenTelemetry Logs,record-layout-recode,diamond4,3,0,0,0,1,1,0,0,1,1
pair-23-case-149,OpenTelemetry Logs,record-layout-recode,diamond4,4,0,0,0,1,0,0,0,1,1
pair-23-case-150,OpenTelemetry Logs,record-layout-recode,diamond4,4,0,0,0,1,0,0,0,1,1
pair-23-case-151,OpenTelemetry Logs,record-layout-recode,diamond4,4,0,0,0,1,1,0,0,1,1
pair-23-case-152,OpenTelemetry Logs,record-layout-recode,diamond4,4,0,0,0,1,0,0,0,1,1
pair-23-case-153,OpenTelemetry Logs,record-layout-recode,diamond4,3,0,0,0,1,1,0,0,1,1
pair-23-case-154,OpenTelemetry Logs,record-layout-recode,diamond4,4,0,0,0,1,0,0,0,1,1
pair-23-case-155,OpenTelemetry Logs,record-layout-recode,diamond4,4,0,0,0,1,0,0,0,1,1
pair-23-case-156,OpenTelemetry Logs,record-layout-recode,diamond4,4,0,0,0,1,1,0,0,1,1
pair-23-case-157,OpenTelemetry Logs,record-layout-recode,diamond4,4,0,0,0,1,0,0,0,1,1
pair-23-case-158,OpenTelemetry Logs,record-layout-recode,diamond4,4,0,0,0,1,0,0,0,1,1
pair-23-case-159,OpenTelemetry Logs,record-layout-recode,diamond4,4,0,0,0,1,1,0,0,1,1
pair-23-case-160,OpenTelemetry Logs,record-layout-recode,diamond4,4,0,0,0,1,0,0,0,1,1
pair-23-case-161,OpenTelemetry Logs,record-layout-recode,diamond4,4,0,0,0,1,0,0,0,1,1
pair-23-case-162,OpenTelemetry Logs,record-layout-recode,diamond4,4,0,0,0,1,0,0,0,1,1
pair-23-case-163,OpenTelemetry Logs,record-layout-recode,diamond4,4,0,0,0,1,0,0,0,1,1
pair-23-case-164,OpenTelemetry Logs,record-layout-recode,diamond4,3,0,0,0,1,1,0,0,1,1
pair-23-case-165,OpenTelemetry Logs,record-layout-recode,diamond4,4,0,0,0,1,0,0,0,1,1
pair-23-case-166,OpenTelemetry Logs,record-layout-recode,diamond4,4,0,0,0,1,0,0,0,1,1
pair-23-case-167,OpenTelemetry Logs,record-layout-recode,diamond4,4,0,0,0,1,1,0,0,1,1
pair-23-case-168,OpenTelemetry Logs,record-layout-recode,diamond4,4,0,0,0,1,0,0,0,1,1
pair-23-case-169,OpenTelemetry Logs,record-layout-recode,diamond4,4,0,0,0,1,0,0,0,1,1
pair-23-case-170,OpenTelemetry Logs,record-layout-recode,diamond4,4,0,0,0,1,0,0,0,1,1
pair-23-case-171,OpenTelemetry Logs,record-layout-recode,diamond4,4,0,0,0,1,0,0,0,1,1
pair-23-case-172,OpenTelemetry Logs,record-layout-recode,diamond4,4,0,0,0,1,0,0,0,1,1
pair-23-case-173,OpenTelemetry Logs,record-layout-recode,diamond4,4,0,0,0,1,0,0,0,1,1
pair-23-case-174,OpenTelemetry Logs,record-layout-recode,diamond4,4,0,0,0,1,0,0,0,1,1
pair-23-case-175,OpenTelemetry Logs,record-layout-recode,diamond4,4,0,0,0,1,0,0,0,1,1
pair-23-case-176,OpenTelemetry Logs,record-layout-recode,diamond4,4,0,0,0,1,0,0,0,1,1
pair-23-case-177,OpenTelemetry Logs,record-layout-recode,diamond4,4,0,0,0,1,0,0,0,1,1
pair-23-case-178,OpenTelemetry Logs,record-layout-recode,diamond4,4,0,0,0,1,0,0,0,1,1
pair-23-case-179,OpenTelemetry Logs,record-layout-recode,diamond4,4,0,0,0,1,1,0,0,1,1
pair-23-case-180,OpenTelemetry Logs,record-layout-recode,diamond4,4,0,0,0,1,0,0,0,1,1
pair-23-case-181,OpenTelemetry Logs,record-layout-recode,diamond4,4,0,0,0,1,0,0,0,1,1
pair-23-case-182,OpenTelemetry Logs,record-layout-recode,diamond4,4,0,0,0,1,0,0,0,1,1
pair-23-case-183,OpenTelemetry Logs,record-layout-recode,diamond4,4,0,0,0,1,0,0,0,1,1
pair-23-case-184,OpenTelemetry Logs,record-layout-recode,diamond4,4,0,0,0,1,0,0,0,1,1
pair-23-case-185,OpenTelemetry Logs,record-layout-recode,diamond4,4,0,0,0,1,0,0,0,1,1
pair-23-case-186,OpenTelemetry Logs,record-layout-recode,diamond4,3,0,0,0,1,1,0,0,1,1
pair-23-case-187,OpenTelemetry Logs,record-layout-recode,diamond4,4,0,0,0,1,1,0,0,1,1
pair-23-case-188,OpenTelemetry Logs,record-layout-recode,diamond4,4,0,0,0,1,0,0,0,1,1
pair-23-case-189,OpenTelemetry Logs,record-layout-recode,diamond4,4,0,7,0,1,0,0,1,1,1
pair-23-case-190,OpenTelemetry Logs,record-layout-recode,diamond4,4,0,1,0,1,0,0,0,1,1
pair-23-case-191,OpenTelemetry Logs,record-layout-recode,diamond4,4,0,0,0,1,0,0,0,1,1
pair-23-case-192,OpenTelemetry Logs,record-layout-recode,diamond4,4,0,0,0,1,0,0,0,1,1
pair-23-case-193,OpenTelemetry Logs,record-layout-recode,diamond4,3,0,0,0,1,1,0,0,1,1
pair-23-case-194,OpenTelemetry Logs,record-layout-recode,diamond4,3,0,0,0,1,0,0,0,1,1
pair-23-case-195,OpenTelemetry Logs,record-layout-recode,diamond4,4,0,0,0,1,0,0,0,1,1
pair-23-case-196,OpenTelemetry Logs,record-layout-recode,diamond4,4,0,0,0,1,0,0,0,1,1
pair-23-case-197,OpenTelemetry Logs,record-layout-recode,diamond4,4,0,0,0,1,1,0,0,1,1
pair-23-case-198,OpenTelemetry Logs,record-layout-recode,diamond4,4,0,0,0,1,1,0,0,1,1
pair-23-case-199,OpenTelemetry Logs,record-layout-recode,diamond4,4,0,0,0,1,0,0,0,1,1
pair-23-case-200,OpenTelemetry Logs,record-layout-recode,diamond4,4,0,9,0,1,0,0,1,1,1
pair-23-case-201,OpenTelemetry Logs,record-layout-recode,diamond4,4,0,0,0,1,0,0,0,1,1
pair-23-case-202,OpenTelemetry Logs,record-layout-recode,diamond4,4,0,0,0,1,0,0,0,1,1
pair-23-case-203,OpenTelemetry Logs,record-layout-recode,diamond4,4,0,0,0,1,0,0,0,1,1
pair-23-case-204,OpenTelemetry Logs,record-layout-recode,diamond4,4,0,3,0,1,0,0,1,1,1
pair-23-case-205,OpenTelemetry Logs,record-layout-recode,diamond4,4,0,0,0,1,1,0,0,1,1
pair-23-case-206,OpenTelemetry Logs,record-layout-recode,diamond4,4,0,0,0,1,0,0,0,1,1
pair-23-case-207,OpenTelemetry Logs,record-layout-recode,diamond4,4,0,0,0,1,0,0,0,1,1
pair-23-case-208,OpenTelemetry Logs,record-layout-recode,diamond4,4,0,0,0,1,0,0,0,1,1
pair-23-case-209,OpenTelemetry Logs,record-layout-recode,diamond4,4,0,1,0,1,0,0,1,1,1
pair-23-case-210,OpenTelemetry Logs,record-layout-recode,diamond4,4,0,27,0,1,0,0,0,1,1
pair-23-case-211,OpenTelemetry Logs,record-layout-recode,diamond4,4,0,0,0,1,0,0,0,1,1
pair-23-case-212,OpenTelemetry Logs,record-layout-recode,diamond4,4,0,0,0,1,0,0,0,1,1
pair-23-case-213,OpenTelemetry Logs,record-layout-recode,diamond4,4,0,0,0,1,0,0,0,1,1
pair-23-case-214,OpenTelemetry Logs,record-layout-recode,diamond4,4,0,0,0,1,0,0,0,1,1
pair-23-case-215,OpenTelemetry Logs,record-layout-recode,diamond4,4,0,2,0,1,1,0,1,1,1
pair-23-case-216,OpenTelemetry Logs,record-layout-recode,diamond4,4,0,0,0,1,0,0,0,1,1
pair-23-case-217,OpenTelemetry Logs,record-layout-recode,diamond4,4,0,0,0,1,0,0,0,1,1
pair-23-case-218,OpenTelemetry Logs,record-layout-recode,diamond4,3,0,3,0,1,0,0,1,1,1
pair-23-case-219,OpenTelemetry Logs,record-layout-recode,diamond4,4,0,0,0,1,0,0,0,1,1
pair-23-case-220,OpenTelemetry Logs,record-layout-recode,diamond4,4,0,0,0,1,0,0,0,1,1
pair-23-case-221,OpenTelemetry Logs,record-layout-recode,diamond4,4,0,0,0,1,1,0,0,1,1
pair-23-case-222,OpenTelemetry Logs,record-layout-recode,diamond4,3,0,0,0,1,1,0,0,1,1
pair-23-case-223,OpenTelemetry Logs,record-layout-recode,diamond4,4,0,3,0,1,1,0,0,1,1
pair-23-case-224,OpenTelemetry Logs,record-layout-recode,diamond4,4,0,3,0,1,0,0,0,1,1
pair-23-case-225,OpenTelemetry Logs,record-layout-recode,diamond4,4,0,0,0,1,0,0,0,1,1
pair-23-case-226,OpenTelemetry Logs,record-layout-recode,diamond4,3,0,0,0,1,0,0,0,1,1
pair-23-case-227,OpenTelemetry Logs,record-layout-recode,diamond4,4,0,0,0,1,0,0,0,1,1
pair-23-case-228,OpenTelemetry Logs,record-layout-recode,diamond4,4,0,0,0,1,0,0,0,1,1
pair-23-case-229,OpenTelemetry Logs,record-layout-recode,diamond4,3,0,12,0,1,0,0,1,1,1
pair-23-case-230,OpenTelemetry Logs,record-layout-recode,diamond4,3,0,15,0,1,0,0,1,1,1
pair-23-case-231,OpenTelemetry Logs,record-layout-recode,diamond4,4,0,3,0,1,1,0,0,1,1
pair-23-case-232,OpenTelemetry Logs,record-layout-recode,diamond4,3,0,0,0,1,0,0,0,1,1
pair-23-case-233,OpenTelemetry Logs,record-layout-recode,diamond4,4,0,3,0,1,0,0,0,1,1
pair-23-case-234,OpenTelemetry Logs,record-layout-recode,diamond4,4,0,0,0,1,0,0,0,1,1
pair-23-case-235,OpenTelemetry Logs,record-layout-recode,diamond4,4,0,3,0,1,0,0,0,1,1
pair-23-case-236,OpenTelemetry Logs,record-layout-recode,diamond4,4,0,6,0,1,0,0,1,1,1
pair-23-case-237,OpenTelemetry Logs,record-layout-recode,diamond4,4,0,0,0,1,0,0,0,1,1
pair-23-case-238,OpenTelemetry Logs,record-layout-recode,diamond4,4,0,0,0,1,0,0,0,1,1
pair-23-case-239,OpenTelemetry Logs,record-layout-recode,diamond4,3,0,0,0,1,0,0,0,1,1
pair-23-case-240,OpenTelemetry Logs,record-layout-recode,diamond4,4,0,0,0,1,0,0,0,1,1
pair-23-case-241,OpenTelemetry Logs,record-layout-recode,diamond4,4,0,0,0,1,1,0,0,1,1
pair-23-case-242,OpenTelemetry Logs,record-layout-recode,diamond4,4,0,0,0,1,0,0,0,1,1
pair-23-case-243,OpenTelemetry Logs,record-layout-recode,diamond4,3,0,0,0,1,0,0,0,1,1
pair-23-case-244,OpenTelemetry Logs,record-layout-recode,diamond4,4,0,0,0,1,0,0,0,1,1
pair-23-case-245,OpenTelemetry Logs,record-layout-recode,diamond4,4,0,0,0,1,0,0,0,1,1
pair-23-case-246,OpenTelemetry Logs,record-layout-recode,diamond4,4,0,6,0,1,1,0,0,1,1
pair-23-case-247,OpenTelemetry Logs,record-layout-recode,diamond4,4,0,5,0,1,1,0,0,1,1
pair-23-case-248,OpenTelemetry Logs,record-layout-recode,diamond4,4,0,0,0,1,0,0,0,1,1
pair-23-case-249,OpenTelemetry Logs,record-layout-recode,diamond4,3,0,0,0,1,0,0,0,1,1
pair-23-case-250,OpenTelemetry Logs,record-layout-recode,diamond4,4,0,0,0,1,0,0,0,1,1
pair-23-case-251,OpenTelemetry Logs,record-layout-recode,diamond4,4,0,0,0,1,0,0,0,1,1
pair-23-case-252,OpenTelemetry Logs,record-layout-recode,diamond4,4,0,0,0,1,0,0,0,1,1
pair-23-case-253,OpenTelemetry Logs,record-layout-recode,diamond4,4,0,0,0,1,0,0,0,1,1
pair-23-case-254,OpenTelemetry Logs,record-layout-recode,diamond4,4,0,0,0,1,1,0,0,1,1
pair-23-case-255,OpenTelemetry Logs,record-layout-recode,diamond4,4,0,0,0,1,0,0,0,1,1
pair-23-case-256,OpenTelemetry Logs,record-layout-recode,diamond4,4,0,0,0,1,1,0,0,1,1
pair-23-case-257,OpenTelemetry Logs,record-layout-recode,diamond4,4,0,0,0,1,1,0,0,1,1
pair-23-case-258,OpenTelemetry Logs,record-layout-recode,diamond4,4,0,0,0,1,1,0,0,1,1
pair-23-case-259,OpenTelemetry Logs,record-layout-recode,diamond4,4,0,0,0,1,0,0,0,1,1
pair-23-case-260,OpenTelemetry Logs,record-layout-recode,diamond4,3,0,0,0,1,0,0,0,1,1
pair-23-case-261,OpenTelemetry Logs,record-layout-recode,diamond4,4,0,0,0,1,0,0,0,1,1
pair-23-case-262,OpenTelemetry Logs,record-layout-recode,diamond4,4,0,0,0,1,0,0,0,1,1
pair-23-case-263,OpenTelemetry Logs,record-layout-recode,diamond4,4,0,0,0,1,1,0,0,1,1
pair-23-case-264,OpenTelemetry Logs,record-layout-recode,diamond4,3,0,0,0,1,0,0,0,1,1
pair-23-case-265,OpenTelemetry Logs,record-layout-recode,diamond4,4,0,0,0,1,0,0,0,1,1
pair-23-case-266,OpenTelemetry Logs,record-layout-recode,diamond4,4,0,11,0,1,0,0,1,1,1
pair-23-case-267,OpenTelemetry Logs,record-layout-recode,diamond4,3,0,0,0,1,1,0,0,1,1
pair-23-case-268,OpenTelemetry Logs,record-layout-recode,diamond4,4,0,1,0,1,1,0,0,1,1
pair-23-case-269,OpenTelemetry Logs,record-layout-recode,diamond4,4,0,0,0,1,0,0,0,1,1
pair-23-case-270,OpenTelemetry Logs,record-layout-recode,diamond4,4,0,0,0,1,0,0,0,1,1
pair-23-case-271,OpenTelemetry Logs,record-layout-recode,diamond4,4,0,0,0,1,0,0,0,1,1
pair-23-case-272,OpenTelemetry Logs,record-layout-recode,diamond4,3,0,0,0,1,0,0,0,1,1
pair-23-case-273,OpenTelemetry Logs,record-layout-recode,diamond4,4,0,0,0,1,0,0,0,1,1
pair-23-case-274,OpenTelemetry Logs,record-layout-recode,diamond4,4,0,0,0,1,0,0,0,1,1
pair-23-case-275,OpenTelemetry Logs,record-layout-recode,diamond4,4,0,0,0,1,1,0,0,1,1
pair-23-case-276,OpenTelemetry Logs,record-layout-recode,diamond4,4,0,3,0,1,0,0,1,1,1
pair-23-case-277,OpenTelemetry Logs,record-layout-recode,diamond4,4,0,0,0,1,1,0,0,1,1
pair-23-case-278,OpenTelemetry Logs,record-layout-recode,diamond4,4,0,0,0,1,0,0,0,1,1
pair-23-case-279,OpenTelemetry Logs,record-layout-recode,diamond4,3,0,0,0,1,0,0,0,1,1
pair-23-case-280,OpenTelemetry Logs,record-layout-recode,diamond4,4,0,0,0,1,0,0,0,1,1
pair-23-case-281,OpenTelemetry Logs,record-layout-recode,diamond4,4,0,0,0,1,0,0,0,1,1
pair-23-case-282,OpenTelemetry Logs,record-layout-recode,diamond4,4,0,0,0,1,0,0,0,1,1
pair-23-case-283,OpenTelemetry Logs,record-layout-recode,diamond4,4,0,0,0,1,1,0,0,1,1
pair-23-case-284,OpenTelemetry Logs,record-layout-recode,diamond4,4,0,0,0,1,1,0,0,1,1
pair-23-case-285,OpenTelemetry Logs,record-layout-recode,diamond4,4,0,0,0,1,1,0,0,1,1
pair-23-case-286,OpenTelemetry Logs,record-layout-recode,diamond4,4,0,4,0,1,0,0,1,1,1
pair-23-case-287,OpenTelemetry Logs,record-layout-recode,diamond4,4,0,0,0,1,0,0,0,1,1
pair-23-case-288,OpenTelemetry Logs,record-layout-recode,diamond4,3,0,0,0,1,0,0,0,1,1
pair-23-case-289,OpenTelemetry Logs,record-layout-recode,diamond4,4,0,0,0,1,0,0,0,1,1
pair-23-case-290,OpenTelemetry Logs,record-layout-recode,diamond4,2,0,27,0,1,0,0,1,1,1
pair-23-case-291,OpenTelemetry Logs,record-layout-recode,diamond4,4,0,0,0,1,1,0,0,1,1
pair-23-case-292,OpenTelemetry Logs,record-layout-recode,diamond4,3,0,0,0,1,0,0,0,1,1
pair-23-case-293,OpenTelemetry Logs,record-layout-recode,diamond4,4,0,0,0,1,0,0,0,1,1
pair-23-case-294,OpenTelemetry Logs,record-layout-recode,diamond4,3,0,0,0,1,0,0,0,1,1
pair-23-case-295,OpenTelemetry Logs,record-layout-recode,diamond4,4,0,0,0,1,0,0,0,1,1
pair-23-case-296,OpenTelemetry Logs,record-layout-recode,diamond4,4,0,0,0,1,0,0,0,1,1
pair-23-case-297,OpenTelemetry Logs,record-layout-recode,diamond4,4,0,0,0,1,0,0,0,1,1
pair-23-case-298,OpenTelemetry Logs,record-layout-recode,diamond4,4,0,0,0,1,0,0,0,1,1
pair-23-case-299,OpenTelemetry Logs,record-layout-recode,diamond4,4,0,0,0,1,1,0,0,1,1
pair-23-case-300,OpenTelemetry Logs,record-layout-recode,diamond4,4,0,3,0,1,0,0,1,1,1
pair-23-case-301,OpenTelemetry Logs,record-layout-recode,diamond4,3,0,9,0,1,1,0,0,1,1
pair-23-case-302,OpenTelemetry Logs,record-layout-recode,diamond4,4,0,0,0,1,1,0,0,1,1
pair-23-case-303,OpenTelemetry Logs,record-layout-recode,diamond4,3,0,0,0,1,0,0,0,1,1
pair-23-case-304,OpenTelemetry Logs,record-layout-recode,diamond4,4,0,0,0,1,0,0,0,1,1
pair-23-case-305,OpenTelemetry Logs,record-layout-recode,diamond4,4,0,0,0,1,1,0,0,1,1
pair-23-case-306,OpenTelemetry Logs,record-layout-recode,diamond4,4,0,0,0,1,1,0,0,1,1
pair-23-case-307,OpenTelemetry Logs,record-layout-recode,diamond4,4,0,2,0,1,0,0,1,1,1
pair-23-case-308,OpenTelemetry Logs,record-layout-recode,diamond4,4,0,0,0,1,0,0,0,1,1
pair-23-case-309,OpenTelemetry Logs,record-layout-recode,diamond4,3,0,0,0,1,0,0,0,1,1
pair-23-case-310,OpenTelemetry Logs,record-layout-recode,diamond4,4,0,3,0,1,1,0,0,1,1
pair-23-case-311,OpenTelemetry Logs,record-layout-recode,diamond4,4,0,0,0,1,0,0,0,1,1
pair-23-case-312,OpenTelemetry Logs,record-layout-recode,diamond4,4,0,0,0,1,0,0,0,1,1
pair-23-case-313,OpenTelemetry Logs,record-layout-recode,diamond4,4,0,0,0,1,1,0,0,1,1
pair-23-case-314,OpenTelemetry Logs,record-layout-recode,diamond4,4,0,7,0,1,0,0,0,1,1
pair-23-case-315,OpenTelemetry Logs,record-layout-recode,diamond4,4,0,0,0,1,1,0,0,1,1
pair-23-case-316,OpenTelemetry Logs,record-layout-recode,diamond4,3,0,0,0,1,1,1,0,1,1
pair-23-case-317,OpenTelemetry Logs,record-layout-recode,diamond4,4,0,0,0,1,0,0,0,1,1
pair-23-case-318,OpenTelemetry Logs,record-layout-recode,diamond4,4,0,0,0,1,0,0,0,1,1
pair-23-case-319,OpenTelemetry Logs,record-layout-recode,diamond4,4,0,0,0,1,1,0,0,1,1
pair-23-case-320,OpenTelemetry Logs,record-layout-recode,diamond4,4,0,0,0,1,1,0,0,1,1
pair-23-case-321,OpenTelemetry Logs,record-layout-recode,diamond4,4,0,0,0,1,1,0,0,1,1
pair-23-case-322,OpenTelemetry Logs,record-layout-recode,diamond4,3,0,3,0,1,1,0,0,1,1
pair-23-case-323,OpenTelemetry Logs,record-layout-recode,diamond4,4,0,0,0,1,0,0,0,1,1
pair-23-case-324,OpenTelemetry Logs,record-layout-recode,diamond4,4,0,9,0,1,1,0,1,1,1
pair-23-case-325,OpenTelemetry Logs,record-layout-recode,diamond4,4,0,0,0,1,0,0,0,1,1
pair-23-case-326,OpenTelemetry Logs,record-layout-recode,diamond4,4,0,10,0,1,0,0,1,1,1
pair-23-case-327,OpenTelemetry Logs,record-layout-recode,diamond4,4,0,0,0,1,1,0,0,1,1
pair-23-case-328,OpenTelemetry Logs,record-layout-recode,diamond4,4,0,0,0,1,0,0,0,1,1
pair-23-case-329,OpenTelemetry Logs,record-layout-recode,diamond4,3,0,0,0,1,0,0,0,1,1
pair-23-case-330,OpenTelemetry Logs,record-layout-recode,diamond4,4,0,0,0,1,0,0,0,1,1
pair-23-case-331,OpenTelemetry Logs,record-layout-recode,diamond4,4,0,0,0,1,0,0,0,1,1
pair-23-case-332,OpenTelemetry Logs,record-layout-recode,diamond4,3,0,0,0,1,0,0,0,1,1
pair-23-case-333,OpenTelemetry Logs,record-layout-recode,diamond4,4,0,0,0,1,0,0,0,1,1
pair-23-case-334,OpenTelemetry Logs,record-layout-recode,diamond4,4,0,0,0,1,0,0,0,1,1
pair-23-case-335,OpenTelemetry Logs,record-layout-recode,diamond4,4,0,0,0,1,0,0,0,1,1
pair-23-case-336,OpenTelemetry Logs,record-layout-recode,diamond4,3,0,3,0,1,0,0,0,1,1
pair-23-case-337,OpenTelemetry Logs,record-layout-recode,diamond4,4,0,0,0,1,1,0,0,1,1
pair-23-case-338,OpenTelemetry Logs,record-layout-recode,diamond4,4,0,0,0,1,0,0,0,1,1
pair-23-case-339,OpenTelemetry Logs,record-layout-recode,diamond4,4,0,0,0,1,0,0,0,1,1
pair-23-case-340,OpenTelemetry Logs,record-layout-recode,diamond4,4,0,0,0,1,0,0,0,1,1
pair-23-case-341,OpenTelemetry Logs,record-layout-recode,diamond4,4,0,0,0,1,0,0,0,1,1
pair-23-case-342,OpenTelemetry Logs,record-layout-recode,diamond4,4,0,0,0,1,0,0,0,1,1
pair-23-case-343,OpenTelemetry Logs,record-layout-recode,diamond4,3,0,0,0,1,0,0,0,1,1
pair-23-case-344,OpenTelemetry Logs,record-layout-recode,diamond4,4,0,0,0,1,1,0,0,1,1
pair-23-case-345,OpenTelemetry Logs,record-layout-recode,diamond4,4,0,1,0,1,0,0,0,1,1
pair-23-case-346,OpenTelemetry Logs,record-layout-recode,diamond4,4,0,0,0,1,0,0,0,1,1
pair-23-case-347,OpenTelemetry Logs,record-layout-recode,diamond4,4,0,0,0,1,0,0,0,1,1
pair-23-case-348,OpenTelemetry Logs,record-layout-recode,diamond4,4,0,0,0,1,0,0,0,1,1
pair-23-case-349,OpenTelemetry Logs,record-layout-recode,diamond4,4,0,0,0,1,0,0,0,1,1
pair-23-case-350,OpenTelemetry Logs,record-layout-recode,diamond4,4,0,0,0,1,1,0,0,1,1
pair-23-case-351,OpenTelemetry Logs,record-layout-recode,diamond4,3,0,0,0,1,1,0,0,1,1
pair-23-case-352,OpenTelemetry Logs,record-layout-recode,diamond4,4,0,0,0,1,0,0,0,1,1
pair-23-case-353,OpenTelemetry Logs,record-layout-recode,diamond4,4,0,0,0,1,0,0,0,1,1
pair-23-case-354,OpenTelemetry Logs,record-layout-recode,diamond4,4,0,0,0,1,0,0,0,1,1
pair-23-case-355,OpenTelemetry Logs,record-layout-recode,diamond4,4,0,0,0,1,0,0,0,1,1
pair-23-case-356,OpenTelemetry Logs,record-layout-recode,diamond4,4,0,0,0,1,0,0,0,1,1
pair-23-case-357,OpenTelemetry Logs,record-layout-recode,diamond4,3,0,0,0,1,0,0,0,1,1
pair-23-case-358,OpenTelemetry Logs,record-layout-recode,diamond4,3,0,0,0,1,1,0,0,1,1
pair-23-case-359,OpenTelemetry Logs,record-layout-recode,diamond4,4,0,0,0,1,0,0,0,1,1
pair-23-case-360,OpenTelemetry Logs,record-layout-recode,diamond4,4,0,0,0,1,0,0,0,1,1
pair-23-case-361,OpenTelemetry Logs,record-layout-recode,diamond4,3,0,0,0,1,1,0,0,1,1
pair-23-case-362,OpenTelemetry Logs,record-layout-recode,diamond4,4,0,0,0,1,0,0,0,1,1
pair-23-case-363,OpenTelemetry Logs,record-layout-recode,diamond4,4,0,0,0,1,1,0,0,1,1
pair-23-case-364,OpenTelemetry Logs,record-layout-recode,diamond4,4,0,0,0,1,1,0,0,1,1
pair-23-case-365,OpenTelemetry Logs,record-layout-recode,diamond4,4,0,0,0,1,0,0,0,1,1
pair-23-case-366,OpenTelemetry Logs,record-layout-recode,diamond4,4,0,9,0,1,0,0,0,1,1
pair-23-case-367,OpenTelemetry Logs,record-layout-recode,diamond4,4,0,0,0,1,1,0,0,1,1
pair-23-case-368,OpenTelemetry Logs,record-layout-recode,diamond4,4,0,0,0,1,1,0,0,1,1
pair-23-case-369,OpenTelemetry Logs,record-layout-recode,diamond4,4,0,7,0,1,1,0,1,1,1
pair-23-case-370,OpenTelemetry Logs,record-layout-recode,diamond4,4,0,0,0,1,0,0,0,1,1
pair-23-case-371,OpenTelemetry Logs,record-layout-recode,diamond4,4,0,0,0,1,0,0,0,1,1
pair-23-case-372,OpenTelemetry Logs,record-layout-recode,diamond4,4,0,0,0,1,0,0,0,1,1
pair-23-case-373,OpenTelemetry Logs,record-layout-recode,diamond4,3,0,0,0,1,0,0,0,1,1
pair-23-case-374,OpenTelemetry Logs,record-layout-recode,diamond4,4,0,0,0,1,0,0,0,1,1
pair-23-case-375,OpenTelemetry Logs,record-layout-recode,diamond4,4,0,0,0,1,0,0,0,1,1
pair-23-case-376,OpenTelemetry Logs,record-layout-recode,diamond4,3,0,0,0,1,0,0,0,1,1
pair-23-case-377,OpenTelemetry Logs,record-layout-recode,diamond4,4,0,9,0,1,0,0,1,1,1
pair-23-case-378,OpenTelemetry Logs,record-layout-recode,diamond4,4,0,0,0,1,0,0,0,1,1
pair-23-case-379,OpenTelemetry Logs,record-layout-recode,diamond4,4,0,0,0,1,0,0,0,1,1
pair-23-case-380,OpenTelemetry Logs,record-layout-recode,diamond4,4,0,0,0,1,0,0,0,1,1
pair-23-case-381,OpenTelemetry Logs,record-layout-recode,diamond4,4,0,0,0,1,0,0,0,1,1
pair-23-case-382,OpenTelemetry Logs,record-layout-recode,diamond4,4,0,0,0,1,1,0,0,1,1
pair-23-case-383,OpenTelemetry Logs,record-layout-recode,diamond4,4,0,0,0,1,0,0,0,1,1
pair-23-case-384,OpenTelemetry Logs,record-layout-recode,diamond4,4,0,0,0,1,0,0,0,1,1
pair-23-case-385,OpenTelemetry Logs,record-layout-recode,diamond4,4,0,0,0,1,0,0,0,1,1
pair-23-case-386,OpenTelemetry Logs,record-layout-recode,diamond4,4,0,0,0,1,0,0,0,1,1
pair-23-case-387,OpenTelemetry Logs,record-layout-recode,diamond4,4,0,0,0,1,1,0,0,1,1
pair-23-case-388,OpenTelemetry Logs,record-layout-recode,diamond4,4,0,0,0,1,1,1,0,1,1
pair-23-case-389,OpenTelemetry Logs,record-layout-recode,diamond4,4,0,0,0,1,0,0,0,1,1
pair-23-case-390,OpenTelemetry Logs,record-layout-recode,diamond4,4,0,0,0,1,0,0,0,1,1
pair-23-case-391,OpenTelemetry Logs,record-layout-recode,diamond4,4,0,15,0,1,1,0,0,1,1
pair-23-case-392,OpenTelemetry Logs,record-layout-recode,diamond4,4,0,0,0,1,1,0,0,1,1
pair-23-case-393,OpenTelemetry Logs,record-layout-recode,diamond4,4,0,0,0,1,0,0,0,1,1
pair-23-case-394,OpenTelemetry Logs,record-layout-recode,diamond4,4,0,15,0,1,1,0,0,1,1
pair-23-case-395,OpenTelemetry Logs,record-layout-recode,diamond4,4,0,0,0,1,0,0,0,1,1
pair-23-case-396,OpenTelemetry Logs,record-layout-recode,diamond4,4,0,0,0,1,0,0,0,1,1
pair-23-case-397,OpenTelemetry Logs,record-layout-recode,diamond4,4,0,0,0,1,1,0,0,1,1
pair-23-case-398,OpenTelemetry Logs,record-layout-recode,diamond4,4,0,0,0,1,1,0,0,1,1
pair-23-case-399,OpenTelemetry Logs,record-layout-recode,diamond4,4,0,0,0,1,0,0,0,1,1
pair-23-case-400,OpenTelemetry Logs,record-layout-recode,diamond4,3,0,0,0,1,0,0,0,1,1
pair-23-case-401,OpenTelemetry Logs,record-layout-recode,diamond4,4,0,0,0,1,0,0,0,1,1
pair-23-case-402,OpenTelemetry Logs,record-layout-recode,diamond4,4,0,0,0,1,1,1,0,1,1
pair-23-case-403,OpenTelemetry Logs,record-layout-recode,diamond4,4,0,0,0,1,0,0,0,1,1
pair-23-case-404,OpenTelemetry Logs,record-layout-recode,diamond4,4,0,0,0,1,1,0,0,1,1
pair-23-case-405,OpenTelemetry Logs,record-layout-recode,diamond4,4,0,0,0,1,1,1,0,1,1
pair-23-case-406,OpenTelemetry Logs,record-layout-recode,diamond4,2,0,18,0,1,0,0,1,1,1
pair-23-case-407,OpenTelemetry Logs,record-layout-recode,diamond4,4,0,0,0,1,0,0,0,1,1
pair-23-case-408,OpenTelemetry Logs,record-layout-recode,diamond4,4,0,0,0,1,0,0,0,1,1
pair-23-case-409,OpenTelemetry Logs,record-layout-recode,diamond4,3,0,0,0,1,1,0,0,1,1
pair-23-case-410,OpenTelemetry Logs,record-layout-recode,diamond4,4,0,0,0,1,0,0,0,1,1
pair-23-case-411,OpenTelemetry Logs,record-layout-recode,diamond4,4,0,8,0,1,1,0,1,1,1
pair-23-case-412,OpenTelemetry Logs,record-layout-recode,diamond4,4,0,0,0,1,0,0,0,1,1
pair-23-case-413,OpenTelemetry Logs,record-layout-recode,diamond4,4,0,0,0,1,1,0,0,1,1
pair-23-case-414,OpenTelemetry Logs,record-layout-recode,diamond4,4,0,0,0,1,0,0,0,1,1
pair-23-case-415,OpenTelemetry Logs,record-layout-recode,diamond4,3,0,0,0,1,0,0,0,1,1
pair-23-case-416,OpenTelemetry Logs,record-layout-recode,diamond4,4,0,0,0,1,0,0,0,1,1
pair-23-case-417,OpenTelemetry Logs,record-layout-recode,diamond4,4,0,0,0,1,0,0,0,1,1
pair-23-case-418,OpenTelemetry Logs,record-layout-recode,diamond4,4,0,6,0,1,0,0,1,1,1
pair-23-case-419,OpenTelemetry Logs,record-layout-recode,diamond4,4,0,0,0,1,0,0,0,1,1
pair-23-case-420,OpenTelemetry Logs,record-layout-recode,diamond4,4,0,0,0,1,0,0,0,1,1
pair-23-case-421,OpenTelemetry Logs,record-layout-recode,diamond4,4,0,0,0,1,0,0,0,1,1
pair-23-case-422,OpenTelemetry Logs,record-layout-recode,diamond4,4,0,0,0,1,1,0,0,1,1
pair-23-case-423,OpenTelemetry Logs,record-layout-recode,diamond4,4,0,3,0,1,0,0,1,1,1
pair-23-case-424,OpenTelemetry Logs,record-layout-recode,diamond4,4,0,0,0,1,0,0,0,1,1
pair-23-case-425,OpenTelemetry Logs,record-layout-recode,diamond4,4,0,1,0,1,1,0,1,1,1
pair-23-case-426,OpenTelemetry Logs,record-layout-recode,diamond4,3,0,0,0,1,0,0,0,1,1
pair-23-case-427,OpenTelemetry Logs,record-layout-recode,diamond4,4,0,0,0,1,1,0,0,1,1
pair-23-case-428,OpenTelemetry Logs,record-layout-recode,diamond4,4,0,0,0,1,1,0,0,1,1
pair-23-case-429,OpenTelemetry Logs,record-layout-recode,diamond4,4,0,0,0,1,1,0,0,1,1
pair-23-case-430,OpenTelemetry Logs,record-layout-recode,diamond4,4,0,0,0,1,1,0,0,1,1
pair-23-case-431,OpenTelemetry Logs,record-layout-recode,diamond4,4,0,0,0,1,0,0,0,1,1
pair-23-case-432,OpenTelemetry Logs,record-layout-recode,diamond4,4,0,3,0,1,0,0,1,1,1
pair-23-case-433,OpenTelemetry Logs,record-layout-recode,diamond4,4,0,0,0,1,0,0,0,1,1
pair-23-case-434,OpenTelemetry Logs,record-layout-recode,diamond4,4,0,0,0,1,0,0,0,1,1
pair-23-case-435,OpenTelemetry Logs,record-layout-recode,diamond4,3,0,0,0,1,1,0,0,1,1
pair-23-case-436,OpenTelemetry Logs,record-layout-recode,diamond4,4,0,0,0,1,0,0,0,1,1
pair-23-case-437,OpenTelemetry Logs,record-layout-recode,diamond4,4,0,0,0,1,0,0,0,1,1
pair-23-case-438,OpenTelemetry Logs,record-layout-recode,diamond4,3,0,9,0,1,1,0,1,1,1
pair-23-case-439,OpenTelemetry Logs,record-layout-recode,diamond4,4,0,21,0,1,1,0,1,1,1
pair-23-case-440,OpenTelemetry Logs,record-layout-recode,diamond4,4,0,3,0,1,0,0,0,1,1
pair-23-case-441,OpenTelemetry Logs,record-layout-recode,diamond4,4,0,0,0,1,1,0,0,1,1
pair-23-case-442,OpenTelemetry Logs,record-layout-recode,diamond4,4,0,0,0,1,0,0,0,1,1
pair-23-case-443,OpenTelemetry Logs,record-layout-recode,diamond4,4,0,0,0,1,0,0,0,1,1
pair-23-case-444,OpenTelemetry Logs,record-layout-recode,diamond4,4,0,0,0,1,0,0,0,1,1
pair-23-case-445,OpenTelemetry Logs,record-layout-recode,diamond4,4,0,0,0,1,0,0,0,1,1
pair-23-case-446,OpenTelemetry Logs,record-layout-recode,diamond4,4,0,0,0,1,0,0,0,1,1
pair-23-case-447,OpenTelemetry Logs,record-layout-recode,diamond4,4,0,0,0,1,0,0,0,1,1
pair-23-case-448,OpenTelemetry Logs,record-layout-recode,diamond4,4,0,0,0,1,0,0,0,1,1
pair-23-case-449,OpenTelemetry Logs,record-layout-recode,diamond4,4,0,0,0,1,0,0,0,1,1
pair-23-case-450,OpenTelemetry Logs,record-layout-recode,diamond4,3,0,0,0,1,1,0,0,1,1
pair-23-case-451,OpenTelemetry Logs,record-layout-recode,diamond4,4,0,0,0,1,0,0,0,1,1
pair-23-case-452,OpenTelemetry Logs,record-layout-recode,diamond4,4,0,0,0,1,0,0,0,1,1
pair-23-case-453,OpenTelemetry Logs,record-layout-recode,diamond4,4,0,0,0,1,0,0,0,1,1
pair-23-case-454,OpenTelemetry Logs,record-layout-recode,diamond4,3,0,0,0,1,1,0,0,1,1
pair-23-case-455,OpenTelemetry Logs,record-layout-recode,diamond4,4,0,0,0,1,1,0,0,1,1
pair-23-case-456,OpenTelemetry Logs,record-layout-recode,diamond4,4,0,0,0,1,1,0,0,1,1
pair-23-case-457,OpenTelemetry Logs,record-layout-recode,diamond4,4,0,0,0,1,0,0,0,1,1
pair-23-case-458,OpenTelemetry Logs,record-layout-recode,diamond4,4,0,0,0,1,0,0,0,1,1
pair-23-case-459,OpenTelemetry Logs,record-layout-recode,diamond4,4,0,21,0,1,1,0,0,1,1
pair-23-case-460,OpenTelemetry Logs,record-layout-recode,diamond4,4,0,0,0,1,0,0,0,1,1
pair-23-case-461,OpenTelemetry Logs,record-layout-recode,diamond4,3,0,0,0,1,0,0,0,1,1
pair-23-case-462,OpenTelemetry Logs,record-layout-recode,diamond4,4,0,0,0,1,0,0,0,1,1
pair-23-case-463,OpenTelemetry Logs,record-layout-recode,diamond4,4,0,0,0,1,0,0,0,1,1
pair-23-case-464,OpenTelemetry Logs,record-layout-recode,diamond4,3,0,0,0,1,1,1,0,1,1
pair-23-case-465,OpenTelemetry Logs,record-layout-recode,diamond4,3,0,17,0,1,1,0,0,1,1
pair-23-case-466,OpenTelemetry Logs,record-layout-recode,diamond4,4,0,0,0,1,0,0,0,1,1
pair-23-case-467,OpenTelemetry Logs,record-layout-recode,diamond4,4,0,0,0,1,0,0,0,1,1
pair-23-case-468,OpenTelemetry Logs,record-layout-recode,diamond4,4,0,0,0,1,0,0,0,1,1
pair-23-case-469,OpenTelemetry Logs,record-layout-recode,diamond4,4,0,0,0,1,0,0,0,1,1
pair-23-case-470,OpenTelemetry Logs,record-layout-recode,diamond4,4,0,7,0,1,0,0,1,1,1
pair-23-case-471,OpenTelemetry Logs,record-layout-recode,diamond4,4,0,3,0,1,0,0,1,1,1
pair-23-case-472,OpenTelemetry Logs,record-layout-recode,diamond4,3,0,0,0,1,0,0,0,1,1
pair-23-case-473,OpenTelemetry Logs,record-layout-recode,diamond4,3,0,0,0,1,0,0,0,1,1
pair-23-case-474,OpenTelemetry Logs,record-layout-recode,diamond4,4,0,0,0,1,0,0,0,1,1
pair-23-case-475,OpenTelemetry Logs,record-layout-recode,diamond4,4,0,6,0,1,0,0,1,1,1
pair-23-case-476,OpenTelemetry Logs,record-layout-recode,diamond4,4,0,3,0,1,0,0,1,1,1
pair-23-case-477,OpenTelemetry Logs,record-layout-recode,diamond4,4,0,0,0,1,0,0,0,1,1
pair-23-case-478,OpenTelemetry Logs,record-layout-recode,diamond4,4,0,0,0,1,0,0,0,1,1
pair-23-case-479,OpenTelemetry Logs,record-layout-recode,diamond4,4,0,3,0,1,0,0,0,1,1
pair-23-case-480,OpenTelemetry Logs,record-layout-recode,diamond4,4,0,0,0,1,1,0,0,1,1
pair-23-case-481,OpenTelemetry Logs,record-layout-recode,diamond4,4,0,0,0,1,1,0,0,1,1
pair-23-case-482,OpenTelemetry Logs,record-layout-recode,diamond4,4,0,0,0,1,0,0,0,1,1
pair-23-case-483,OpenTelemetry Logs,record-layout-recode,diamond4,4,0,0,0,1,0,0,0,1,1
pair-23-case-484,OpenTelemetry Logs,record-layout-recode,diamond4,4,0,0,0,1,0,0,0,1,1
pair-23-case-485,OpenTelemetry Logs,record-layout-recode,diamond4,4,0,0,0,1,0,0,0,1,1
pair-23-case-486,OpenTelemetry Logs,record-layout-recode,diamond4,4,0,0,0,1,0,0,0,1,1
pair-23-case-487,OpenTelemetry Logs,record-layout-recode,diamond4,4,0,0,0,1,0,0,0,1,1
pair-23-case-488,OpenTelemetry Logs,record-layout-recode,diamond4,4,0,0,0,1,1,0,0,1,1
pair-23-case-489,OpenTelemetry Logs,record-layout-recode,diamond4,4,0,0,0,1,0,0,0,1,1
pair-23-case-490,OpenTelemetry Logs,record-layout-recode,diamond4,4,0,0,0,1,0,0,0,1,1
pair-23-case-491,OpenTelemetry Logs,record-layout-recode,diamond4,4,0,0,0,1,0,0,0,1,1
pair-23-case-492,OpenTelemetry Logs,record-layout-recode,diamond4,3,0,0,0,1,0,0,0,1,1
pair-23-case-493,OpenTelemetry Logs,record-layout-recode,diamond4,4,0,3,0,1,1,0,0,1,1
pair-23-case-494,OpenTelemetry Logs,record-layout-recode,diamond4,4,0,0,0,1,0,0,0,1,1
pair-23-case-495,OpenTelemetry Logs,record-layout-recode,diamond4,4,0,21,0,1,1,0,1,1,1
pair-23-case-496,OpenTelemetry Logs,record-layout-recode,diamond4,4,0,3,0,1,0,0,0,1,1
pair-23-case-497,OpenTelemetry Logs,record-layout-recode,diamond4,3,0,0,0,1,0,0,0,1,1
pair-23-case-498,OpenTelemetry Logs,record-layout-recode,diamond4,4,0,17,0,1,0,0,0,1,1
pair-23-case-499,OpenTelemetry Logs,record-layout-recode,diamond4,4,0,0,0,1,0,0,0,1,1
